[0.092s] DEBUG:colcon:Command line arguments: ['/usr/bin/colcon', 'build']
[0.093s] DEBUG:colcon:Parsed command line arguments: Namespace(log_base=None, log_level=None, verb_name='build', build_base='build', install_base='install', merge_install=False, symlink_install=False, test_result_base=None, continue_on_error=False, executor='parallel', parallel_workers=6, event_handlers=None, ignore_user_meta=False, metas=['./colcon.meta'], base_paths=['.'], packages_ignore=None, packages_ignore_regex=None, paths=None, packages_up_to=None, packages_up_to_regex=None, packages_above=None, packages_above_and_dependencies=None, packages_above_depth=None, packages_select_by_dep=None, packages_skip_by_dep=None, packages_skip_up_to=None, packages_select_build_failed=False, packages_skip_build_finished=False, packages_select_test_failures=False, packages_skip_test_passed=False, packages_select=None, packages_skip=None, packages_select_regex=None, packages_skip_regex=None, packages_start=None, packages_end=None, allow_overriding=[], cmake_args=None, cmake_target=None, cmake_target_skip_unavailable=False, cmake_clean_cache=False, cmake_clean_first=False, cmake_force_configure=False, ament_cmake_args=None, catkin_cmake_args=None, catkin_skip_building_tests=False, verb_parser=<colcon_defaults.argument_parser.defaults.DefaultArgumentsDecorator object at 0x7eb87f769db0>, verb_extension=<colcon_core.verb.build.BuildVerb object at 0x7eb87f853220>, main=<bound method BuildVerb.main of <colcon_core.verb.build.BuildVerb object at 0x7eb87f853220>>)
[0.234s] Level 1:colcon.colcon_core.package_discovery:discover_packages(colcon_meta) check parameters
[0.234s] Level 1:colcon.colcon_core.package_discovery:discover_packages(recursive) check parameters
[0.234s] Level 1:colcon.colcon_core.package_discovery:discover_packages(ignore) check parameters
[0.234s] Level 1:colcon.colcon_core.package_discovery:discover_packages(path) check parameters
[0.234s] Level 1:colcon.colcon_core.package_discovery:discover_packages(colcon_meta) discover
[0.234s] Level 1:colcon.colcon_core.package_discovery:discover_packages(recursive) discover
[0.234s] INFO:colcon.colcon_core.package_discovery:Crawling recursively for packages in '/home/dung/ros_ws'
[0.235s] Level 1:colcon.colcon_core.package_identification:_identify(.) by extensions ['ignore', 'ignore_ament_install']
[0.235s] Level 1:colcon.colcon_core.package_identification:_identify(.) by extension 'ignore'
[0.235s] Level 1:colcon.colcon_core.package_identification:_identify(.) by extension 'ignore_ament_install'
[0.235s] Level 1:colcon.colcon_core.package_identification:_identify(.) by extensions ['colcon_pkg']
[0.235s] Level 1:colcon.colcon_core.package_identification:_identify(.) by extension 'colcon_pkg'
[0.235s] Level 1:colcon.colcon_core.package_identification:_identify(.) by extensions ['colcon_meta']
[0.235s] Level 1:colcon.colcon_core.package_identification:_identify(.) by extension 'colcon_meta'
[0.235s] Level 1:colcon.colcon_core.package_identification:_identify(.) by extensions ['ros']
[0.235s] Level 1:colcon.colcon_core.package_identification:_identify(.) by extension 'ros'
[0.243s] Level 1:colcon.colcon_core.package_identification:_identify(.) by extensions ['cmake', 'python']
[0.243s] Level 1:colcon.colcon_core.package_identification:_identify(.) by extension 'cmake'
[0.243s] Level 1:colcon.colcon_core.package_identification:_identify(.) by extension 'python'
[0.243s] Level 1:colcon.colcon_core.package_identification:_identify(.) by extensions ['python_setup_py']
[0.243s] Level 1:colcon.colcon_core.package_identification:_identify(.) by extension 'python_setup_py'
[0.244s] Level 1:colcon.colcon_core.package_identification:_identify(build) by extensions ['ignore', 'ignore_ament_install']
[0.244s] Level 1:colcon.colcon_core.package_identification:_identify(build) by extension 'ignore'
[0.244s] Level 1:colcon.colcon_core.package_identification:_identify(build) ignored
[0.244s] Level 1:colcon.colcon_core.package_identification:_identify(install) by extensions ['ignore', 'ignore_ament_install']
[0.244s] Level 1:colcon.colcon_core.package_identification:_identify(install) by extension 'ignore'
[0.244s] Level 1:colcon.colcon_core.package_identification:_identify(install) ignored
[0.244s] Level 1:colcon.colcon_core.package_identification:_identify(log) by extensions ['ignore', 'ignore_ament_install']
[0.244s] Level 1:colcon.colcon_core.package_identification:_identify(log) by extension 'ignore'
[0.244s] Level 1:colcon.colcon_core.package_identification:_identify(log) ignored
[0.244s] Level 1:colcon.colcon_core.package_identification:_identify(src) by extensions ['ignore', 'ignore_ament_install']
[0.244s] Level 1:colcon.colcon_core.package_identification:_identify(src) by extension 'ignore'
[0.244s] Level 1:colcon.colcon_core.package_identification:_identify(src) by extension 'ignore_ament_install'
[0.244s] Level 1:colcon.colcon_core.package_identification:_identify(src) by extensions ['colcon_pkg']
[0.244s] Level 1:colcon.colcon_core.package_identification:_identify(src) by extension 'colcon_pkg'
[0.244s] Level 1:colcon.colcon_core.package_identification:_identify(src) by extensions ['colcon_meta']
[0.244s] Level 1:colcon.colcon_core.package_identification:_identify(src) by extension 'colcon_meta'
[0.244s] Level 1:colcon.colcon_core.package_identification:_identify(src) by extensions ['ros']
[0.244s] Level 1:colcon.colcon_core.package_identification:_identify(src) by extension 'ros'
[0.244s] Level 1:colcon.colcon_core.package_identification:_identify(src) by extensions ['cmake', 'python']
[0.244s] Level 1:colcon.colcon_core.package_identification:_identify(src) by extension 'cmake'
[0.244s] Level 1:colcon.colcon_core.package_identification:_identify(src) by extension 'python'
[0.244s] Level 1:colcon.colcon_core.package_identification:_identify(src) by extensions ['python_setup_py']
[0.244s] Level 1:colcon.colcon_core.package_identification:_identify(src) by extension 'python_setup_py'
[0.245s] Level 1:colcon.colcon_core.package_identification:_identify(src/keyboard_teleop) by extensions ['ignore', 'ignore_ament_install']
[0.245s] Level 1:colcon.colcon_core.package_identification:_identify(src/keyboard_teleop) by extension 'ignore'
[0.245s] Level 1:colcon.colcon_core.package_identification:_identify(src/keyboard_teleop) by extension 'ignore_ament_install'
[0.245s] Level 1:colcon.colcon_core.package_identification:_identify(src/keyboard_teleop) by extensions ['colcon_pkg']
[0.245s] Level 1:colcon.colcon_core.package_identification:_identify(src/keyboard_teleop) by extension 'colcon_pkg'
[0.245s] Level 1:colcon.colcon_core.package_identification:_identify(src/keyboard_teleop) by extensions ['colcon_meta']
[0.245s] Level 1:colcon.colcon_core.package_identification:_identify(src/keyboard_teleop) by extension 'colcon_meta'
[0.245s] Level 1:colcon.colcon_core.package_identification:_identify(src/keyboard_teleop) by extensions ['ros']
[0.245s] Level 1:colcon.colcon_core.package_identification:_identify(src/keyboard_teleop) by extension 'ros'
[0.247s] DEBUG:colcon.colcon_core.package_identification:Package 'src/keyboard_teleop' with type 'ros.ament_python' and name 'keyboard_teleop'
[0.247s] Level 1:colcon.colcon_core.package_identification:_identify(src/my_robot_bringup) by extensions ['ignore', 'ignore_ament_install']
[0.247s] Level 1:colcon.colcon_core.package_identification:_identify(src/my_robot_bringup) by extension 'ignore'
[0.247s] Level 1:colcon.colcon_core.package_identification:_identify(src/my_robot_bringup) by extension 'ignore_ament_install'
[0.247s] Level 1:colcon.colcon_core.package_identification:_identify(src/my_robot_bringup) by extensions ['colcon_pkg']
[0.247s] Level 1:colcon.colcon_core.package_identification:_identify(src/my_robot_bringup) by extension 'colcon_pkg'
[0.247s] Level 1:colcon.colcon_core.package_identification:_identify(src/my_robot_bringup) by extensions ['colcon_meta']
[0.247s] Level 1:colcon.colcon_core.package_identification:_identify(src/my_robot_bringup) by extension 'colcon_meta'
[0.247s] Level 1:colcon.colcon_core.package_identification:_identify(src/my_robot_bringup) by extensions ['ros']
[0.247s] Level 1:colcon.colcon_core.package_identification:_identify(src/my_robot_bringup) by extension 'ros'
[0.247s] DEBUG:colcon.colcon_core.package_identification:Package 'src/my_robot_bringup' with type 'ros.ament_cmake' and name 'my_robot_bringup'
[0.247s] Level 1:colcon.colcon_core.package_identification:_identify(src/my_robot_description) by extensions ['ignore', 'ignore_ament_install']
[0.247s] Level 1:colcon.colcon_core.package_identification:_identify(src/my_robot_description) by extension 'ignore'
[0.248s] Level 1:colcon.colcon_core.package_identification:_identify(src/my_robot_description) by extension 'ignore_ament_install'
[0.248s] Level 1:colcon.colcon_core.package_identification:_identify(src/my_robot_description) by extensions ['colcon_pkg']
[0.248s] Level 1:colcon.colcon_core.package_identification:_identify(src/my_robot_description) by extension 'colcon_pkg'
[0.248s] Level 1:colcon.colcon_core.package_identification:_identify(src/my_robot_description) by extensions ['colcon_meta']
[0.248s] Level 1:colcon.colcon_core.package_identification:_identify(src/my_robot_description) by extension 'colcon_meta'
[0.248s] Level 1:colcon.colcon_core.package_identification:_identify(src/my_robot_description) by extensions ['ros']
[0.248s] Level 1:colcon.colcon_core.package_identification:_identify(src/my_robot_description) by extension 'ros'
[0.249s] DEBUG:colcon.colcon_core.package_identification:Package 'src/my_robot_description' with type 'ros.ament_cmake' and name 'my_robot_description'
[0.249s] Level 1:colcon.colcon_core.package_identification:_identify(src/my_robot_firmware) by extensions ['ignore', 'ignore_ament_install']
[0.250s] Level 1:colcon.colcon_core.package_identification:_identify(src/my_robot_firmware) by extension 'ignore'
[0.250s] Level 1:colcon.colcon_core.package_identification:_identify(src/my_robot_firmware) by extension 'ignore_ament_install'
[0.250s] Level 1:colcon.colcon_core.package_identification:_identify(src/my_robot_firmware) by extensions ['colcon_pkg']
[0.250s] Level 1:colcon.colcon_core.package_identification:_identify(src/my_robot_firmware) by extension 'colcon_pkg'
[0.250s] Level 1:colcon.colcon_core.package_identification:_identify(src/my_robot_firmware) by extensions ['colcon_meta']
[0.250s] Level 1:colcon.colcon_core.package_identification:_identify(src/my_robot_firmware) by extension 'colcon_meta'
[0.250s] Level 1:colcon.colcon_core.package_identification:_identify(src/my_robot_firmware) by extensions ['ros']
[0.250s] Level 1:colcon.colcon_core.package_identification:_identify(src/my_robot_firmware) by extension 'ros'
[0.250s] DEBUG:colcon.colcon_core.package_identification:Package 'src/my_robot_firmware' with type 'ros.ament_cmake' and name 'my_robot_firmware'
[0.250s] Level 1:colcon.colcon_core.package_identification:_identify(src/my_robot_localization) by extensions ['ignore', 'ignore_ament_install']
[0.250s] Level 1:colcon.colcon_core.package_identification:_identify(src/my_robot_localization) by extension 'ignore'
[0.250s] Level 1:colcon.colcon_core.package_identification:_identify(src/my_robot_localization) by extension 'ignore_ament_install'
[0.250s] Level 1:colcon.colcon_core.package_identification:_identify(src/my_robot_localization) by extensions ['colcon_pkg']
[0.250s] Level 1:colcon.colcon_core.package_identification:_identify(src/my_robot_localization) by extension 'colcon_pkg'
[0.250s] Level 1:colcon.colcon_core.package_identification:_identify(src/my_robot_localization) by extensions ['colcon_meta']
[0.251s] Level 1:colcon.colcon_core.package_identification:_identify(src/my_robot_localization) by extension 'colcon_meta'
[0.251s] Level 1:colcon.colcon_core.package_identification:_identify(src/my_robot_localization) by extensions ['ros']
[0.251s] Level 1:colcon.colcon_core.package_identification:_identify(src/my_robot_localization) by extension 'ros'
[0.251s] DEBUG:colcon.colcon_core.package_identification:Package 'src/my_robot_localization' with type 'ros.ament_cmake' and name 'my_robot_localization'
[0.251s] Level 1:colcon.colcon_core.package_identification:_identify(src/my_robot_mapping) by extensions ['ignore', 'ignore_ament_install']
[0.251s] Level 1:colcon.colcon_core.package_identification:_identify(src/my_robot_mapping) by extension 'ignore'
[0.251s] Level 1:colcon.colcon_core.package_identification:_identify(src/my_robot_mapping) by extension 'ignore_ament_install'
[0.251s] Level 1:colcon.colcon_core.package_identification:_identify(src/my_robot_mapping) by extensions ['colcon_pkg']
[0.251s] Level 1:colcon.colcon_core.package_identification:_identify(src/my_robot_mapping) by extension 'colcon_pkg'
[0.251s] Level 1:colcon.colcon_core.package_identification:_identify(src/my_robot_mapping) by extensions ['colcon_meta']
[0.251s] Level 1:colcon.colcon_core.package_identification:_identify(src/my_robot_mapping) by extension 'colcon_meta'
[0.251s] Level 1:colcon.colcon_core.package_identification:_identify(src/my_robot_mapping) by extensions ['ros']
[0.251s] Level 1:colcon.colcon_core.package_identification:_identify(src/my_robot_mapping) by extension 'ros'
[0.252s] DEBUG:colcon.colcon_core.package_identification:Package 'src/my_robot_mapping' with type 'ros.ament_cmake' and name 'my_robot_mapping'
[0.252s] Level 1:colcon.colcon_core.package_identification:_identify(src/my_robot_motion) by extensions ['ignore', 'ignore_ament_install']
[0.252s] Level 1:colcon.colcon_core.package_identification:_identify(src/my_robot_motion) by extension 'ignore'
[0.252s] Level 1:colcon.colcon_core.package_identification:_identify(src/my_robot_motion) by extension 'ignore_ament_install'
[0.252s] Level 1:colcon.colcon_core.package_identification:_identify(src/my_robot_motion) by extensions ['colcon_pkg']
[0.252s] Level 1:colcon.colcon_core.package_identification:_identify(src/my_robot_motion) by extension 'colcon_pkg'
[0.252s] Level 1:colcon.colcon_core.package_identification:_identify(src/my_robot_motion) by extensions ['colcon_meta']
[0.252s] Level 1:colcon.colcon_core.package_identification:_identify(src/my_robot_motion) by extension 'colcon_meta'
[0.253s] Level 1:colcon.colcon_core.package_identification:_identify(src/my_robot_motion) by extensions ['ros']
[0.253s] Level 1:colcon.colcon_core.package_identification:_identify(src/my_robot_motion) by extension 'ros'
[0.253s] DEBUG:colcon.colcon_core.package_identification:Package 'src/my_robot_motion' with type 'ros.ament_cmake' and name 'my_robot_motion'
[0.253s] Level 1:colcon.colcon_core.package_identification:_identify(src/my_robot_msgs) by extensions ['ignore', 'ignore_ament_install']
[0.253s] Level 1:colcon.colcon_core.package_identification:_identify(src/my_robot_msgs) by extension 'ignore'
[0.254s] Level 1:colcon.colcon_core.package_identification:_identify(src/my_robot_msgs) by extension 'ignore_ament_install'
[0.254s] Level 1:colcon.colcon_core.package_identification:_identify(src/my_robot_msgs) by extensions ['colcon_pkg']
[0.254s] Level 1:colcon.colcon_core.package_identification:_identify(src/my_robot_msgs) by extension 'colcon_pkg'
[0.254s] Level 1:colcon.colcon_core.package_identification:_identify(src/my_robot_msgs) by extensions ['colcon_meta']
[0.254s] Level 1:colcon.colcon_core.package_identification:_identify(src/my_robot_msgs) by extension 'colcon_meta'
[0.254s] Level 1:colcon.colcon_core.package_identification:_identify(src/my_robot_msgs) by extensions ['ros']
[0.254s] Level 1:colcon.colcon_core.package_identification:_identify(src/my_robot_msgs) by extension 'ros'
[0.254s] DEBUG:colcon.colcon_core.package_identification:Package 'src/my_robot_msgs' with type 'ros.ament_cmake' and name 'my_robot_msgs'
[0.254s] Level 1:colcon.colcon_core.package_identification:_identify(src/my_robot_navi) by extensions ['ignore', 'ignore_ament_install']
[0.254s] Level 1:colcon.colcon_core.package_identification:_identify(src/my_robot_navi) by extension 'ignore'
[0.254s] Level 1:colcon.colcon_core.package_identification:_identify(src/my_robot_navi) by extension 'ignore_ament_install'
[0.254s] Level 1:colcon.colcon_core.package_identification:_identify(src/my_robot_navi) by extensions ['colcon_pkg']
[0.254s] Level 1:colcon.colcon_core.package_identification:_identify(src/my_robot_navi) by extension 'colcon_pkg'
[0.254s] Level 1:colcon.colcon_core.package_identification:_identify(src/my_robot_navi) by extensions ['colcon_meta']
[0.254s] Level 1:colcon.colcon_core.package_identification:_identify(src/my_robot_navi) by extension 'colcon_meta'
[0.254s] Level 1:colcon.colcon_core.package_identification:_identify(src/my_robot_navi) by extensions ['ros']
[0.254s] Level 1:colcon.colcon_core.package_identification:_identify(src/my_robot_navi) by extension 'ros'
[0.255s] DEBUG:colcon.colcon_core.package_identification:Package 'src/my_robot_navi' with type 'ros.ament_cmake' and name 'my_robot_navi'
[0.255s] Level 1:colcon.colcon_core.package_identification:_identify(src/my_robot_planning) by extensions ['ignore', 'ignore_ament_install']
[0.255s] Level 1:colcon.colcon_core.package_identification:_identify(src/my_robot_planning) by extension 'ignore'
[0.255s] Level 1:colcon.colcon_core.package_identification:_identify(src/my_robot_planning) by extension 'ignore_ament_install'
[0.255s] Level 1:colcon.colcon_core.package_identification:_identify(src/my_robot_planning) by extensions ['colcon_pkg']
[0.255s] Level 1:colcon.colcon_core.package_identification:_identify(src/my_robot_planning) by extension 'colcon_pkg'
[0.255s] Level 1:colcon.colcon_core.package_identification:_identify(src/my_robot_planning) by extensions ['colcon_meta']
[0.255s] Level 1:colcon.colcon_core.package_identification:_identify(src/my_robot_planning) by extension 'colcon_meta'
[0.255s] Level 1:colcon.colcon_core.package_identification:_identify(src/my_robot_planning) by extensions ['ros']
[0.255s] Level 1:colcon.colcon_core.package_identification:_identify(src/my_robot_planning) by extension 'ros'
[0.256s] DEBUG:colcon.colcon_core.package_identification:Package 'src/my_robot_planning' with type 'ros.ament_cmake' and name 'my_robot_planning'
[0.256s] Level 1:colcon.colcon_core.package_identification:_identify(src/my_robot_utils) by extensions ['ignore', 'ignore_ament_install']
[0.256s] Level 1:colcon.colcon_core.package_identification:_identify(src/my_robot_utils) by extension 'ignore'
[0.256s] Level 1:colcon.colcon_core.package_identification:_identify(src/my_robot_utils) by extension 'ignore_ament_install'
[0.256s] Level 1:colcon.colcon_core.package_identification:_identify(src/my_robot_utils) by extensions ['colcon_pkg']
[0.256s] Level 1:colcon.colcon_core.package_identification:_identify(src/my_robot_utils) by extension 'colcon_pkg'
[0.256s] Level 1:colcon.colcon_core.package_identification:_identify(src/my_robot_utils) by extensions ['colcon_meta']
[0.256s] Level 1:colcon.colcon_core.package_identification:_identify(src/my_robot_utils) by extension 'colcon_meta'
[0.256s] Level 1:colcon.colcon_core.package_identification:_identify(src/my_robot_utils) by extensions ['ros']
[0.256s] Level 1:colcon.colcon_core.package_identification:_identify(src/my_robot_utils) by extension 'ros'
[0.257s] DEBUG:colcon.colcon_core.package_identification:Package 'src/my_robot_utils' with type 'ros.ament_cmake' and name 'my_robot_utils'
[0.257s] Level 1:colcon.colcon_core.package_identification:_identify(src/myrobot_controller) by extensions ['ignore', 'ignore_ament_install']
[0.257s] Level 1:colcon.colcon_core.package_identification:_identify(src/myrobot_controller) by extension 'ignore'
[0.257s] Level 1:colcon.colcon_core.package_identification:_identify(src/myrobot_controller) by extension 'ignore_ament_install'
[0.257s] Level 1:colcon.colcon_core.package_identification:_identify(src/myrobot_controller) by extensions ['colcon_pkg']
[0.257s] Level 1:colcon.colcon_core.package_identification:_identify(src/myrobot_controller) by extension 'colcon_pkg'
[0.257s] Level 1:colcon.colcon_core.package_identification:_identify(src/myrobot_controller) by extensions ['colcon_meta']
[0.257s] Level 1:colcon.colcon_core.package_identification:_identify(src/myrobot_controller) by extension 'colcon_meta'
[0.257s] Level 1:colcon.colcon_core.package_identification:_identify(src/myrobot_controller) by extensions ['ros']
[0.257s] Level 1:colcon.colcon_core.package_identification:_identify(src/myrobot_controller) by extension 'ros'
[0.258s] DEBUG:colcon.colcon_core.package_identification:Package 'src/myrobot_controller' with type 'ros.ament_cmake' and name 'myrobot_controller'
[0.258s] Level 1:colcon.colcon_core.package_discovery:discover_packages(recursive) using defaults
[0.258s] Level 1:colcon.colcon_core.package_discovery:discover_packages(ignore) discover
[0.258s] Level 1:colcon.colcon_core.package_discovery:discover_packages(ignore) using defaults
[0.258s] Level 1:colcon.colcon_core.package_discovery:discover_packages(path) discover
[0.258s] Level 1:colcon.colcon_core.package_discovery:discover_packages(path) using defaults
[0.292s] Level 1:colcon.colcon_core.package_discovery:discover_packages(prefix_path) check parameters
[0.292s] Level 1:colcon.colcon_core.package_discovery:discover_packages(prefix_path) discover
[0.294s] DEBUG:colcon.colcon_installed_package_information.package_discovery:Found 12 installed packages in /home/dung/ros_ws/install
[0.295s] DEBUG:colcon.colcon_installed_package_information.package_discovery:Found 414 installed packages in /opt/ros/humble
[0.296s] Level 1:colcon.colcon_core.package_discovery:discover_packages(prefix_path) using defaults
[0.330s] Level 5:colcon.colcon_core.verb:set package 'my_robot_description' build argument 'cmake_args' from command line to 'None'
[0.330s] Level 5:colcon.colcon_core.verb:set package 'my_robot_description' build argument 'cmake_target' from command line to 'None'
[0.330s] Level 5:colcon.colcon_core.verb:set package 'my_robot_description' build argument 'cmake_target_skip_unavailable' from command line to 'False'
[0.330s] Level 5:colcon.colcon_core.verb:set package 'my_robot_description' build argument 'cmake_clean_cache' from command line to 'False'
[0.330s] Level 5:colcon.colcon_core.verb:set package 'my_robot_description' build argument 'cmake_clean_first' from command line to 'False'
[0.330s] Level 5:colcon.colcon_core.verb:set package 'my_robot_description' build argument 'cmake_force_configure' from command line to 'False'
[0.330s] Level 5:colcon.colcon_core.verb:set package 'my_robot_description' build argument 'ament_cmake_args' from command line to 'None'
[0.330s] Level 5:colcon.colcon_core.verb:set package 'my_robot_description' build argument 'catkin_cmake_args' from command line to 'None'
[0.330s] Level 5:colcon.colcon_core.verb:set package 'my_robot_description' build argument 'catkin_skip_building_tests' from command line to 'False'
[0.330s] DEBUG:colcon.colcon_core.verb:Building package 'my_robot_description' with the following arguments: {'ament_cmake_args': None, 'build_base': '/home/dung/ros_ws/build/my_robot_description', 'catkin_cmake_args': None, 'catkin_skip_building_tests': False, 'cmake_args': None, 'cmake_clean_cache': False, 'cmake_clean_first': False, 'cmake_force_configure': False, 'cmake_target': None, 'cmake_target_skip_unavailable': False, 'install_base': '/home/dung/ros_ws/install/my_robot_description', 'merge_install': False, 'path': '/home/dung/ros_ws/src/my_robot_description', 'symlink_install': False, 'test_result_base': None}
[0.331s] Level 5:colcon.colcon_core.verb:set package 'my_robot_firmware' build argument 'cmake_args' from command line to 'None'
[0.331s] Level 5:colcon.colcon_core.verb:set package 'my_robot_firmware' build argument 'cmake_target' from command line to 'None'
[0.331s] Level 5:colcon.colcon_core.verb:set package 'my_robot_firmware' build argument 'cmake_target_skip_unavailable' from command line to 'False'
[0.331s] Level 5:colcon.colcon_core.verb:set package 'my_robot_firmware' build argument 'cmake_clean_cache' from command line to 'False'
[0.331s] Level 5:colcon.colcon_core.verb:set package 'my_robot_firmware' build argument 'cmake_clean_first' from command line to 'False'
[0.331s] Level 5:colcon.colcon_core.verb:set package 'my_robot_firmware' build argument 'cmake_force_configure' from command line to 'False'
[0.331s] Level 5:colcon.colcon_core.verb:set package 'my_robot_firmware' build argument 'ament_cmake_args' from command line to 'None'
[0.331s] Level 5:colcon.colcon_core.verb:set package 'my_robot_firmware' build argument 'catkin_cmake_args' from command line to 'None'
[0.331s] Level 5:colcon.colcon_core.verb:set package 'my_robot_firmware' build argument 'catkin_skip_building_tests' from command line to 'False'
[0.331s] DEBUG:colcon.colcon_core.verb:Building package 'my_robot_firmware' with the following arguments: {'ament_cmake_args': None, 'build_base': '/home/dung/ros_ws/build/my_robot_firmware', 'catkin_cmake_args': None, 'catkin_skip_building_tests': False, 'cmake_args': None, 'cmake_clean_cache': False, 'cmake_clean_first': False, 'cmake_force_configure': False, 'cmake_target': None, 'cmake_target_skip_unavailable': False, 'install_base': '/home/dung/ros_ws/install/my_robot_firmware', 'merge_install': False, 'path': '/home/dung/ros_ws/src/my_robot_firmware', 'symlink_install': False, 'test_result_base': None}
[0.331s] Level 5:colcon.colcon_core.verb:set package 'my_robot_localization' build argument 'cmake_args' from command line to 'None'
[0.331s] Level 5:colcon.colcon_core.verb:set package 'my_robot_localization' build argument 'cmake_target' from command line to 'None'
[0.331s] Level 5:colcon.colcon_core.verb:set package 'my_robot_localization' build argument 'cmake_target_skip_unavailable' from command line to 'False'
[0.331s] Level 5:colcon.colcon_core.verb:set package 'my_robot_localization' build argument 'cmake_clean_cache' from command line to 'False'
[0.331s] Level 5:colcon.colcon_core.verb:set package 'my_robot_localization' build argument 'cmake_clean_first' from command line to 'False'
[0.331s] Level 5:colcon.colcon_core.verb:set package 'my_robot_localization' build argument 'cmake_force_configure' from command line to 'False'
[0.331s] Level 5:colcon.colcon_core.verb:set package 'my_robot_localization' build argument 'ament_cmake_args' from command line to 'None'
[0.331s] Level 5:colcon.colcon_core.verb:set package 'my_robot_localization' build argument 'catkin_cmake_args' from command line to 'None'
[0.331s] Level 5:colcon.colcon_core.verb:set package 'my_robot_localization' build argument 'catkin_skip_building_tests' from command line to 'False'
[0.331s] DEBUG:colcon.colcon_core.verb:Building package 'my_robot_localization' with the following arguments: {'ament_cmake_args': None, 'build_base': '/home/dung/ros_ws/build/my_robot_localization', 'catkin_cmake_args': None, 'catkin_skip_building_tests': False, 'cmake_args': None, 'cmake_clean_cache': False, 'cmake_clean_first': False, 'cmake_force_configure': False, 'cmake_target': None, 'cmake_target_skip_unavailable': False, 'install_base': '/home/dung/ros_ws/install/my_robot_localization', 'merge_install': False, 'path': '/home/dung/ros_ws/src/my_robot_localization', 'symlink_install': False, 'test_result_base': None}
[0.332s] Level 5:colcon.colcon_core.verb:set package 'my_robot_mapping' build argument 'cmake_args' from command line to 'None'
[0.332s] Level 5:colcon.colcon_core.verb:set package 'my_robot_mapping' build argument 'cmake_target' from command line to 'None'
[0.332s] Level 5:colcon.colcon_core.verb:set package 'my_robot_mapping' build argument 'cmake_target_skip_unavailable' from command line to 'False'
[0.332s] Level 5:colcon.colcon_core.verb:set package 'my_robot_mapping' build argument 'cmake_clean_cache' from command line to 'False'
[0.332s] Level 5:colcon.colcon_core.verb:set package 'my_robot_mapping' build argument 'cmake_clean_first' from command line to 'False'
[0.332s] Level 5:colcon.colcon_core.verb:set package 'my_robot_mapping' build argument 'cmake_force_configure' from command line to 'False'
[0.332s] Level 5:colcon.colcon_core.verb:set package 'my_robot_mapping' build argument 'ament_cmake_args' from command line to 'None'
[0.332s] Level 5:colcon.colcon_core.verb:set package 'my_robot_mapping' build argument 'catkin_cmake_args' from command line to 'None'
[0.332s] Level 5:colcon.colcon_core.verb:set package 'my_robot_mapping' build argument 'catkin_skip_building_tests' from command line to 'False'
[0.332s] DEBUG:colcon.colcon_core.verb:Building package 'my_robot_mapping' with the following arguments: {'ament_cmake_args': None, 'build_base': '/home/dung/ros_ws/build/my_robot_mapping', 'catkin_cmake_args': None, 'catkin_skip_building_tests': False, 'cmake_args': None, 'cmake_clean_cache': False, 'cmake_clean_first': False, 'cmake_force_configure': False, 'cmake_target': None, 'cmake_target_skip_unavailable': False, 'install_base': '/home/dung/ros_ws/install/my_robot_mapping', 'merge_install': False, 'path': '/home/dung/ros_ws/src/my_robot_mapping', 'symlink_install': False, 'test_result_base': None}
[0.332s] Level 5:colcon.colcon_core.verb:set package 'my_robot_motion' build argument 'cmake_args' from command line to 'None'
[0.332s] Level 5:colcon.colcon_core.verb:set package 'my_robot_motion' build argument 'cmake_target' from command line to 'None'
[0.332s] Level 5:colcon.colcon_core.verb:set package 'my_robot_motion' build argument 'cmake_target_skip_unavailable' from command line to 'False'
[0.332s] Level 5:colcon.colcon_core.verb:set package 'my_robot_motion' build argument 'cmake_clean_cache' from command line to 'False'
[0.332s] Level 5:colcon.colcon_core.verb:set package 'my_robot_motion' build argument 'cmake_clean_first' from command line to 'False'
[0.332s] Level 5:colcon.colcon_core.verb:set package 'my_robot_motion' build argument 'cmake_force_configure' from command line to 'False'
[0.332s] Level 5:colcon.colcon_core.verb:set package 'my_robot_motion' build argument 'ament_cmake_args' from command line to 'None'
[0.332s] Level 5:colcon.colcon_core.verb:set package 'my_robot_motion' build argument 'catkin_cmake_args' from command line to 'None'
[0.332s] Level 5:colcon.colcon_core.verb:set package 'my_robot_motion' build argument 'catkin_skip_building_tests' from command line to 'False'
[0.332s] DEBUG:colcon.colcon_core.verb:Building package 'my_robot_motion' with the following arguments: {'ament_cmake_args': None, 'build_base': '/home/dung/ros_ws/build/my_robot_motion', 'catkin_cmake_args': None, 'catkin_skip_building_tests': False, 'cmake_args': None, 'cmake_clean_cache': False, 'cmake_clean_first': False, 'cmake_force_configure': False, 'cmake_target': None, 'cmake_target_skip_unavailable': False, 'install_base': '/home/dung/ros_ws/install/my_robot_motion', 'merge_install': False, 'path': '/home/dung/ros_ws/src/my_robot_motion', 'symlink_install': False, 'test_result_base': None}
[0.332s] Level 5:colcon.colcon_core.verb:set package 'my_robot_msgs' build argument 'cmake_args' from command line to 'None'
[0.332s] Level 5:colcon.colcon_core.verb:set package 'my_robot_msgs' build argument 'cmake_target' from command line to 'None'
[0.333s] Level 5:colcon.colcon_core.verb:set package 'my_robot_msgs' build argument 'cmake_target_skip_unavailable' from command line to 'False'
[0.333s] Level 5:colcon.colcon_core.verb:set package 'my_robot_msgs' build argument 'cmake_clean_cache' from command line to 'False'
[0.333s] Level 5:colcon.colcon_core.verb:set package 'my_robot_msgs' build argument 'cmake_clean_first' from command line to 'False'
[0.333s] Level 5:colcon.colcon_core.verb:set package 'my_robot_msgs' build argument 'cmake_force_configure' from command line to 'False'
[0.333s] Level 5:colcon.colcon_core.verb:set package 'my_robot_msgs' build argument 'ament_cmake_args' from command line to 'None'
[0.333s] Level 5:colcon.colcon_core.verb:set package 'my_robot_msgs' build argument 'catkin_cmake_args' from command line to 'None'
[0.333s] Level 5:colcon.colcon_core.verb:set package 'my_robot_msgs' build argument 'catkin_skip_building_tests' from command line to 'False'
[0.333s] DEBUG:colcon.colcon_core.verb:Building package 'my_robot_msgs' with the following arguments: {'ament_cmake_args': None, 'build_base': '/home/dung/ros_ws/build/my_robot_msgs', 'catkin_cmake_args': None, 'catkin_skip_building_tests': False, 'cmake_args': None, 'cmake_clean_cache': False, 'cmake_clean_first': False, 'cmake_force_configure': False, 'cmake_target': None, 'cmake_target_skip_unavailable': False, 'install_base': '/home/dung/ros_ws/install/my_robot_msgs', 'merge_install': False, 'path': '/home/dung/ros_ws/src/my_robot_msgs', 'symlink_install': False, 'test_result_base': None}
[0.333s] Level 5:colcon.colcon_core.verb:set package 'my_robot_navi' build argument 'cmake_args' from command line to 'None'
[0.333s] Level 5:colcon.colcon_core.verb:set package 'my_robot_navi' build argument 'cmake_target' from command line to 'None'
[0.333s] Level 5:colcon.colcon_core.verb:set package 'my_robot_navi' build argument 'cmake_target_skip_unavailable' from command line to 'False'
[0.333s] Level 5:colcon.colcon_core.verb:set package 'my_robot_navi' build argument 'cmake_clean_cache' from command line to 'False'
[0.333s] Level 5:colcon.colcon_core.verb:set package 'my_robot_navi' build argument 'cmake_clean_first' from command line to 'False'
[0.333s] Level 5:colcon.colcon_core.verb:set package 'my_robot_navi' build argument 'cmake_force_configure' from command line to 'False'
[0.333s] Level 5:colcon.colcon_core.verb:set package 'my_robot_navi' build argument 'ament_cmake_args' from command line to 'None'
[0.333s] Level 5:colcon.colcon_core.verb:set package 'my_robot_navi' build argument 'catkin_cmake_args' from command line to 'None'
[0.333s] Level 5:colcon.colcon_core.verb:set package 'my_robot_navi' build argument 'catkin_skip_building_tests' from command line to 'False'
[0.333s] DEBUG:colcon.colcon_core.verb:Building package 'my_robot_navi' with the following arguments: {'ament_cmake_args': None, 'build_base': '/home/dung/ros_ws/build/my_robot_navi', 'catkin_cmake_args': None, 'catkin_skip_building_tests': False, 'cmake_args': None, 'cmake_clean_cache': False, 'cmake_clean_first': False, 'cmake_force_configure': False, 'cmake_target': None, 'cmake_target_skip_unavailable': False, 'install_base': '/home/dung/ros_ws/install/my_robot_navi', 'merge_install': False, 'path': '/home/dung/ros_ws/src/my_robot_navi', 'symlink_install': False, 'test_result_base': None}
[0.333s] Level 5:colcon.colcon_core.verb:set package 'my_robot_planning' build argument 'cmake_args' from command line to 'None'
[0.333s] Level 5:colcon.colcon_core.verb:set package 'my_robot_planning' build argument 'cmake_target' from command line to 'None'
[0.333s] Level 5:colcon.colcon_core.verb:set package 'my_robot_planning' build argument 'cmake_target_skip_unavailable' from command line to 'False'
[0.333s] Level 5:colcon.colcon_core.verb:set package 'my_robot_planning' build argument 'cmake_clean_cache' from command line to 'False'
[0.333s] Level 5:colcon.colcon_core.verb:set package 'my_robot_planning' build argument 'cmake_clean_first' from command line to 'False'
[0.333s] Level 5:colcon.colcon_core.verb:set package 'my_robot_planning' build argument 'cmake_force_configure' from command line to 'False'
[0.333s] Level 5:colcon.colcon_core.verb:set package 'my_robot_planning' build argument 'ament_cmake_args' from command line to 'None'
[0.333s] Level 5:colcon.colcon_core.verb:set package 'my_robot_planning' build argument 'catkin_cmake_args' from command line to 'None'
[0.333s] Level 5:colcon.colcon_core.verb:set package 'my_robot_planning' build argument 'catkin_skip_building_tests' from command line to 'False'
[0.333s] DEBUG:colcon.colcon_core.verb:Building package 'my_robot_planning' with the following arguments: {'ament_cmake_args': None, 'build_base': '/home/dung/ros_ws/build/my_robot_planning', 'catkin_cmake_args': None, 'catkin_skip_building_tests': False, 'cmake_args': None, 'cmake_clean_cache': False, 'cmake_clean_first': False, 'cmake_force_configure': False, 'cmake_target': None, 'cmake_target_skip_unavailable': False, 'install_base': '/home/dung/ros_ws/install/my_robot_planning', 'merge_install': False, 'path': '/home/dung/ros_ws/src/my_robot_planning', 'symlink_install': False, 'test_result_base': None}
[0.334s] Level 5:colcon.colcon_core.verb:set package 'my_robot_utils' build argument 'cmake_args' from command line to 'None'
[0.334s] Level 5:colcon.colcon_core.verb:set package 'my_robot_utils' build argument 'cmake_target' from command line to 'None'
[0.334s] Level 5:colcon.colcon_core.verb:set package 'my_robot_utils' build argument 'cmake_target_skip_unavailable' from command line to 'False'
[0.334s] Level 5:colcon.colcon_core.verb:set package 'my_robot_utils' build argument 'cmake_clean_cache' from command line to 'False'
[0.334s] Level 5:colcon.colcon_core.verb:set package 'my_robot_utils' build argument 'cmake_clean_first' from command line to 'False'
[0.334s] Level 5:colcon.colcon_core.verb:set package 'my_robot_utils' build argument 'cmake_force_configure' from command line to 'False'
[0.334s] Level 5:colcon.colcon_core.verb:set package 'my_robot_utils' build argument 'ament_cmake_args' from command line to 'None'
[0.334s] Level 5:colcon.colcon_core.verb:set package 'my_robot_utils' build argument 'catkin_cmake_args' from command line to 'None'
[0.334s] Level 5:colcon.colcon_core.verb:set package 'my_robot_utils' build argument 'catkin_skip_building_tests' from command line to 'False'
[0.334s] DEBUG:colcon.colcon_core.verb:Building package 'my_robot_utils' with the following arguments: {'ament_cmake_args': None, 'build_base': '/home/dung/ros_ws/build/my_robot_utils', 'catkin_cmake_args': None, 'catkin_skip_building_tests': False, 'cmake_args': None, 'cmake_clean_cache': False, 'cmake_clean_first': False, 'cmake_force_configure': False, 'cmake_target': None, 'cmake_target_skip_unavailable': False, 'install_base': '/home/dung/ros_ws/install/my_robot_utils', 'merge_install': False, 'path': '/home/dung/ros_ws/src/my_robot_utils', 'symlink_install': False, 'test_result_base': None}
[0.334s] Level 5:colcon.colcon_core.verb:set package 'myrobot_controller' build argument 'cmake_args' from command line to 'None'
[0.334s] Level 5:colcon.colcon_core.verb:set package 'myrobot_controller' build argument 'cmake_target' from command line to 'None'
[0.334s] Level 5:colcon.colcon_core.verb:set package 'myrobot_controller' build argument 'cmake_target_skip_unavailable' from command line to 'False'
[0.334s] Level 5:colcon.colcon_core.verb:set package 'myrobot_controller' build argument 'cmake_clean_cache' from command line to 'False'
[0.334s] Level 5:colcon.colcon_core.verb:set package 'myrobot_controller' build argument 'cmake_clean_first' from command line to 'False'
[0.334s] Level 5:colcon.colcon_core.verb:set package 'myrobot_controller' build argument 'cmake_force_configure' from command line to 'False'
[0.334s] Level 5:colcon.colcon_core.verb:set package 'myrobot_controller' build argument 'ament_cmake_args' from command line to 'None'
[0.334s] Level 5:colcon.colcon_core.verb:set package 'myrobot_controller' build argument 'catkin_cmake_args' from command line to 'None'
[0.334s] Level 5:colcon.colcon_core.verb:set package 'myrobot_controller' build argument 'catkin_skip_building_tests' from command line to 'False'
[0.334s] DEBUG:colcon.colcon_core.verb:Building package 'myrobot_controller' with the following arguments: {'ament_cmake_args': None, 'build_base': '/home/dung/ros_ws/build/myrobot_controller', 'catkin_cmake_args': None, 'catkin_skip_building_tests': False, 'cmake_args': None, 'cmake_clean_cache': False, 'cmake_clean_first': False, 'cmake_force_configure': False, 'cmake_target': None, 'cmake_target_skip_unavailable': False, 'install_base': '/home/dung/ros_ws/install/myrobot_controller', 'merge_install': False, 'path': '/home/dung/ros_ws/src/myrobot_controller', 'symlink_install': False, 'test_result_base': None}
[0.335s] Level 5:colcon.colcon_core.verb:set package 'keyboard_teleop' build argument 'cmake_args' from command line to 'None'
[0.335s] Level 5:colcon.colcon_core.verb:set package 'keyboard_teleop' build argument 'cmake_target' from command line to 'None'
[0.335s] Level 5:colcon.colcon_core.verb:set package 'keyboard_teleop' build argument 'cmake_target_skip_unavailable' from command line to 'False'
[0.335s] Level 5:colcon.colcon_core.verb:set package 'keyboard_teleop' build argument 'cmake_clean_cache' from command line to 'False'
[0.335s] Level 5:colcon.colcon_core.verb:set package 'keyboard_teleop' build argument 'cmake_clean_first' from command line to 'False'
[0.335s] Level 5:colcon.colcon_core.verb:set package 'keyboard_teleop' build argument 'cmake_force_configure' from command line to 'False'
[0.335s] Level 5:colcon.colcon_core.verb:set package 'keyboard_teleop' build argument 'ament_cmake_args' from command line to 'None'
[0.335s] Level 5:colcon.colcon_core.verb:set package 'keyboard_teleop' build argument 'catkin_cmake_args' from command line to 'None'
[0.335s] Level 5:colcon.colcon_core.verb:set package 'keyboard_teleop' build argument 'catkin_skip_building_tests' from command line to 'False'
[0.335s] DEBUG:colcon.colcon_core.verb:Building package 'keyboard_teleop' with the following arguments: {'ament_cmake_args': None, 'build_base': '/home/dung/ros_ws/build/keyboard_teleop', 'catkin_cmake_args': None, 'catkin_skip_building_tests': False, 'cmake_args': None, 'cmake_clean_cache': False, 'cmake_clean_first': False, 'cmake_force_configure': False, 'cmake_target': None, 'cmake_target_skip_unavailable': False, 'install_base': '/home/dung/ros_ws/install/keyboard_teleop', 'merge_install': False, 'path': '/home/dung/ros_ws/src/keyboard_teleop', 'symlink_install': False, 'test_result_base': None}
[0.335s] Level 5:colcon.colcon_core.verb:set package 'my_robot_bringup' build argument 'cmake_args' from command line to 'None'
[0.335s] Level 5:colcon.colcon_core.verb:set package 'my_robot_bringup' build argument 'cmake_target' from command line to 'None'
[0.335s] Level 5:colcon.colcon_core.verb:set package 'my_robot_bringup' build argument 'cmake_target_skip_unavailable' from command line to 'False'
[0.335s] Level 5:colcon.colcon_core.verb:set package 'my_robot_bringup' build argument 'cmake_clean_cache' from command line to 'False'
[0.335s] Level 5:colcon.colcon_core.verb:set package 'my_robot_bringup' build argument 'cmake_clean_first' from command line to 'False'
[0.335s] Level 5:colcon.colcon_core.verb:set package 'my_robot_bringup' build argument 'cmake_force_configure' from command line to 'False'
[0.335s] Level 5:colcon.colcon_core.verb:set package 'my_robot_bringup' build argument 'ament_cmake_args' from command line to 'None'
[0.335s] Level 5:colcon.colcon_core.verb:set package 'my_robot_bringup' build argument 'catkin_cmake_args' from command line to 'None'
[0.335s] Level 5:colcon.colcon_core.verb:set package 'my_robot_bringup' build argument 'catkin_skip_building_tests' from command line to 'False'
[0.335s] DEBUG:colcon.colcon_core.verb:Building package 'my_robot_bringup' with the following arguments: {'ament_cmake_args': None, 'build_base': '/home/dung/ros_ws/build/my_robot_bringup', 'catkin_cmake_args': None, 'catkin_skip_building_tests': False, 'cmake_args': None, 'cmake_clean_cache': False, 'cmake_clean_first': False, 'cmake_force_configure': False, 'cmake_target': None, 'cmake_target_skip_unavailable': False, 'install_base': '/home/dung/ros_ws/install/my_robot_bringup', 'merge_install': False, 'path': '/home/dung/ros_ws/src/my_robot_bringup', 'symlink_install': False, 'test_result_base': None}
[0.335s] INFO:colcon.colcon_core.executor:Executing jobs using 'parallel' executor
[0.338s] DEBUG:colcon.colcon_parallel_executor.executor.parallel:run_until_complete
[0.338s] INFO:colcon.colcon_ros.task.ament_cmake.build:Building ROS package in '/home/dung/ros_ws/src/my_robot_description' with build type 'ament_cmake'
[0.339s] INFO:colcon.colcon_cmake.task.cmake.build:Building CMake package in '/home/dung/ros_ws/src/my_robot_description'
[0.341s] INFO:colcon.colcon_core.plugin_system:Skipping extension 'colcon_core.shell.bat': Not used on non-Windows systems
[0.342s] INFO:colcon.colcon_core.shell:Skip shell extension 'powershell' for command environment: Not usable outside of PowerShell
[0.342s] DEBUG:colcon.colcon_core.shell:Skip shell extension 'dsv' for command environment
[0.348s] INFO:colcon.colcon_ros.task.ament_cmake.build:Building ROS package in '/home/dung/ros_ws/src/my_robot_msgs' with build type 'ament_cmake'
[0.348s] INFO:colcon.colcon_cmake.task.cmake.build:Building CMake package in '/home/dung/ros_ws/src/my_robot_msgs'
[0.349s] INFO:colcon.colcon_core.shell:Skip shell extension 'powershell' for command environment: Not usable outside of PowerShell
[0.349s] DEBUG:colcon.colcon_core.shell:Skip shell extension 'dsv' for command environment
[0.352s] INFO:colcon.colcon_ros.task.ament_cmake.build:Building ROS package in '/home/dung/ros_ws/src/my_robot_firmware' with build type 'ament_cmake'
[0.353s] INFO:colcon.colcon_cmake.task.cmake.build:Building CMake package in '/home/dung/ros_ws/src/my_robot_firmware'
[0.353s] INFO:colcon.colcon_core.shell:Skip shell extension 'powershell' for command environment: Not usable outside of PowerShell
[0.353s] DEBUG:colcon.colcon_core.shell:Skip shell extension 'dsv' for command environment
[0.357s] INFO:colcon.colcon_ros.task.ament_cmake.build:Building ROS package in '/home/dung/ros_ws/src/my_robot_localization' with build type 'ament_cmake'
[0.358s] INFO:colcon.colcon_cmake.task.cmake.build:Building CMake package in '/home/dung/ros_ws/src/my_robot_localization'
[0.358s] INFO:colcon.colcon_core.shell:Skip shell extension 'powershell' for command environment: Not usable outside of PowerShell
[0.358s] DEBUG:colcon.colcon_core.shell:Skip shell extension 'dsv' for command environment
[0.364s] INFO:colcon.colcon_ros.task.ament_cmake.build:Building ROS package in '/home/dung/ros_ws/src/my_robot_mapping' with build type 'ament_cmake'
[0.364s] INFO:colcon.colcon_cmake.task.cmake.build:Building CMake package in '/home/dung/ros_ws/src/my_robot_mapping'
[0.364s] INFO:colcon.colcon_core.shell:Skip shell extension 'powershell' for command environment: Not usable outside of PowerShell
[0.364s] DEBUG:colcon.colcon_core.shell:Skip shell extension 'dsv' for command environment
[0.371s] INFO:colcon.colcon_ros.task.ament_cmake.build:Building ROS package in '/home/dung/ros_ws/src/my_robot_motion' with build type 'ament_cmake'
[0.371s] INFO:colcon.colcon_cmake.task.cmake.build:Building CMake package in '/home/dung/ros_ws/src/my_robot_motion'
[0.371s] INFO:colcon.colcon_core.shell:Skip shell extension 'powershell' for command environment: Not usable outside of PowerShell
[0.371s] DEBUG:colcon.colcon_core.shell:Skip shell extension 'dsv' for command environment
[0.385s] DEBUG:colcon.colcon_core.event_handler.log_command:Invoking command in '/home/dung/ros_ws/build/my_robot_description': CMAKE_PREFIX_PATH=${CMAKE_PREFIX_PATH}:/home/dung/ros_ws/install/keyboard_teleop:/opt/ros/humble /usr/bin/cmake --build /home/dung/ros_ws/build/my_robot_description -- -j6 -l6
[0.402s] DEBUG:colcon.colcon_core.event_handler.log_command:Invoking command in '/home/dung/ros_ws/build/my_robot_msgs': CMAKE_PREFIX_PATH=${CMAKE_PREFIX_PATH}:/home/dung/ros_ws/install/keyboard_teleop:/opt/ros/humble /usr/bin/cmake --build /home/dung/ros_ws/build/my_robot_msgs -- -j6 -l6
[0.403s] DEBUG:colcon.colcon_core.event_handler.log_command:Invoking command in '/home/dung/ros_ws/build/my_robot_firmware': CMAKE_PREFIX_PATH=${CMAKE_PREFIX_PATH}:/home/dung/ros_ws/install/keyboard_teleop:/opt/ros/humble /usr/bin/cmake --build /home/dung/ros_ws/build/my_robot_firmware -- -j6 -l6
[0.410s] DEBUG:colcon.colcon_core.event_handler.log_command:Invoking command in '/home/dung/ros_ws/build/my_robot_localization': CMAKE_PREFIX_PATH=${CMAKE_PREFIX_PATH}:/home/dung/ros_ws/install/keyboard_teleop:/opt/ros/humble /usr/bin/cmake --build /home/dung/ros_ws/build/my_robot_localization -- -j6 -l6
[0.421s] DEBUG:colcon.colcon_core.event_handler.log_command:Invoking command in '/home/dung/ros_ws/build/my_robot_mapping': CMAKE_PREFIX_PATH=${CMAKE_PREFIX_PATH}:/home/dung/ros_ws/install/keyboard_teleop:/opt/ros/humble /usr/bin/cmake --build /home/dung/ros_ws/build/my_robot_mapping -- -j6 -l6
[0.439s] DEBUG:colcon.colcon_core.event_handler.log_command:Invoking command in '/home/dung/ros_ws/build/my_robot_motion': CMAKE_PREFIX_PATH=${CMAKE_PREFIX_PATH}:/home/dung/ros_ws/install/keyboard_teleop:/opt/ros/humble /usr/bin/cmake --build /home/dung/ros_ws/build/my_robot_motion -- -j6 -l6
[0.484s] DEBUG:colcon.colcon_core.event_handler.log_command:Invoked command in '/home/dung/ros_ws/build/my_robot_description' returned '0': CMAKE_PREFIX_PATH=${CMAKE_PREFIX_PATH}:/home/dung/ros_ws/install/keyboard_teleop:/opt/ros/humble /usr/bin/cmake --build /home/dung/ros_ws/build/my_robot_description -- -j6 -l6
[0.523s] DEBUG:colcon.colcon_core.event_handler.log_command:Invoking command in '/home/dung/ros_ws/build/my_robot_description': CMAKE_PREFIX_PATH=${CMAKE_PREFIX_PATH}:/home/dung/ros_ws/install/keyboard_teleop:/opt/ros/humble /usr/bin/cmake --install /home/dung/ros_ws/build/my_robot_description
[0.529s] DEBUG:colcon.colcon_core.event_handler.log_command:Invoked command in '/home/dung/ros_ws/build/my_robot_mapping' returned '0': CMAKE_PREFIX_PATH=${CMAKE_PREFIX_PATH}:/home/dung/ros_ws/install/keyboard_teleop:/opt/ros/humble /usr/bin/cmake --build /home/dung/ros_ws/build/my_robot_mapping -- -j6 -l6
[0.541s] DEBUG:colcon.colcon_core.event_handler.log_command:Invoking command in '/home/dung/ros_ws/build/my_robot_mapping': CMAKE_PREFIX_PATH=${CMAKE_PREFIX_PATH}:/home/dung/ros_ws/install/keyboard_teleop:/opt/ros/humble /usr/bin/cmake --install /home/dung/ros_ws/build/my_robot_mapping
[0.608s] Level 1:colcon.colcon_core.environment:create_environment_scripts_only(my_robot_mapping)
[0.615s] Level 1:colcon.colcon_core.environment:checking '/home/dung/ros_ws/install/my_robot_mapping' for CMake module files
[0.615s] Level 1:colcon.colcon_core.environment:checking '/home/dung/ros_ws/install/my_robot_mapping' for CMake config files
[0.615s] Level 1:colcon.colcon_core.shell:create_environment_hook('my_robot_mapping', 'cmake_prefix_path')
[0.616s] INFO:colcon.colcon_core.shell:Creating environment hook '/home/dung/ros_ws/install/my_robot_mapping/share/my_robot_mapping/hook/cmake_prefix_path.ps1'
[0.616s] INFO:colcon.colcon_core.shell:Creating environment descriptor '/home/dung/ros_ws/install/my_robot_mapping/share/my_robot_mapping/hook/cmake_prefix_path.dsv'
[0.622s] INFO:colcon.colcon_core.shell:Creating environment hook '/home/dung/ros_ws/install/my_robot_mapping/share/my_robot_mapping/hook/cmake_prefix_path.sh'
[0.624s] Level 1:colcon.colcon_core.environment:checking '/home/dung/ros_ws/install/my_robot_mapping/bin'
[0.624s] Level 1:colcon.colcon_core.environment:checking '/home/dung/ros_ws/install/my_robot_mapping/lib/pkgconfig/my_robot_mapping.pc'
[0.624s] Level 1:colcon.colcon_core.environment:checking '/home/dung/ros_ws/install/my_robot_mapping/lib/python3.10/site-packages'
[0.624s] Level 1:colcon.colcon_core.environment:checking '/home/dung/ros_ws/install/my_robot_mapping/bin'
[0.625s] INFO:colcon.colcon_core.shell:Creating package script '/home/dung/ros_ws/install/my_robot_mapping/share/my_robot_mapping/package.ps1'
[0.626s] INFO:colcon.colcon_core.shell:Creating package descriptor '/home/dung/ros_ws/install/my_robot_mapping/share/my_robot_mapping/package.dsv'
[0.627s] INFO:colcon.colcon_core.shell:Creating package script '/home/dung/ros_ws/install/my_robot_mapping/share/my_robot_mapping/package.sh'
[0.632s] INFO:colcon.colcon_core.shell:Creating package script '/home/dung/ros_ws/install/my_robot_mapping/share/my_robot_mapping/package.bash'
[0.633s] INFO:colcon.colcon_core.shell:Creating package script '/home/dung/ros_ws/install/my_robot_mapping/share/my_robot_mapping/package.zsh'
[0.633s] Level 1:colcon.colcon_core.environment:create_file_with_runtime_dependencies(/home/dung/ros_ws/install/my_robot_mapping/share/colcon-core/packages/my_robot_mapping)
[0.634s] Level 1:colcon.colcon_core.environment:create_environment_scripts_only(my_robot_mapping)
[0.634s] Level 1:colcon.colcon_core.environment:checking '/home/dung/ros_ws/install/my_robot_mapping' for CMake module files
[0.639s] Level 1:colcon.colcon_core.environment:checking '/home/dung/ros_ws/install/my_robot_mapping' for CMake config files
[0.640s] Level 1:colcon.colcon_core.shell:create_environment_hook('my_robot_mapping', 'cmake_prefix_path')
[0.640s] INFO:colcon.colcon_core.shell:Creating environment hook '/home/dung/ros_ws/install/my_robot_mapping/share/my_robot_mapping/hook/cmake_prefix_path.ps1'
[0.640s] INFO:colcon.colcon_core.shell:Creating environment descriptor '/home/dung/ros_ws/install/my_robot_mapping/share/my_robot_mapping/hook/cmake_prefix_path.dsv'
[0.641s] INFO:colcon.colcon_core.shell:Creating environment hook '/home/dung/ros_ws/install/my_robot_mapping/share/my_robot_mapping/hook/cmake_prefix_path.sh'
[0.641s] Level 1:colcon.colcon_core.environment:checking '/home/dung/ros_ws/install/my_robot_mapping/bin'
[0.641s] Level 1:colcon.colcon_core.environment:checking '/home/dung/ros_ws/install/my_robot_mapping/lib/pkgconfig/my_robot_mapping.pc'
[0.642s] Level 1:colcon.colcon_core.environment:checking '/home/dung/ros_ws/install/my_robot_mapping/lib/python3.10/site-packages'
[0.648s] Level 1:colcon.colcon_core.environment:checking '/home/dung/ros_ws/install/my_robot_mapping/bin'
[0.648s] INFO:colcon.colcon_core.shell:Creating package script '/home/dung/ros_ws/install/my_robot_mapping/share/my_robot_mapping/package.ps1'
[0.649s] INFO:colcon.colcon_core.shell:Creating package descriptor '/home/dung/ros_ws/install/my_robot_mapping/share/my_robot_mapping/package.dsv'
[0.649s] INFO:colcon.colcon_core.shell:Creating package script '/home/dung/ros_ws/install/my_robot_mapping/share/my_robot_mapping/package.sh'
[0.649s] INFO:colcon.colcon_core.shell:Creating package script '/home/dung/ros_ws/install/my_robot_mapping/share/my_robot_mapping/package.bash'
[0.650s] INFO:colcon.colcon_core.shell:Creating package script '/home/dung/ros_ws/install/my_robot_mapping/share/my_robot_mapping/package.zsh'
[0.650s] Level 1:colcon.colcon_core.environment:create_file_with_runtime_dependencies(/home/dung/ros_ws/install/my_robot_mapping/share/colcon-core/packages/my_robot_mapping)
[0.657s] INFO:colcon.colcon_ros.task.ament_cmake.build:Building ROS package in '/home/dung/ros_ws/src/my_robot_navi' with build type 'ament_cmake'
[0.658s] INFO:colcon.colcon_cmake.task.cmake.build:Building CMake package in '/home/dung/ros_ws/src/my_robot_navi'
[0.658s] INFO:colcon.colcon_core.shell:Skip shell extension 'powershell' for command environment: Not usable outside of PowerShell
[0.658s] DEBUG:colcon.colcon_core.shell:Skip shell extension 'dsv' for command environment
[0.697s] DEBUG:colcon.colcon_core.event_handler.log_command:Invoked command in '/home/dung/ros_ws/build/my_robot_motion' returned '0': CMAKE_PREFIX_PATH=${CMAKE_PREFIX_PATH}:/home/dung/ros_ws/install/keyboard_teleop:/opt/ros/humble /usr/bin/cmake --build /home/dung/ros_ws/build/my_robot_motion -- -j6 -l6
[0.697s] DEBUG:colcon.colcon_core.event_handler.log_command:Invoking command in '/home/dung/ros_ws/build/my_robot_motion': CMAKE_PREFIX_PATH=${CMAKE_PREFIX_PATH}:/home/dung/ros_ws/install/keyboard_teleop:/opt/ros/humble /usr/bin/cmake --install /home/dung/ros_ws/build/my_robot_motion
[0.702s] Level 1:colcon.colcon_core.environment:create_environment_scripts_only(my_robot_description)
[0.702s] Level 1:colcon.colcon_core.environment:checking '/home/dung/ros_ws/install/my_robot_description' for CMake module files
[0.703s] Level 1:colcon.colcon_core.environment:checking '/home/dung/ros_ws/install/my_robot_description' for CMake config files
[0.717s] DEBUG:colcon.colcon_core.event_handler.log_command:Invoked command in '/home/dung/ros_ws/build/my_robot_mapping' returned '0': CMAKE_PREFIX_PATH=${CMAKE_PREFIX_PATH}:/home/dung/ros_ws/install/keyboard_teleop:/opt/ros/humble /usr/bin/cmake --install /home/dung/ros_ws/build/my_robot_mapping
[0.727s] DEBUG:colcon.colcon_core.event_handler.log_command:Invoked command in '/home/dung/ros_ws/build/my_robot_description' returned '0': CMAKE_PREFIX_PATH=${CMAKE_PREFIX_PATH}:/home/dung/ros_ws/install/keyboard_teleop:/opt/ros/humble /usr/bin/cmake --install /home/dung/ros_ws/build/my_robot_description
[0.727s] Level 1:colcon.colcon_core.shell:create_environment_hook('my_robot_description', 'cmake_prefix_path')
[0.729s] INFO:colcon.colcon_core.shell:Creating environment hook '/home/dung/ros_ws/install/my_robot_description/share/my_robot_description/hook/cmake_prefix_path.ps1'
[0.733s] INFO:colcon.colcon_core.shell:Creating environment descriptor '/home/dung/ros_ws/install/my_robot_description/share/my_robot_description/hook/cmake_prefix_path.dsv'
[0.734s] INFO:colcon.colcon_core.shell:Creating environment hook '/home/dung/ros_ws/install/my_robot_description/share/my_robot_description/hook/cmake_prefix_path.sh'
[0.735s] Level 1:colcon.colcon_core.environment:checking '/home/dung/ros_ws/install/my_robot_description/bin'
[0.735s] Level 1:colcon.colcon_core.environment:checking '/home/dung/ros_ws/install/my_robot_description/lib/pkgconfig/my_robot_description.pc'
[0.735s] Level 1:colcon.colcon_core.environment:checking '/home/dung/ros_ws/install/my_robot_description/lib/python3.10/site-packages'
[0.735s] Level 1:colcon.colcon_core.environment:checking '/home/dung/ros_ws/install/my_robot_description/bin'
[0.735s] INFO:colcon.colcon_core.shell:Creating package script '/home/dung/ros_ws/install/my_robot_description/share/my_robot_description/package.ps1'
[0.736s] INFO:colcon.colcon_core.shell:Creating package descriptor '/home/dung/ros_ws/install/my_robot_description/share/my_robot_description/package.dsv'
[0.741s] INFO:colcon.colcon_core.shell:Creating package script '/home/dung/ros_ws/install/my_robot_description/share/my_robot_description/package.sh'
[0.743s] INFO:colcon.colcon_core.shell:Creating package script '/home/dung/ros_ws/install/my_robot_description/share/my_robot_description/package.bash'
[0.744s] INFO:colcon.colcon_core.shell:Creating package script '/home/dung/ros_ws/install/my_robot_description/share/my_robot_description/package.zsh'
[0.744s] Level 1:colcon.colcon_core.environment:create_file_with_runtime_dependencies(/home/dung/ros_ws/install/my_robot_description/share/colcon-core/packages/my_robot_description)
[0.745s] Level 1:colcon.colcon_core.environment:create_environment_scripts_only(my_robot_description)
[0.745s] Level 1:colcon.colcon_core.environment:checking '/home/dung/ros_ws/install/my_robot_description' for CMake module files
[0.752s] Level 1:colcon.colcon_core.environment:checking '/home/dung/ros_ws/install/my_robot_description' for CMake config files
[0.762s] Level 1:colcon.colcon_core.shell:create_environment_hook('my_robot_description', 'cmake_prefix_path')
[0.762s] INFO:colcon.colcon_core.shell:Creating environment hook '/home/dung/ros_ws/install/my_robot_description/share/my_robot_description/hook/cmake_prefix_path.ps1'
[0.763s] INFO:colcon.colcon_core.shell:Creating environment descriptor '/home/dung/ros_ws/install/my_robot_description/share/my_robot_description/hook/cmake_prefix_path.dsv'
[0.763s] INFO:colcon.colcon_core.shell:Creating environment hook '/home/dung/ros_ws/install/my_robot_description/share/my_robot_description/hook/cmake_prefix_path.sh'
[0.764s] Level 1:colcon.colcon_core.environment:checking '/home/dung/ros_ws/install/my_robot_description/bin'
[0.764s] Level 1:colcon.colcon_core.environment:checking '/home/dung/ros_ws/install/my_robot_description/lib/pkgconfig/my_robot_description.pc'
[0.770s] Level 1:colcon.colcon_core.environment:checking '/home/dung/ros_ws/install/my_robot_description/lib/python3.10/site-packages'
[0.771s] Level 1:colcon.colcon_core.environment:checking '/home/dung/ros_ws/install/my_robot_description/bin'
[0.771s] INFO:colcon.colcon_core.shell:Creating package script '/home/dung/ros_ws/install/my_robot_description/share/my_robot_description/package.ps1'
[0.773s] INFO:colcon.colcon_core.shell:Creating package descriptor '/home/dung/ros_ws/install/my_robot_description/share/my_robot_description/package.dsv'
[0.776s] INFO:colcon.colcon_core.shell:Creating package script '/home/dung/ros_ws/install/my_robot_description/share/my_robot_description/package.sh'
[0.777s] INFO:colcon.colcon_core.shell:Creating package script '/home/dung/ros_ws/install/my_robot_description/share/my_robot_description/package.bash'
[0.779s] INFO:colcon.colcon_core.shell:Creating package script '/home/dung/ros_ws/install/my_robot_description/share/my_robot_description/package.zsh'
[0.779s] Level 1:colcon.colcon_core.environment:create_file_with_runtime_dependencies(/home/dung/ros_ws/install/my_robot_description/share/colcon-core/packages/my_robot_description)
[0.782s] INFO:colcon.colcon_ros.task.ament_cmake.build:Building ROS package in '/home/dung/ros_ws/src/my_robot_planning' with build type 'ament_cmake'
[0.782s] INFO:colcon.colcon_cmake.task.cmake.build:Building CMake package in '/home/dung/ros_ws/src/my_robot_planning'
[0.782s] INFO:colcon.colcon_core.shell:Skip shell extension 'powershell' for command environment: Not usable outside of PowerShell
[0.782s] DEBUG:colcon.colcon_core.shell:Skip shell extension 'dsv' for command environment
[0.802s] Level 1:colcon.colcon_core.environment:create_environment_scripts_only(my_robot_motion)
[0.804s] DEBUG:colcon.colcon_core.event_handler.log_command:Invoked command in '/home/dung/ros_ws/build/my_robot_motion' returned '0': CMAKE_PREFIX_PATH=${CMAKE_PREFIX_PATH}:/home/dung/ros_ws/install/keyboard_teleop:/opt/ros/humble /usr/bin/cmake --install /home/dung/ros_ws/build/my_robot_motion
[0.805s] Level 1:colcon.colcon_core.environment:checking '/home/dung/ros_ws/install/my_robot_motion' for CMake module files
[0.807s] Level 1:colcon.colcon_core.environment:checking '/home/dung/ros_ws/install/my_robot_motion' for CMake config files
[0.807s] Level 1:colcon.colcon_core.shell:create_environment_hook('my_robot_motion', 'cmake_prefix_path')
[0.809s] INFO:colcon.colcon_core.shell:Creating environment hook '/home/dung/ros_ws/install/my_robot_motion/share/my_robot_motion/hook/cmake_prefix_path.ps1'
[0.812s] INFO:colcon.colcon_core.shell:Creating environment descriptor '/home/dung/ros_ws/install/my_robot_motion/share/my_robot_motion/hook/cmake_prefix_path.dsv'
[0.812s] INFO:colcon.colcon_core.shell:Creating environment hook '/home/dung/ros_ws/install/my_robot_motion/share/my_robot_motion/hook/cmake_prefix_path.sh'
[0.813s] Level 1:colcon.colcon_core.environment:checking '/home/dung/ros_ws/install/my_robot_motion/lib'
[0.813s] Level 1:colcon.colcon_core.shell:create_environment_hook('my_robot_motion', 'ld_library_path_lib')
[0.815s] INFO:colcon.colcon_core.shell:Creating environment hook '/home/dung/ros_ws/install/my_robot_motion/share/my_robot_motion/hook/ld_library_path_lib.ps1'
[0.815s] INFO:colcon.colcon_core.shell:Creating environment descriptor '/home/dung/ros_ws/install/my_robot_motion/share/my_robot_motion/hook/ld_library_path_lib.dsv'
[0.816s] INFO:colcon.colcon_core.shell:Creating environment hook '/home/dung/ros_ws/install/my_robot_motion/share/my_robot_motion/hook/ld_library_path_lib.sh'
[0.816s] Level 1:colcon.colcon_core.environment:checking '/home/dung/ros_ws/install/my_robot_motion/bin'
[0.816s] Level 1:colcon.colcon_core.environment:checking '/home/dung/ros_ws/install/my_robot_motion/lib/pkgconfig/my_robot_motion.pc'
[0.819s] Level 1:colcon.colcon_core.environment:checking '/home/dung/ros_ws/install/my_robot_motion/lib/python3.10/site-packages'
[0.820s] Level 1:colcon.colcon_core.environment:checking '/home/dung/ros_ws/install/my_robot_motion/bin'
[0.820s] INFO:colcon.colcon_core.shell:Creating package script '/home/dung/ros_ws/install/my_robot_motion/share/my_robot_motion/package.ps1'
[0.822s] INFO:colcon.colcon_core.shell:Creating package descriptor '/home/dung/ros_ws/install/my_robot_motion/share/my_robot_motion/package.dsv'
[0.822s] INFO:colcon.colcon_core.shell:Creating package script '/home/dung/ros_ws/install/my_robot_motion/share/my_robot_motion/package.sh'
[0.823s] INFO:colcon.colcon_core.shell:Creating package script '/home/dung/ros_ws/install/my_robot_motion/share/my_robot_motion/package.bash'
[0.823s] INFO:colcon.colcon_core.shell:Creating package script '/home/dung/ros_ws/install/my_robot_motion/share/my_robot_motion/package.zsh'
[0.827s] Level 1:colcon.colcon_core.environment:create_file_with_runtime_dependencies(/home/dung/ros_ws/install/my_robot_motion/share/colcon-core/packages/my_robot_motion)
[0.828s] Level 1:colcon.colcon_core.environment:create_environment_scripts_only(my_robot_motion)
[0.828s] Level 1:colcon.colcon_core.environment:checking '/home/dung/ros_ws/install/my_robot_motion' for CMake module files
[0.828s] Level 1:colcon.colcon_core.environment:checking '/home/dung/ros_ws/install/my_robot_motion' for CMake config files
[0.829s] Level 1:colcon.colcon_core.shell:create_environment_hook('my_robot_motion', 'cmake_prefix_path')
[0.829s] INFO:colcon.colcon_core.shell:Creating environment hook '/home/dung/ros_ws/install/my_robot_motion/share/my_robot_motion/hook/cmake_prefix_path.ps1'
[0.832s] INFO:colcon.colcon_core.shell:Creating environment descriptor '/home/dung/ros_ws/install/my_robot_motion/share/my_robot_motion/hook/cmake_prefix_path.dsv'
[0.832s] INFO:colcon.colcon_core.shell:Creating environment hook '/home/dung/ros_ws/install/my_robot_motion/share/my_robot_motion/hook/cmake_prefix_path.sh'
[0.833s] Level 1:colcon.colcon_core.environment:checking '/home/dung/ros_ws/install/my_robot_motion/lib'
[0.833s] Level 1:colcon.colcon_core.shell:create_environment_hook('my_robot_motion', 'ld_library_path_lib')
[0.834s] INFO:colcon.colcon_core.shell:Creating environment hook '/home/dung/ros_ws/install/my_robot_motion/share/my_robot_motion/hook/ld_library_path_lib.ps1'
[0.834s] INFO:colcon.colcon_core.shell:Creating environment descriptor '/home/dung/ros_ws/install/my_robot_motion/share/my_robot_motion/hook/ld_library_path_lib.dsv'
[0.837s] INFO:colcon.colcon_core.shell:Creating environment hook '/home/dung/ros_ws/install/my_robot_motion/share/my_robot_motion/hook/ld_library_path_lib.sh'
[0.838s] Level 1:colcon.colcon_core.environment:checking '/home/dung/ros_ws/install/my_robot_motion/bin'
[0.838s] Level 1:colcon.colcon_core.environment:checking '/home/dung/ros_ws/install/my_robot_motion/lib/pkgconfig/my_robot_motion.pc'
[0.838s] Level 1:colcon.colcon_core.environment:checking '/home/dung/ros_ws/install/my_robot_motion/lib/python3.10/site-packages'
[0.838s] Level 1:colcon.colcon_core.environment:checking '/home/dung/ros_ws/install/my_robot_motion/bin'
[0.839s] INFO:colcon.colcon_core.shell:Creating package script '/home/dung/ros_ws/install/my_robot_motion/share/my_robot_motion/package.ps1'
[0.839s] INFO:colcon.colcon_core.shell:Creating package descriptor '/home/dung/ros_ws/install/my_robot_motion/share/my_robot_motion/package.dsv'
[0.846s] INFO:colcon.colcon_core.shell:Creating package script '/home/dung/ros_ws/install/my_robot_motion/share/my_robot_motion/package.sh'
[0.847s] INFO:colcon.colcon_core.shell:Creating package script '/home/dung/ros_ws/install/my_robot_motion/share/my_robot_motion/package.bash'
[0.848s] INFO:colcon.colcon_core.shell:Creating package script '/home/dung/ros_ws/install/my_robot_motion/share/my_robot_motion/package.zsh'
[0.848s] Level 1:colcon.colcon_core.environment:create_file_with_runtime_dependencies(/home/dung/ros_ws/install/my_robot_motion/share/colcon-core/packages/my_robot_motion)
[0.858s] DEBUG:colcon.colcon_core.event_handler.log_command:Invoking command in '/home/dung/ros_ws/build/my_robot_navi': CMAKE_PREFIX_PATH=${CMAKE_PREFIX_PATH}:/home/dung/ros_ws/install/keyboard_teleop:/opt/ros/humble /usr/bin/cmake --build /home/dung/ros_ws/build/my_robot_navi -- -j6 -l6
[0.867s] INFO:colcon.colcon_ros.task.ament_cmake.build:Building ROS package in '/home/dung/ros_ws/src/my_robot_utils' with build type 'ament_cmake'
[0.867s] INFO:colcon.colcon_cmake.task.cmake.build:Building CMake package in '/home/dung/ros_ws/src/my_robot_utils'
[0.868s] INFO:colcon.colcon_core.shell:Skip shell extension 'powershell' for command environment: Not usable outside of PowerShell
[0.868s] DEBUG:colcon.colcon_core.shell:Skip shell extension 'dsv' for command environment
[0.892s] DEBUG:colcon.colcon_core.event_handler.log_command:Invoking command in '/home/dung/ros_ws/build/my_robot_planning': CMAKE_PREFIX_PATH=${CMAKE_PREFIX_PATH}:/home/dung/ros_ws/install/keyboard_teleop:/opt/ros/humble /usr/bin/cmake --build /home/dung/ros_ws/build/my_robot_planning -- -j6 -l6
[0.908s] DEBUG:colcon.colcon_core.event_handler.log_command:Invoking command in '/home/dung/ros_ws/build/my_robot_utils': CMAKE_PREFIX_PATH=${CMAKE_PREFIX_PATH}:/home/dung/ros_ws/install/keyboard_teleop:/opt/ros/humble /usr/bin/cmake --build /home/dung/ros_ws/build/my_robot_utils -- -j6 -l6
[0.989s] DEBUG:colcon.colcon_core.event_handler.log_command:Invoked command in '/home/dung/ros_ws/build/my_robot_navi' returned '0': CMAKE_PREFIX_PATH=${CMAKE_PREFIX_PATH}:/home/dung/ros_ws/install/keyboard_teleop:/opt/ros/humble /usr/bin/cmake --build /home/dung/ros_ws/build/my_robot_navi -- -j6 -l6
[0.991s] DEBUG:colcon.colcon_core.event_handler.log_command:Invoking command in '/home/dung/ros_ws/build/my_robot_navi': CMAKE_PREFIX_PATH=${CMAKE_PREFIX_PATH}:/home/dung/ros_ws/install/keyboard_teleop:/opt/ros/humble /usr/bin/cmake --install /home/dung/ros_ws/build/my_robot_navi
[1.165s] Level 1:colcon.colcon_core.environment:create_environment_scripts_only(my_robot_navi)
[1.172s] Level 1:colcon.colcon_core.environment:checking '/home/dung/ros_ws/install/my_robot_navi' for CMake module files
[1.170s] DEBUG:colcon.colcon_core.event_handler.log_command:Invoked command in '/home/dung/ros_ws/build/my_robot_localization' returned '0': CMAKE_PREFIX_PATH=${CMAKE_PREFIX_PATH}:/home/dung/ros_ws/install/keyboard_teleop:/opt/ros/humble /usr/bin/cmake --build /home/dung/ros_ws/build/my_robot_localization -- -j6 -l6
[1.186s] Level 1:colcon.colcon_core.environment:checking '/home/dung/ros_ws/install/my_robot_navi' for CMake config files
[1.187s] Level 1:colcon.colcon_core.shell:create_environment_hook('my_robot_navi', 'cmake_prefix_path')
[1.188s] INFO:colcon.colcon_core.shell:Creating environment hook '/home/dung/ros_ws/install/my_robot_navi/share/my_robot_navi/hook/cmake_prefix_path.ps1'
[1.192s] INFO:colcon.colcon_core.shell:Creating environment descriptor '/home/dung/ros_ws/install/my_robot_navi/share/my_robot_navi/hook/cmake_prefix_path.dsv'
[1.195s] DEBUG:colcon.colcon_core.event_handler.log_command:Invoking command in '/home/dung/ros_ws/build/my_robot_localization': CMAKE_PREFIX_PATH=${CMAKE_PREFIX_PATH}:/home/dung/ros_ws/install/keyboard_teleop:/opt/ros/humble /usr/bin/cmake --install /home/dung/ros_ws/build/my_robot_localization
[1.197s] DEBUG:colcon.colcon_core.event_handler.log_command:Invoked command in '/home/dung/ros_ws/build/my_robot_navi' returned '0': CMAKE_PREFIX_PATH=${CMAKE_PREFIX_PATH}:/home/dung/ros_ws/install/keyboard_teleop:/opt/ros/humble /usr/bin/cmake --install /home/dung/ros_ws/build/my_robot_navi
[1.199s] INFO:colcon.colcon_core.shell:Creating environment hook '/home/dung/ros_ws/install/my_robot_navi/share/my_robot_navi/hook/cmake_prefix_path.sh'
[1.201s] Level 1:colcon.colcon_core.environment:checking '/home/dung/ros_ws/install/my_robot_navi/bin'
[1.201s] Level 1:colcon.colcon_core.environment:checking '/home/dung/ros_ws/install/my_robot_navi/lib/pkgconfig/my_robot_navi.pc'
[1.202s] Level 1:colcon.colcon_core.environment:checking '/home/dung/ros_ws/install/my_robot_navi/lib/python3.10/site-packages'
[1.202s] Level 1:colcon.colcon_core.environment:checking '/home/dung/ros_ws/install/my_robot_navi/bin'
[1.202s] INFO:colcon.colcon_core.shell:Creating package script '/home/dung/ros_ws/install/my_robot_navi/share/my_robot_navi/package.ps1'
[1.209s] INFO:colcon.colcon_core.shell:Creating package descriptor '/home/dung/ros_ws/install/my_robot_navi/share/my_robot_navi/package.dsv'
[1.210s] INFO:colcon.colcon_core.shell:Creating package script '/home/dung/ros_ws/install/my_robot_navi/share/my_robot_navi/package.sh'
[1.210s] INFO:colcon.colcon_core.shell:Creating package script '/home/dung/ros_ws/install/my_robot_navi/share/my_robot_navi/package.bash'
[1.211s] INFO:colcon.colcon_core.shell:Creating package script '/home/dung/ros_ws/install/my_robot_navi/share/my_robot_navi/package.zsh'
[1.211s] Level 1:colcon.colcon_core.environment:create_file_with_runtime_dependencies(/home/dung/ros_ws/install/my_robot_navi/share/colcon-core/packages/my_robot_navi)
[1.217s] Level 1:colcon.colcon_core.environment:create_environment_scripts_only(my_robot_navi)
[1.217s] Level 1:colcon.colcon_core.environment:checking '/home/dung/ros_ws/install/my_robot_navi' for CMake module files
[1.219s] Level 1:colcon.colcon_core.environment:checking '/home/dung/ros_ws/install/my_robot_navi' for CMake config files
[1.219s] Level 1:colcon.colcon_core.shell:create_environment_hook('my_robot_navi', 'cmake_prefix_path')
[1.220s] INFO:colcon.colcon_core.shell:Creating environment hook '/home/dung/ros_ws/install/my_robot_navi/share/my_robot_navi/hook/cmake_prefix_path.ps1'
[1.220s] INFO:colcon.colcon_core.shell:Creating environment descriptor '/home/dung/ros_ws/install/my_robot_navi/share/my_robot_navi/hook/cmake_prefix_path.dsv'
[1.224s] INFO:colcon.colcon_core.shell:Creating environment hook '/home/dung/ros_ws/install/my_robot_navi/share/my_robot_navi/hook/cmake_prefix_path.sh'
[1.229s] Level 1:colcon.colcon_core.environment:checking '/home/dung/ros_ws/install/my_robot_navi/bin'
[1.230s] Level 1:colcon.colcon_core.environment:checking '/home/dung/ros_ws/install/my_robot_navi/lib/pkgconfig/my_robot_navi.pc'
[1.230s] Level 1:colcon.colcon_core.environment:checking '/home/dung/ros_ws/install/my_robot_navi/lib/python3.10/site-packages'
[1.230s] Level 1:colcon.colcon_core.environment:checking '/home/dung/ros_ws/install/my_robot_navi/bin'
[1.234s] INFO:colcon.colcon_core.shell:Creating package script '/home/dung/ros_ws/install/my_robot_navi/share/my_robot_navi/package.ps1'
[1.239s] INFO:colcon.colcon_core.shell:Creating package descriptor '/home/dung/ros_ws/install/my_robot_navi/share/my_robot_navi/package.dsv'
[1.243s] INFO:colcon.colcon_core.shell:Creating package script '/home/dung/ros_ws/install/my_robot_navi/share/my_robot_navi/package.sh'
[1.244s] INFO:colcon.colcon_core.shell:Creating package script '/home/dung/ros_ws/install/my_robot_navi/share/my_robot_navi/package.bash'
[1.244s] INFO:colcon.colcon_core.shell:Creating package script '/home/dung/ros_ws/install/my_robot_navi/share/my_robot_navi/package.zsh'
[1.250s] Level 1:colcon.colcon_core.environment:create_file_with_runtime_dependencies(/home/dung/ros_ws/install/my_robot_navi/share/colcon-core/packages/my_robot_navi)
[1.250s] INFO:colcon.colcon_ros.task.ament_cmake.build:Building ROS package in '/home/dung/ros_ws/src/myrobot_controller' with build type 'ament_cmake'
[1.250s] INFO:colcon.colcon_cmake.task.cmake.build:Building CMake package in '/home/dung/ros_ws/src/myrobot_controller'
[1.251s] INFO:colcon.colcon_core.shell:Skip shell extension 'powershell' for command environment: Not usable outside of PowerShell
[1.251s] DEBUG:colcon.colcon_core.shell:Skip shell extension 'dsv' for command environment
[1.293s] Level 1:colcon.colcon_core.environment:create_environment_scripts_only(my_robot_localization)
[1.300s] Level 1:colcon.colcon_core.environment:checking '/home/dung/ros_ws/install/my_robot_localization' for CMake module files
[1.299s] DEBUG:colcon.colcon_core.event_handler.log_command:Invoked command in '/home/dung/ros_ws/build/my_robot_firmware' returned '0': CMAKE_PREFIX_PATH=${CMAKE_PREFIX_PATH}:/home/dung/ros_ws/install/keyboard_teleop:/opt/ros/humble /usr/bin/cmake --build /home/dung/ros_ws/build/my_robot_firmware -- -j6 -l6
[1.300s] DEBUG:colcon.colcon_core.event_handler.log_command:Invoking command in '/home/dung/ros_ws/build/my_robot_firmware': CMAKE_PREFIX_PATH=${CMAKE_PREFIX_PATH}:/home/dung/ros_ws/install/keyboard_teleop:/opt/ros/humble /usr/bin/cmake --install /home/dung/ros_ws/build/my_robot_firmware
[1.301s] DEBUG:colcon.colcon_core.event_handler.log_command:Invoked command in '/home/dung/ros_ws/build/my_robot_localization' returned '0': CMAKE_PREFIX_PATH=${CMAKE_PREFIX_PATH}:/home/dung/ros_ws/install/keyboard_teleop:/opt/ros/humble /usr/bin/cmake --install /home/dung/ros_ws/build/my_robot_localization
[1.304s] Level 1:colcon.colcon_core.environment:checking '/home/dung/ros_ws/install/my_robot_localization' for CMake config files
[1.304s] Level 1:colcon.colcon_core.shell:create_environment_hook('my_robot_localization', 'cmake_prefix_path')
[1.304s] INFO:colcon.colcon_core.shell:Creating environment hook '/home/dung/ros_ws/install/my_robot_localization/share/my_robot_localization/hook/cmake_prefix_path.ps1'
[1.312s] INFO:colcon.colcon_core.shell:Creating environment descriptor '/home/dung/ros_ws/install/my_robot_localization/share/my_robot_localization/hook/cmake_prefix_path.dsv'
[1.313s] INFO:colcon.colcon_core.shell:Creating environment hook '/home/dung/ros_ws/install/my_robot_localization/share/my_robot_localization/hook/cmake_prefix_path.sh'
[1.314s] Level 1:colcon.colcon_core.environment:checking '/home/dung/ros_ws/install/my_robot_localization/lib'
[1.314s] Level 1:colcon.colcon_core.environment:checking '/home/dung/ros_ws/install/my_robot_localization/bin'
[1.314s] Level 1:colcon.colcon_core.environment:checking '/home/dung/ros_ws/install/my_robot_localization/lib/pkgconfig/my_robot_localization.pc'
[1.315s] Level 1:colcon.colcon_core.environment:checking '/home/dung/ros_ws/install/my_robot_localization/lib/python3.10/site-packages'
[1.316s] Level 1:colcon.colcon_core.environment:checking '/home/dung/ros_ws/install/my_robot_localization/bin'
[1.317s] INFO:colcon.colcon_core.shell:Creating package script '/home/dung/ros_ws/install/my_robot_localization/share/my_robot_localization/package.ps1'
[1.320s] INFO:colcon.colcon_core.shell:Creating package descriptor '/home/dung/ros_ws/install/my_robot_localization/share/my_robot_localization/package.dsv'
[1.321s] INFO:colcon.colcon_core.shell:Creating package script '/home/dung/ros_ws/install/my_robot_localization/share/my_robot_localization/package.sh'
[1.321s] INFO:colcon.colcon_core.shell:Creating package script '/home/dung/ros_ws/install/my_robot_localization/share/my_robot_localization/package.bash'
[1.324s] INFO:colcon.colcon_core.shell:Creating package script '/home/dung/ros_ws/install/my_robot_localization/share/my_robot_localization/package.zsh'
[1.328s] Level 1:colcon.colcon_core.environment:create_file_with_runtime_dependencies(/home/dung/ros_ws/install/my_robot_localization/share/colcon-core/packages/my_robot_localization)
[1.329s] Level 1:colcon.colcon_core.environment:create_environment_scripts_only(my_robot_localization)
[1.329s] Level 1:colcon.colcon_core.environment:checking '/home/dung/ros_ws/install/my_robot_localization' for CMake module files
[1.331s] Level 1:colcon.colcon_core.environment:checking '/home/dung/ros_ws/install/my_robot_localization' for CMake config files
[1.331s] Level 1:colcon.colcon_core.shell:create_environment_hook('my_robot_localization', 'cmake_prefix_path')
[1.331s] INFO:colcon.colcon_core.shell:Creating environment hook '/home/dung/ros_ws/install/my_robot_localization/share/my_robot_localization/hook/cmake_prefix_path.ps1'
[1.332s] INFO:colcon.colcon_core.shell:Creating environment descriptor '/home/dung/ros_ws/install/my_robot_localization/share/my_robot_localization/hook/cmake_prefix_path.dsv'
[1.342s] INFO:colcon.colcon_core.shell:Creating environment hook '/home/dung/ros_ws/install/my_robot_localization/share/my_robot_localization/hook/cmake_prefix_path.sh'
[1.343s] Level 1:colcon.colcon_core.environment:checking '/home/dung/ros_ws/install/my_robot_localization/lib'
[1.343s] Level 1:colcon.colcon_core.environment:checking '/home/dung/ros_ws/install/my_robot_localization/bin'
[1.343s] Level 1:colcon.colcon_core.environment:checking '/home/dung/ros_ws/install/my_robot_localization/lib/pkgconfig/my_robot_localization.pc'
[1.343s] Level 1:colcon.colcon_core.environment:checking '/home/dung/ros_ws/install/my_robot_localization/lib/python3.10/site-packages'
[1.343s] Level 1:colcon.colcon_core.environment:checking '/home/dung/ros_ws/install/my_robot_localization/bin'
[1.344s] INFO:colcon.colcon_core.shell:Creating package script '/home/dung/ros_ws/install/my_robot_localization/share/my_robot_localization/package.ps1'
[1.344s] INFO:colcon.colcon_core.shell:Creating package descriptor '/home/dung/ros_ws/install/my_robot_localization/share/my_robot_localization/package.dsv'
[1.349s] INFO:colcon.colcon_core.shell:Creating package script '/home/dung/ros_ws/install/my_robot_localization/share/my_robot_localization/package.sh'
[1.350s] INFO:colcon.colcon_core.shell:Creating package script '/home/dung/ros_ws/install/my_robot_localization/share/my_robot_localization/package.bash'
[1.350s] INFO:colcon.colcon_core.shell:Creating package script '/home/dung/ros_ws/install/my_robot_localization/share/my_robot_localization/package.zsh'
[1.351s] Level 1:colcon.colcon_core.environment:create_file_with_runtime_dependencies(/home/dung/ros_ws/install/my_robot_localization/share/colcon-core/packages/my_robot_localization)
[1.362s] DEBUG:colcon.colcon_core.event_handler.log_command:Invoking command in '/home/dung/ros_ws/build/myrobot_controller': CMAKE_PREFIX_PATH=${CMAKE_PREFIX_PATH}:/home/dung/ros_ws/install/keyboard_teleop:/opt/ros/humble /usr/bin/cmake --build /home/dung/ros_ws/build/myrobot_controller -- -j6 -l6
[1.363s] INFO:colcon.colcon_ros.task.ament_cmake.build:Building ROS package in '/home/dung/ros_ws/src/my_robot_bringup' with build type 'ament_cmake'
[1.366s] INFO:colcon.colcon_cmake.task.cmake.build:Building CMake package in '/home/dung/ros_ws/src/my_robot_bringup'
[1.367s] INFO:colcon.colcon_core.shell:Skip shell extension 'powershell' for command environment: Not usable outside of PowerShell
[1.367s] DEBUG:colcon.colcon_core.shell:Skip shell extension 'dsv' for command environment
[1.427s] DEBUG:colcon.colcon_core.event_handler.log_command:Invoking command in '/home/dung/ros_ws/build/my_robot_bringup': CMAKE_PREFIX_PATH=/home/dung/ros_ws/install/my_robot_description:/home/dung/ros_ws/install/myrobot_controller:/home/dung/ros_ws/install/my_robot_utils:/home/dung/ros_ws/install/my_robot_planning:/home/dung/ros_ws/install/my_robot_navi:/home/dung/ros_ws/install/my_robot_msgs:/home/dung/ros_ws/install/my_robot_motion:/home/dung/ros_ws/install/my_robot_mapping:/home/dung/ros_ws/install/my_robot_localization:/home/dung/ros_ws/install/my_robot_firmware:/home/dung/ros_ws/install/my_robot_bringup:/home/dung/ros_ws/install/keyboard_teleop:/opt/ros/humble /usr/bin/cmake --build /home/dung/ros_ws/build/my_robot_bringup -- -j6 -l6
[1.481s] Level 1:colcon.colcon_core.environment:create_environment_scripts_only(my_robot_firmware)
[1.481s] Level 1:colcon.colcon_core.environment:checking '/home/dung/ros_ws/install/my_robot_firmware' for CMake module files
[1.483s] DEBUG:colcon.colcon_core.event_handler.log_command:Invoked command in '/home/dung/ros_ws/build/my_robot_firmware' returned '0': CMAKE_PREFIX_PATH=${CMAKE_PREFIX_PATH}:/home/dung/ros_ws/install/keyboard_teleop:/opt/ros/humble /usr/bin/cmake --install /home/dung/ros_ws/build/my_robot_firmware
[1.485s] Level 1:colcon.colcon_core.environment:checking '/home/dung/ros_ws/install/my_robot_firmware' for CMake config files
[1.485s] Level 1:colcon.colcon_core.shell:create_environment_hook('my_robot_firmware', 'cmake_prefix_path')
[1.488s] INFO:colcon.colcon_core.shell:Creating environment hook '/home/dung/ros_ws/install/my_robot_firmware/share/my_robot_firmware/hook/cmake_prefix_path.ps1'
[1.489s] INFO:colcon.colcon_core.shell:Creating environment descriptor '/home/dung/ros_ws/install/my_robot_firmware/share/my_robot_firmware/hook/cmake_prefix_path.dsv'
[1.491s] INFO:colcon.colcon_core.shell:Creating environment hook '/home/dung/ros_ws/install/my_robot_firmware/share/my_robot_firmware/hook/cmake_prefix_path.sh'
[1.497s] Level 1:colcon.colcon_core.environment:checking '/home/dung/ros_ws/install/my_robot_firmware/lib'
[1.498s] Level 1:colcon.colcon_core.environment:checking '/home/dung/ros_ws/install/my_robot_firmware/bin'
[1.499s] Level 1:colcon.colcon_core.environment:checking '/home/dung/ros_ws/install/my_robot_firmware/lib/pkgconfig/my_robot_firmware.pc'
[1.499s] Level 1:colcon.colcon_core.environment:checking '/home/dung/ros_ws/install/my_robot_firmware/lib/python3.10/site-packages'
[1.499s] Level 1:colcon.colcon_core.environment:checking '/home/dung/ros_ws/install/my_robot_firmware/bin'
[1.501s] INFO:colcon.colcon_core.shell:Creating package script '/home/dung/ros_ws/install/my_robot_firmware/share/my_robot_firmware/package.ps1'
[1.503s] INFO:colcon.colcon_core.shell:Creating package descriptor '/home/dung/ros_ws/install/my_robot_firmware/share/my_robot_firmware/package.dsv'
[1.505s] INFO:colcon.colcon_core.shell:Creating package script '/home/dung/ros_ws/install/my_robot_firmware/share/my_robot_firmware/package.sh'
[1.507s] INFO:colcon.colcon_core.shell:Creating package script '/home/dung/ros_ws/install/my_robot_firmware/share/my_robot_firmware/package.bash'
[1.507s] INFO:colcon.colcon_core.shell:Creating package script '/home/dung/ros_ws/install/my_robot_firmware/share/my_robot_firmware/package.zsh'
[1.507s] Level 1:colcon.colcon_core.environment:create_file_with_runtime_dependencies(/home/dung/ros_ws/install/my_robot_firmware/share/colcon-core/packages/my_robot_firmware)
[1.508s] Level 1:colcon.colcon_core.environment:create_environment_scripts_only(my_robot_firmware)
[1.510s] Level 1:colcon.colcon_core.environment:checking '/home/dung/ros_ws/install/my_robot_firmware' for CMake module files
[1.513s] Level 1:colcon.colcon_core.environment:checking '/home/dung/ros_ws/install/my_robot_firmware' for CMake config files
[1.513s] Level 1:colcon.colcon_core.shell:create_environment_hook('my_robot_firmware', 'cmake_prefix_path')
[1.513s] INFO:colcon.colcon_core.shell:Creating environment hook '/home/dung/ros_ws/install/my_robot_firmware/share/my_robot_firmware/hook/cmake_prefix_path.ps1'
[1.516s] INFO:colcon.colcon_core.shell:Creating environment descriptor '/home/dung/ros_ws/install/my_robot_firmware/share/my_robot_firmware/hook/cmake_prefix_path.dsv'
[1.518s] INFO:colcon.colcon_core.shell:Creating environment hook '/home/dung/ros_ws/install/my_robot_firmware/share/my_robot_firmware/hook/cmake_prefix_path.sh'
[1.521s] Level 1:colcon.colcon_core.environment:checking '/home/dung/ros_ws/install/my_robot_firmware/lib'
[1.523s] Level 1:colcon.colcon_core.environment:checking '/home/dung/ros_ws/install/my_robot_firmware/bin'
[1.523s] Level 1:colcon.colcon_core.environment:checking '/home/dung/ros_ws/install/my_robot_firmware/lib/pkgconfig/my_robot_firmware.pc'
[1.524s] Level 1:colcon.colcon_core.environment:checking '/home/dung/ros_ws/install/my_robot_firmware/lib/python3.10/site-packages'
[1.525s] Level 1:colcon.colcon_core.environment:checking '/home/dung/ros_ws/install/my_robot_firmware/bin'
[1.526s] INFO:colcon.colcon_core.shell:Creating package script '/home/dung/ros_ws/install/my_robot_firmware/share/my_robot_firmware/package.ps1'
[1.531s] INFO:colcon.colcon_core.shell:Creating package descriptor '/home/dung/ros_ws/install/my_robot_firmware/share/my_robot_firmware/package.dsv'
[1.533s] INFO:colcon.colcon_core.shell:Creating package script '/home/dung/ros_ws/install/my_robot_firmware/share/my_robot_firmware/package.sh'
[1.533s] INFO:colcon.colcon_core.shell:Creating package script '/home/dung/ros_ws/install/my_robot_firmware/share/my_robot_firmware/package.bash'
[1.534s] INFO:colcon.colcon_core.shell:Creating package script '/home/dung/ros_ws/install/my_robot_firmware/share/my_robot_firmware/package.zsh'
[1.534s] Level 1:colcon.colcon_core.environment:create_file_with_runtime_dependencies(/home/dung/ros_ws/install/my_robot_firmware/share/colcon-core/packages/my_robot_firmware)
[1.550s] DEBUG:colcon.colcon_core.event_handler.log_command:Invoked command in '/home/dung/ros_ws/build/my_robot_bringup' returned '0': CMAKE_PREFIX_PATH=/home/dung/ros_ws/install/my_robot_description:/home/dung/ros_ws/install/myrobot_controller:/home/dung/ros_ws/install/my_robot_utils:/home/dung/ros_ws/install/my_robot_planning:/home/dung/ros_ws/install/my_robot_navi:/home/dung/ros_ws/install/my_robot_msgs:/home/dung/ros_ws/install/my_robot_motion:/home/dung/ros_ws/install/my_robot_mapping:/home/dung/ros_ws/install/my_robot_localization:/home/dung/ros_ws/install/my_robot_firmware:/home/dung/ros_ws/install/my_robot_bringup:/home/dung/ros_ws/install/keyboard_teleop:/opt/ros/humble /usr/bin/cmake --build /home/dung/ros_ws/build/my_robot_bringup -- -j6 -l6
[1.550s] DEBUG:colcon.colcon_core.event_handler.log_command:Invoking command in '/home/dung/ros_ws/build/my_robot_bringup': CMAKE_PREFIX_PATH=/home/dung/ros_ws/install/my_robot_description:/home/dung/ros_ws/install/myrobot_controller:/home/dung/ros_ws/install/my_robot_utils:/home/dung/ros_ws/install/my_robot_planning:/home/dung/ros_ws/install/my_robot_navi:/home/dung/ros_ws/install/my_robot_msgs:/home/dung/ros_ws/install/my_robot_motion:/home/dung/ros_ws/install/my_robot_mapping:/home/dung/ros_ws/install/my_robot_localization:/home/dung/ros_ws/install/my_robot_firmware:/home/dung/ros_ws/install/my_robot_bringup:/home/dung/ros_ws/install/keyboard_teleop:/opt/ros/humble /usr/bin/cmake --install /home/dung/ros_ws/build/my_robot_bringup
[1.598s] Level 1:colcon.colcon_core.environment:create_environment_scripts_only(my_robot_bringup)
[1.603s] Level 1:colcon.colcon_core.environment:checking '/home/dung/ros_ws/install/my_robot_bringup' for CMake module files
[1.605s] Level 1:colcon.colcon_core.environment:checking '/home/dung/ros_ws/install/my_robot_bringup' for CMake config files
[1.606s] Level 1:colcon.colcon_core.shell:create_environment_hook('my_robot_bringup', 'cmake_prefix_path')
[1.608s] INFO:colcon.colcon_core.shell:Creating environment hook '/home/dung/ros_ws/install/my_robot_bringup/share/my_robot_bringup/hook/cmake_prefix_path.ps1'
[1.609s] DEBUG:colcon.colcon_core.event_handler.log_command:Invoked command in '/home/dung/ros_ws/build/my_robot_bringup' returned '0': CMAKE_PREFIX_PATH=/home/dung/ros_ws/install/my_robot_description:/home/dung/ros_ws/install/myrobot_controller:/home/dung/ros_ws/install/my_robot_utils:/home/dung/ros_ws/install/my_robot_planning:/home/dung/ros_ws/install/my_robot_navi:/home/dung/ros_ws/install/my_robot_msgs:/home/dung/ros_ws/install/my_robot_motion:/home/dung/ros_ws/install/my_robot_mapping:/home/dung/ros_ws/install/my_robot_localization:/home/dung/ros_ws/install/my_robot_firmware:/home/dung/ros_ws/install/my_robot_bringup:/home/dung/ros_ws/install/keyboard_teleop:/opt/ros/humble /usr/bin/cmake --install /home/dung/ros_ws/build/my_robot_bringup
[1.611s] INFO:colcon.colcon_core.shell:Creating environment descriptor '/home/dung/ros_ws/install/my_robot_bringup/share/my_robot_bringup/hook/cmake_prefix_path.dsv'
[1.615s] INFO:colcon.colcon_core.shell:Creating environment hook '/home/dung/ros_ws/install/my_robot_bringup/share/my_robot_bringup/hook/cmake_prefix_path.sh'
[1.619s] Level 1:colcon.colcon_core.environment:checking '/home/dung/ros_ws/install/my_robot_bringup/bin'
[1.620s] Level 1:colcon.colcon_core.environment:checking '/home/dung/ros_ws/install/my_robot_bringup/lib/pkgconfig/my_robot_bringup.pc'
[1.621s] Level 1:colcon.colcon_core.environment:checking '/home/dung/ros_ws/install/my_robot_bringup/lib/python3.10/site-packages'
[1.621s] Level 1:colcon.colcon_core.environment:checking '/home/dung/ros_ws/install/my_robot_bringup/bin'
[1.621s] INFO:colcon.colcon_core.shell:Creating package script '/home/dung/ros_ws/install/my_robot_bringup/share/my_robot_bringup/package.ps1'
[1.623s] INFO:colcon.colcon_core.shell:Creating package descriptor '/home/dung/ros_ws/install/my_robot_bringup/share/my_robot_bringup/package.dsv'
[1.625s] INFO:colcon.colcon_core.shell:Creating package script '/home/dung/ros_ws/install/my_robot_bringup/share/my_robot_bringup/package.sh'
[1.628s] INFO:colcon.colcon_core.shell:Creating package script '/home/dung/ros_ws/install/my_robot_bringup/share/my_robot_bringup/package.bash'
[1.631s] INFO:colcon.colcon_core.shell:Creating package script '/home/dung/ros_ws/install/my_robot_bringup/share/my_robot_bringup/package.zsh'
[1.631s] Level 1:colcon.colcon_core.environment:create_file_with_runtime_dependencies(/home/dung/ros_ws/install/my_robot_bringup/share/colcon-core/packages/my_robot_bringup)
[1.632s] Level 1:colcon.colcon_core.environment:create_environment_scripts_only(my_robot_bringup)
[1.632s] Level 1:colcon.colcon_core.environment:checking '/home/dung/ros_ws/install/my_robot_bringup' for CMake module files
[1.633s] Level 1:colcon.colcon_core.environment:checking '/home/dung/ros_ws/install/my_robot_bringup' for CMake config files
[1.633s] Level 1:colcon.colcon_core.shell:create_environment_hook('my_robot_bringup', 'cmake_prefix_path')
[1.633s] INFO:colcon.colcon_core.shell:Creating environment hook '/home/dung/ros_ws/install/my_robot_bringup/share/my_robot_bringup/hook/cmake_prefix_path.ps1'
[1.637s] INFO:colcon.colcon_core.shell:Creating environment descriptor '/home/dung/ros_ws/install/my_robot_bringup/share/my_robot_bringup/hook/cmake_prefix_path.dsv'
[1.640s] INFO:colcon.colcon_core.shell:Creating environment hook '/home/dung/ros_ws/install/my_robot_bringup/share/my_robot_bringup/hook/cmake_prefix_path.sh'
[1.641s] Level 1:colcon.colcon_core.environment:checking '/home/dung/ros_ws/install/my_robot_bringup/bin'
[1.641s] Level 1:colcon.colcon_core.environment:checking '/home/dung/ros_ws/install/my_robot_bringup/lib/pkgconfig/my_robot_bringup.pc'
[1.641s] Level 1:colcon.colcon_core.environment:checking '/home/dung/ros_ws/install/my_robot_bringup/lib/python3.10/site-packages'
[1.641s] Level 1:colcon.colcon_core.environment:checking '/home/dung/ros_ws/install/my_robot_bringup/bin'
[1.642s] INFO:colcon.colcon_core.shell:Creating package script '/home/dung/ros_ws/install/my_robot_bringup/share/my_robot_bringup/package.ps1'
[1.642s] INFO:colcon.colcon_core.shell:Creating package descriptor '/home/dung/ros_ws/install/my_robot_bringup/share/my_robot_bringup/package.dsv'
[1.646s] INFO:colcon.colcon_core.shell:Creating package script '/home/dung/ros_ws/install/my_robot_bringup/share/my_robot_bringup/package.sh'
[1.647s] INFO:colcon.colcon_core.shell:Creating package script '/home/dung/ros_ws/install/my_robot_bringup/share/my_robot_bringup/package.bash'
[1.647s] INFO:colcon.colcon_core.shell:Creating package script '/home/dung/ros_ws/install/my_robot_bringup/share/my_robot_bringup/package.zsh'
[1.653s] Level 1:colcon.colcon_core.environment:create_file_with_runtime_dependencies(/home/dung/ros_ws/install/my_robot_bringup/share/colcon-core/packages/my_robot_bringup)
[1.852s] DEBUG:colcon.colcon_core.event_handler.log_command:Invoked command in '/home/dung/ros_ws/build/my_robot_planning' returned '0': CMAKE_PREFIX_PATH=${CMAKE_PREFIX_PATH}:/home/dung/ros_ws/install/keyboard_teleop:/opt/ros/humble /usr/bin/cmake --build /home/dung/ros_ws/build/my_robot_planning -- -j6 -l6
[1.862s] DEBUG:colcon.colcon_core.event_handler.log_command:Invoking command in '/home/dung/ros_ws/build/my_robot_planning': CMAKE_PREFIX_PATH=${CMAKE_PREFIX_PATH}:/home/dung/ros_ws/install/keyboard_teleop:/opt/ros/humble /usr/bin/cmake --install /home/dung/ros_ws/build/my_robot_planning
[1.947s] DEBUG:colcon.colcon_core.event_handler.log_command:Invoked command in '/home/dung/ros_ws/build/my_robot_utils' returned '0': CMAKE_PREFIX_PATH=${CMAKE_PREFIX_PATH}:/home/dung/ros_ws/install/keyboard_teleop:/opt/ros/humble /usr/bin/cmake --build /home/dung/ros_ws/build/my_robot_utils -- -j6 -l6
[1.952s] DEBUG:colcon.colcon_core.event_handler.log_command:Invoking command in '/home/dung/ros_ws/build/my_robot_utils': CMAKE_PREFIX_PATH=${CMAKE_PREFIX_PATH}:/home/dung/ros_ws/install/keyboard_teleop:/opt/ros/humble /usr/bin/cmake --install /home/dung/ros_ws/build/my_robot_utils
[1.974s] Level 1:colcon.colcon_core.environment:create_environment_scripts_only(my_robot_planning)
[1.978s] Level 1:colcon.colcon_core.environment:checking '/home/dung/ros_ws/install/my_robot_planning' for CMake module files
[1.978s] Level 1:colcon.colcon_core.environment:checking '/home/dung/ros_ws/install/my_robot_planning' for CMake config files
[1.979s] Level 1:colcon.colcon_core.shell:create_environment_hook('my_robot_planning', 'cmake_prefix_path')
[1.979s] INFO:colcon.colcon_core.shell:Creating environment hook '/home/dung/ros_ws/install/my_robot_planning/share/my_robot_planning/hook/cmake_prefix_path.ps1'
[1.976s] DEBUG:colcon.colcon_core.event_handler.log_command:Invoked command in '/home/dung/ros_ws/build/my_robot_planning' returned '0': CMAKE_PREFIX_PATH=${CMAKE_PREFIX_PATH}:/home/dung/ros_ws/install/keyboard_teleop:/opt/ros/humble /usr/bin/cmake --install /home/dung/ros_ws/build/my_robot_planning
[1.982s] INFO:colcon.colcon_core.shell:Creating environment descriptor '/home/dung/ros_ws/install/my_robot_planning/share/my_robot_planning/hook/cmake_prefix_path.dsv'
[1.982s] INFO:colcon.colcon_core.shell:Creating environment hook '/home/dung/ros_ws/install/my_robot_planning/share/my_robot_planning/hook/cmake_prefix_path.sh'
[1.984s] Level 1:colcon.colcon_core.environment:checking '/home/dung/ros_ws/install/my_robot_planning/lib'
[1.984s] Level 1:colcon.colcon_core.shell:create_environment_hook('my_robot_planning', 'ld_library_path_lib')
[1.984s] INFO:colcon.colcon_core.shell:Creating environment hook '/home/dung/ros_ws/install/my_robot_planning/share/my_robot_planning/hook/ld_library_path_lib.ps1'
[1.984s] INFO:colcon.colcon_core.shell:Creating environment descriptor '/home/dung/ros_ws/install/my_robot_planning/share/my_robot_planning/hook/ld_library_path_lib.dsv'
[1.985s] INFO:colcon.colcon_core.shell:Creating environment hook '/home/dung/ros_ws/install/my_robot_planning/share/my_robot_planning/hook/ld_library_path_lib.sh'
[1.985s] Level 1:colcon.colcon_core.environment:checking '/home/dung/ros_ws/install/my_robot_planning/bin'
[1.985s] Level 1:colcon.colcon_core.environment:checking '/home/dung/ros_ws/install/my_robot_planning/lib/pkgconfig/my_robot_planning.pc'
[1.990s] Level 1:colcon.colcon_core.environment:checking '/home/dung/ros_ws/install/my_robot_planning/lib/python3.10/site-packages'
[1.991s] Level 1:colcon.colcon_core.environment:checking '/home/dung/ros_ws/install/my_robot_planning/bin'
[1.991s] INFO:colcon.colcon_core.shell:Creating package script '/home/dung/ros_ws/install/my_robot_planning/share/my_robot_planning/package.ps1'
[1.992s] INFO:colcon.colcon_core.shell:Creating package descriptor '/home/dung/ros_ws/install/my_robot_planning/share/my_robot_planning/package.dsv'
[1.993s] INFO:colcon.colcon_core.shell:Creating package script '/home/dung/ros_ws/install/my_robot_planning/share/my_robot_planning/package.sh'
[1.994s] INFO:colcon.colcon_core.shell:Creating package script '/home/dung/ros_ws/install/my_robot_planning/share/my_robot_planning/package.bash'
[1.994s] INFO:colcon.colcon_core.shell:Creating package script '/home/dung/ros_ws/install/my_robot_planning/share/my_robot_planning/package.zsh'
[1.995s] Level 1:colcon.colcon_core.environment:create_file_with_runtime_dependencies(/home/dung/ros_ws/install/my_robot_planning/share/colcon-core/packages/my_robot_planning)
[1.998s] Level 1:colcon.colcon_core.environment:create_environment_scripts_only(my_robot_planning)
[2.000s] Level 1:colcon.colcon_core.environment:checking '/home/dung/ros_ws/install/my_robot_planning' for CMake module files
[2.000s] Level 1:colcon.colcon_core.environment:checking '/home/dung/ros_ws/install/my_robot_planning' for CMake config files
[2.000s] Level 1:colcon.colcon_core.shell:create_environment_hook('my_robot_planning', 'cmake_prefix_path')
[2.001s] INFO:colcon.colcon_core.shell:Creating environment hook '/home/dung/ros_ws/install/my_robot_planning/share/my_robot_planning/hook/cmake_prefix_path.ps1'
[2.001s] INFO:colcon.colcon_core.shell:Creating environment descriptor '/home/dung/ros_ws/install/my_robot_planning/share/my_robot_planning/hook/cmake_prefix_path.dsv'
[2.004s] INFO:colcon.colcon_core.shell:Creating environment hook '/home/dung/ros_ws/install/my_robot_planning/share/my_robot_planning/hook/cmake_prefix_path.sh'
[2.005s] Level 1:colcon.colcon_core.environment:checking '/home/dung/ros_ws/install/my_robot_planning/lib'
[2.005s] Level 1:colcon.colcon_core.shell:create_environment_hook('my_robot_planning', 'ld_library_path_lib')
[2.006s] INFO:colcon.colcon_core.shell:Creating environment hook '/home/dung/ros_ws/install/my_robot_planning/share/my_robot_planning/hook/ld_library_path_lib.ps1'
[2.008s] INFO:colcon.colcon_core.shell:Creating environment descriptor '/home/dung/ros_ws/install/my_robot_planning/share/my_robot_planning/hook/ld_library_path_lib.dsv'
[2.009s] INFO:colcon.colcon_core.shell:Creating environment hook '/home/dung/ros_ws/install/my_robot_planning/share/my_robot_planning/hook/ld_library_path_lib.sh'
[2.010s] Level 1:colcon.colcon_core.environment:checking '/home/dung/ros_ws/install/my_robot_planning/bin'
[2.010s] Level 1:colcon.colcon_core.environment:checking '/home/dung/ros_ws/install/my_robot_planning/lib/pkgconfig/my_robot_planning.pc'
[2.010s] Level 1:colcon.colcon_core.environment:checking '/home/dung/ros_ws/install/my_robot_planning/lib/python3.10/site-packages'
[2.013s] Level 1:colcon.colcon_core.environment:checking '/home/dung/ros_ws/install/my_robot_planning/bin'
[2.013s] INFO:colcon.colcon_core.shell:Creating package script '/home/dung/ros_ws/install/my_robot_planning/share/my_robot_planning/package.ps1'
[2.014s] INFO:colcon.colcon_core.shell:Creating package descriptor '/home/dung/ros_ws/install/my_robot_planning/share/my_robot_planning/package.dsv'
[2.015s] INFO:colcon.colcon_core.shell:Creating package script '/home/dung/ros_ws/install/my_robot_planning/share/my_robot_planning/package.sh'
[2.015s] INFO:colcon.colcon_core.shell:Creating package script '/home/dung/ros_ws/install/my_robot_planning/share/my_robot_planning/package.bash'
[2.016s] INFO:colcon.colcon_core.shell:Creating package script '/home/dung/ros_ws/install/my_robot_planning/share/my_robot_planning/package.zsh'
[2.017s] Level 1:colcon.colcon_core.environment:create_file_with_runtime_dependencies(/home/dung/ros_ws/install/my_robot_planning/share/colcon-core/packages/my_robot_planning)
[2.049s] Level 1:colcon.colcon_core.environment:create_environment_scripts_only(my_robot_utils)
[2.050s] Level 1:colcon.colcon_core.environment:checking '/home/dung/ros_ws/install/my_robot_utils' for CMake module files
[2.050s] Level 1:colcon.colcon_core.environment:checking '/home/dung/ros_ws/install/my_robot_utils' for CMake config files
[2.051s] Level 1:colcon.colcon_core.shell:create_environment_hook('my_robot_utils', 'cmake_prefix_path')
[2.052s] INFO:colcon.colcon_core.shell:Creating environment hook '/home/dung/ros_ws/install/my_robot_utils/share/my_robot_utils/hook/cmake_prefix_path.ps1'
[2.052s] INFO:colcon.colcon_core.shell:Creating environment descriptor '/home/dung/ros_ws/install/my_robot_utils/share/my_robot_utils/hook/cmake_prefix_path.dsv'
[2.053s] INFO:colcon.colcon_core.shell:Creating environment hook '/home/dung/ros_ws/install/my_robot_utils/share/my_robot_utils/hook/cmake_prefix_path.sh'
[2.053s] Level 1:colcon.colcon_core.environment:checking '/home/dung/ros_ws/install/my_robot_utils/lib'
[2.055s] Level 1:colcon.colcon_core.environment:checking '/home/dung/ros_ws/install/my_robot_utils/bin'
[2.056s] Level 1:colcon.colcon_core.environment:checking '/home/dung/ros_ws/install/my_robot_utils/lib/pkgconfig/my_robot_utils.pc'
[2.056s] Level 1:colcon.colcon_core.environment:checking '/home/dung/ros_ws/install/my_robot_utils/lib/python3.10/site-packages'
[2.056s] Level 1:colcon.colcon_core.environment:checking '/home/dung/ros_ws/install/my_robot_utils/bin'
[2.057s] INFO:colcon.colcon_core.shell:Creating package script '/home/dung/ros_ws/install/my_robot_utils/share/my_robot_utils/package.ps1'
[2.057s] DEBUG:colcon.colcon_core.event_handler.log_command:Invoked command in '/home/dung/ros_ws/build/my_robot_utils' returned '0': CMAKE_PREFIX_PATH=${CMAKE_PREFIX_PATH}:/home/dung/ros_ws/install/keyboard_teleop:/opt/ros/humble /usr/bin/cmake --install /home/dung/ros_ws/build/my_robot_utils
[2.059s] INFO:colcon.colcon_core.shell:Creating package descriptor '/home/dung/ros_ws/install/my_robot_utils/share/my_robot_utils/package.dsv'
[2.059s] INFO:colcon.colcon_core.shell:Creating package script '/home/dung/ros_ws/install/my_robot_utils/share/my_robot_utils/package.sh'
[2.061s] INFO:colcon.colcon_core.shell:Creating package script '/home/dung/ros_ws/install/my_robot_utils/share/my_robot_utils/package.bash'
[2.061s] INFO:colcon.colcon_core.shell:Creating package script '/home/dung/ros_ws/install/my_robot_utils/share/my_robot_utils/package.zsh'
[2.062s] Level 1:colcon.colcon_core.environment:create_file_with_runtime_dependencies(/home/dung/ros_ws/install/my_robot_utils/share/colcon-core/packages/my_robot_utils)
[2.063s] Level 1:colcon.colcon_core.environment:create_environment_scripts_only(my_robot_utils)
[2.063s] Level 1:colcon.colcon_core.environment:checking '/home/dung/ros_ws/install/my_robot_utils' for CMake module files
[2.063s] Level 1:colcon.colcon_core.environment:checking '/home/dung/ros_ws/install/my_robot_utils' for CMake config files
[2.064s] Level 1:colcon.colcon_core.shell:create_environment_hook('my_robot_utils', 'cmake_prefix_path')
[2.065s] INFO:colcon.colcon_core.shell:Creating environment hook '/home/dung/ros_ws/install/my_robot_utils/share/my_robot_utils/hook/cmake_prefix_path.ps1'
[2.066s] INFO:colcon.colcon_core.shell:Creating environment descriptor '/home/dung/ros_ws/install/my_robot_utils/share/my_robot_utils/hook/cmake_prefix_path.dsv'
[2.066s] INFO:colcon.colcon_core.shell:Creating environment hook '/home/dung/ros_ws/install/my_robot_utils/share/my_robot_utils/hook/cmake_prefix_path.sh'
[2.068s] Level 1:colcon.colcon_core.environment:checking '/home/dung/ros_ws/install/my_robot_utils/lib'
[2.068s] Level 1:colcon.colcon_core.environment:checking '/home/dung/ros_ws/install/my_robot_utils/bin'
[2.068s] Level 1:colcon.colcon_core.environment:checking '/home/dung/ros_ws/install/my_robot_utils/lib/pkgconfig/my_robot_utils.pc'
[2.068s] Level 1:colcon.colcon_core.environment:checking '/home/dung/ros_ws/install/my_robot_utils/lib/python3.10/site-packages'
[2.068s] Level 1:colcon.colcon_core.environment:checking '/home/dung/ros_ws/install/my_robot_utils/bin'
[2.070s] INFO:colcon.colcon_core.shell:Creating package script '/home/dung/ros_ws/install/my_robot_utils/share/my_robot_utils/package.ps1'
[2.071s] INFO:colcon.colcon_core.shell:Creating package descriptor '/home/dung/ros_ws/install/my_robot_utils/share/my_robot_utils/package.dsv'
[2.071s] INFO:colcon.colcon_core.shell:Creating package script '/home/dung/ros_ws/install/my_robot_utils/share/my_robot_utils/package.sh'
[2.072s] INFO:colcon.colcon_core.shell:Creating package script '/home/dung/ros_ws/install/my_robot_utils/share/my_robot_utils/package.bash'
[2.073s] INFO:colcon.colcon_core.shell:Creating package script '/home/dung/ros_ws/install/my_robot_utils/share/my_robot_utils/package.zsh'
[2.073s] Level 1:colcon.colcon_core.environment:create_file_with_runtime_dependencies(/home/dung/ros_ws/install/my_robot_utils/share/colcon-core/packages/my_robot_utils)
[2.184s] DEBUG:colcon.colcon_core.event_handler.log_command:Invoked command in '/home/dung/ros_ws/build/my_robot_msgs' returned '0': CMAKE_PREFIX_PATH=${CMAKE_PREFIX_PATH}:/home/dung/ros_ws/install/keyboard_teleop:/opt/ros/humble /usr/bin/cmake --build /home/dung/ros_ws/build/my_robot_msgs -- -j6 -l6
[2.190s] DEBUG:colcon.colcon_core.event_handler.log_command:Invoking command in '/home/dung/ros_ws/build/my_robot_msgs': CMAKE_PREFIX_PATH=${CMAKE_PREFIX_PATH}:/home/dung/ros_ws/install/keyboard_teleop:/opt/ros/humble /usr/bin/cmake --install /home/dung/ros_ws/build/my_robot_msgs
[2.288s] DEBUG:colcon.colcon_core.event_handler.log_command:Invoked command in '/home/dung/ros_ws/build/myrobot_controller' returned '0': CMAKE_PREFIX_PATH=${CMAKE_PREFIX_PATH}:/home/dung/ros_ws/install/keyboard_teleop:/opt/ros/humble /usr/bin/cmake --build /home/dung/ros_ws/build/myrobot_controller -- -j6 -l6
[2.289s] DEBUG:colcon.colcon_core.event_handler.log_command:Invoking command in '/home/dung/ros_ws/build/myrobot_controller': CMAKE_PREFIX_PATH=${CMAKE_PREFIX_PATH}:/home/dung/ros_ws/install/keyboard_teleop:/opt/ros/humble /usr/bin/cmake --install /home/dung/ros_ws/build/myrobot_controller
[2.313s] Level 1:colcon.colcon_core.environment:create_environment_scripts_only(my_robot_msgs)
[2.314s] Level 1:colcon.colcon_core.environment:checking '/home/dung/ros_ws/install/my_robot_msgs' for CMake module files
[2.315s] Level 1:colcon.colcon_core.environment:checking '/home/dung/ros_ws/install/my_robot_msgs' for CMake config files
[2.315s] Level 1:colcon.colcon_core.shell:create_environment_hook('my_robot_msgs', 'cmake_prefix_path')
[2.317s] INFO:colcon.colcon_core.shell:Creating environment hook '/home/dung/ros_ws/install/my_robot_msgs/share/my_robot_msgs/hook/cmake_prefix_path.ps1'
[2.320s] INFO:colcon.colcon_core.shell:Creating environment descriptor '/home/dung/ros_ws/install/my_robot_msgs/share/my_robot_msgs/hook/cmake_prefix_path.dsv'
[2.320s] INFO:colcon.colcon_core.shell:Creating environment hook '/home/dung/ros_ws/install/my_robot_msgs/share/my_robot_msgs/hook/cmake_prefix_path.sh'
[2.323s] DEBUG:colcon.colcon_core.event_handler.log_command:Invoked command in '/home/dung/ros_ws/build/my_robot_msgs' returned '0': CMAKE_PREFIX_PATH=${CMAKE_PREFIX_PATH}:/home/dung/ros_ws/install/keyboard_teleop:/opt/ros/humble /usr/bin/cmake --install /home/dung/ros_ws/build/my_robot_msgs
[2.324s] Level 1:colcon.colcon_core.environment:checking '/home/dung/ros_ws/install/my_robot_msgs/lib'
[2.325s] Level 1:colcon.colcon_core.shell:create_environment_hook('my_robot_msgs', 'ld_library_path_lib')
[2.325s] INFO:colcon.colcon_core.shell:Creating environment hook '/home/dung/ros_ws/install/my_robot_msgs/share/my_robot_msgs/hook/ld_library_path_lib.ps1'
[2.325s] INFO:colcon.colcon_core.shell:Creating environment descriptor '/home/dung/ros_ws/install/my_robot_msgs/share/my_robot_msgs/hook/ld_library_path_lib.dsv'
[2.326s] INFO:colcon.colcon_core.shell:Creating environment hook '/home/dung/ros_ws/install/my_robot_msgs/share/my_robot_msgs/hook/ld_library_path_lib.sh'
[2.331s] Level 1:colcon.colcon_core.environment:checking '/home/dung/ros_ws/install/my_robot_msgs/bin'
[2.331s] Level 1:colcon.colcon_core.environment:checking '/home/dung/ros_ws/install/my_robot_msgs/lib/pkgconfig/my_robot_msgs.pc'
[2.331s] Level 1:colcon.colcon_core.environment:checking '/home/dung/ros_ws/install/my_robot_msgs/lib/python3.10/site-packages'
[2.332s] Level 1:colcon.colcon_core.environment:checking '/home/dung/ros_ws/install/my_robot_msgs/bin'
[2.332s] INFO:colcon.colcon_core.shell:Creating package script '/home/dung/ros_ws/install/my_robot_msgs/share/my_robot_msgs/package.ps1'
[2.336s] INFO:colcon.colcon_core.shell:Creating package descriptor '/home/dung/ros_ws/install/my_robot_msgs/share/my_robot_msgs/package.dsv'
[2.344s] INFO:colcon.colcon_core.shell:Creating package script '/home/dung/ros_ws/install/my_robot_msgs/share/my_robot_msgs/package.sh'
[2.345s] INFO:colcon.colcon_core.shell:Creating package script '/home/dung/ros_ws/install/my_robot_msgs/share/my_robot_msgs/package.bash'
[2.345s] INFO:colcon.colcon_core.shell:Creating package script '/home/dung/ros_ws/install/my_robot_msgs/share/my_robot_msgs/package.zsh'
[2.346s] Level 1:colcon.colcon_core.environment:create_file_with_runtime_dependencies(/home/dung/ros_ws/install/my_robot_msgs/share/colcon-core/packages/my_robot_msgs)
[2.347s] Level 1:colcon.colcon_core.environment:create_environment_scripts_only(my_robot_msgs)
[2.347s] Level 1:colcon.colcon_core.environment:checking '/home/dung/ros_ws/install/my_robot_msgs' for CMake module files
[2.356s] Level 1:colcon.colcon_core.environment:checking '/home/dung/ros_ws/install/my_robot_msgs' for CMake config files
[2.356s] Level 1:colcon.colcon_core.shell:create_environment_hook('my_robot_msgs', 'cmake_prefix_path')
[2.357s] INFO:colcon.colcon_core.shell:Creating environment hook '/home/dung/ros_ws/install/my_robot_msgs/share/my_robot_msgs/hook/cmake_prefix_path.ps1'
[2.361s] INFO:colcon.colcon_core.shell:Creating environment descriptor '/home/dung/ros_ws/install/my_robot_msgs/share/my_robot_msgs/hook/cmake_prefix_path.dsv'
[2.363s] INFO:colcon.colcon_core.shell:Creating environment hook '/home/dung/ros_ws/install/my_robot_msgs/share/my_robot_msgs/hook/cmake_prefix_path.sh'
[2.363s] Level 1:colcon.colcon_core.environment:checking '/home/dung/ros_ws/install/my_robot_msgs/lib'
[2.363s] Level 1:colcon.colcon_core.shell:create_environment_hook('my_robot_msgs', 'ld_library_path_lib')
[2.364s] INFO:colcon.colcon_core.shell:Creating environment hook '/home/dung/ros_ws/install/my_robot_msgs/share/my_robot_msgs/hook/ld_library_path_lib.ps1'
[2.364s] INFO:colcon.colcon_core.shell:Creating environment descriptor '/home/dung/ros_ws/install/my_robot_msgs/share/my_robot_msgs/hook/ld_library_path_lib.dsv'
[2.364s] INFO:colcon.colcon_core.shell:Creating environment hook '/home/dung/ros_ws/install/my_robot_msgs/share/my_robot_msgs/hook/ld_library_path_lib.sh'
[2.365s] Level 1:colcon.colcon_core.environment:checking '/home/dung/ros_ws/install/my_robot_msgs/bin'
[2.365s] Level 1:colcon.colcon_core.environment:checking '/home/dung/ros_ws/install/my_robot_msgs/lib/pkgconfig/my_robot_msgs.pc'
[2.366s] Level 1:colcon.colcon_core.environment:checking '/home/dung/ros_ws/install/my_robot_msgs/lib/python3.10/site-packages'
[2.366s] Level 1:colcon.colcon_core.environment:checking '/home/dung/ros_ws/install/my_robot_msgs/bin'
[2.366s] INFO:colcon.colcon_core.shell:Creating package script '/home/dung/ros_ws/install/my_robot_msgs/share/my_robot_msgs/package.ps1'
[2.367s] INFO:colcon.colcon_core.shell:Creating package descriptor '/home/dung/ros_ws/install/my_robot_msgs/share/my_robot_msgs/package.dsv'
[2.367s] INFO:colcon.colcon_core.shell:Creating package script '/home/dung/ros_ws/install/my_robot_msgs/share/my_robot_msgs/package.sh'
[2.368s] INFO:colcon.colcon_core.shell:Creating package script '/home/dung/ros_ws/install/my_robot_msgs/share/my_robot_msgs/package.bash'
[2.368s] INFO:colcon.colcon_core.shell:Creating package script '/home/dung/ros_ws/install/my_robot_msgs/share/my_robot_msgs/package.zsh'
[2.371s] Level 1:colcon.colcon_core.environment:create_file_with_runtime_dependencies(/home/dung/ros_ws/install/my_robot_msgs/share/colcon-core/packages/my_robot_msgs)
[2.372s] INFO:colcon.colcon_ros.task.ament_python.build:Building ROS package in '/home/dung/ros_ws/src/keyboard_teleop' with build type 'ament_python'
[2.372s] Level 1:colcon.colcon_core.shell:create_environment_hook('keyboard_teleop', 'ament_prefix_path')
[2.372s] INFO:colcon.colcon_core.shell:Creating environment hook '/home/dung/ros_ws/install/keyboard_teleop/share/keyboard_teleop/hook/ament_prefix_path.ps1'
[2.374s] INFO:colcon.colcon_core.shell:Creating environment descriptor '/home/dung/ros_ws/install/keyboard_teleop/share/keyboard_teleop/hook/ament_prefix_path.dsv'
[2.374s] INFO:colcon.colcon_core.shell:Creating environment hook '/home/dung/ros_ws/install/keyboard_teleop/share/keyboard_teleop/hook/ament_prefix_path.sh'
[2.375s] INFO:colcon.colcon_core.shell:Skip shell extension 'powershell' for command environment: Not usable outside of PowerShell
[2.375s] DEBUG:colcon.colcon_core.shell:Skip shell extension 'dsv' for command environment
[2.382s] Level 1:colcon.colcon_core.environment:create_environment_scripts_only(myrobot_controller)
[2.384s] Level 1:colcon.colcon_core.environment:checking '/home/dung/ros_ws/install/myrobot_controller' for CMake module files
[2.385s] DEBUG:colcon.colcon_core.event_handler.log_command:Invoked command in '/home/dung/ros_ws/build/myrobot_controller' returned '0': CMAKE_PREFIX_PATH=${CMAKE_PREFIX_PATH}:/home/dung/ros_ws/install/keyboard_teleop:/opt/ros/humble /usr/bin/cmake --install /home/dung/ros_ws/build/myrobot_controller
[2.385s] Level 1:colcon.colcon_core.environment:checking '/home/dung/ros_ws/install/myrobot_controller' for CMake config files
[2.386s] Level 1:colcon.colcon_core.shell:create_environment_hook('myrobot_controller', 'cmake_prefix_path')
[2.386s] INFO:colcon.colcon_core.shell:Creating environment hook '/home/dung/ros_ws/install/myrobot_controller/share/myrobot_controller/hook/cmake_prefix_path.ps1'
[2.386s] INFO:colcon.colcon_core.shell:Creating environment descriptor '/home/dung/ros_ws/install/myrobot_controller/share/myrobot_controller/hook/cmake_prefix_path.dsv'
[2.387s] INFO:colcon.colcon_core.shell:Creating environment hook '/home/dung/ros_ws/install/myrobot_controller/share/myrobot_controller/hook/cmake_prefix_path.sh'
[2.387s] Level 1:colcon.colcon_core.environment:checking '/home/dung/ros_ws/install/myrobot_controller/lib'
[2.387s] Level 1:colcon.colcon_core.environment:checking '/home/dung/ros_ws/install/myrobot_controller/bin'
[2.387s] Level 1:colcon.colcon_core.environment:checking '/home/dung/ros_ws/install/myrobot_controller/lib/pkgconfig/myrobot_controller.pc'
[2.387s] Level 1:colcon.colcon_core.environment:checking '/home/dung/ros_ws/install/myrobot_controller/lib/python3.10/site-packages'
[2.388s] Level 1:colcon.colcon_core.environment:checking '/home/dung/ros_ws/install/myrobot_controller/bin'
[2.388s] INFO:colcon.colcon_core.shell:Creating package script '/home/dung/ros_ws/install/myrobot_controller/share/myrobot_controller/package.ps1'
[2.392s] INFO:colcon.colcon_core.shell:Creating package descriptor '/home/dung/ros_ws/install/myrobot_controller/share/myrobot_controller/package.dsv'
[2.392s] INFO:colcon.colcon_core.shell:Creating package script '/home/dung/ros_ws/install/myrobot_controller/share/myrobot_controller/package.sh'
[2.393s] INFO:colcon.colcon_core.shell:Creating package script '/home/dung/ros_ws/install/myrobot_controller/share/myrobot_controller/package.bash'
[2.393s] INFO:colcon.colcon_core.shell:Creating package script '/home/dung/ros_ws/install/myrobot_controller/share/myrobot_controller/package.zsh'
[2.393s] Level 1:colcon.colcon_core.environment:create_file_with_runtime_dependencies(/home/dung/ros_ws/install/myrobot_controller/share/colcon-core/packages/myrobot_controller)
[2.397s] Level 1:colcon.colcon_core.environment:create_environment_scripts_only(myrobot_controller)
[2.397s] Level 1:colcon.colcon_core.environment:checking '/home/dung/ros_ws/install/myrobot_controller' for CMake module files
[2.398s] Level 1:colcon.colcon_core.environment:checking '/home/dung/ros_ws/install/myrobot_controller' for CMake config files
[2.398s] Level 1:colcon.colcon_core.shell:create_environment_hook('myrobot_controller', 'cmake_prefix_path')
[2.399s] INFO:colcon.colcon_core.shell:Creating environment hook '/home/dung/ros_ws/install/myrobot_controller/share/myrobot_controller/hook/cmake_prefix_path.ps1'
[2.400s] INFO:colcon.colcon_core.shell:Creating environment descriptor '/home/dung/ros_ws/install/myrobot_controller/share/myrobot_controller/hook/cmake_prefix_path.dsv'
[2.401s] INFO:colcon.colcon_core.shell:Creating environment hook '/home/dung/ros_ws/install/myrobot_controller/share/myrobot_controller/hook/cmake_prefix_path.sh'
[2.401s] Level 1:colcon.colcon_core.environment:checking '/home/dung/ros_ws/install/myrobot_controller/lib'
[2.401s] Level 1:colcon.colcon_core.environment:checking '/home/dung/ros_ws/install/myrobot_controller/bin'
[2.401s] Level 1:colcon.colcon_core.environment:checking '/home/dung/ros_ws/install/myrobot_controller/lib/pkgconfig/myrobot_controller.pc'
[2.402s] Level 1:colcon.colcon_core.environment:checking '/home/dung/ros_ws/install/myrobot_controller/lib/python3.10/site-packages'
[2.402s] Level 1:colcon.colcon_core.environment:checking '/home/dung/ros_ws/install/myrobot_controller/bin'
[2.402s] INFO:colcon.colcon_core.shell:Creating package script '/home/dung/ros_ws/install/myrobot_controller/share/myrobot_controller/package.ps1'
[2.402s] INFO:colcon.colcon_core.shell:Creating package descriptor '/home/dung/ros_ws/install/myrobot_controller/share/myrobot_controller/package.dsv'
[2.403s] INFO:colcon.colcon_core.shell:Creating package script '/home/dung/ros_ws/install/myrobot_controller/share/myrobot_controller/package.sh'
[2.403s] INFO:colcon.colcon_core.shell:Creating package script '/home/dung/ros_ws/install/myrobot_controller/share/myrobot_controller/package.bash'
[2.407s] INFO:colcon.colcon_core.shell:Creating package script '/home/dung/ros_ws/install/myrobot_controller/share/myrobot_controller/package.zsh'
[2.407s] Level 1:colcon.colcon_core.environment:create_file_with_runtime_dependencies(/home/dung/ros_ws/install/myrobot_controller/share/colcon-core/packages/myrobot_controller)
[2.667s] INFO:colcon.colcon_core.task.python.build:Building Python package in '/home/dung/ros_ws/src/keyboard_teleop'
[2.667s] INFO:colcon.colcon_core.shell:Skip shell extension 'powershell' for command environment: Not usable outside of PowerShell
[2.667s] DEBUG:colcon.colcon_core.shell:Skip shell extension 'dsv' for command environment
[3.058s] DEBUG:colcon.colcon_core.event_handler.log_command:Invoking command in '/home/dung/ros_ws/src/keyboard_teleop': CMAKE_PREFIX_PATH=/home/dung/ros_ws/install/my_robot_msgs:/home/dung/ros_ws/install/myrobot_controller:/home/dung/ros_ws/install/my_robot_utils:/home/dung/ros_ws/install/my_robot_planning:/home/dung/ros_ws/install/my_robot_navi:/home/dung/ros_ws/install/my_robot_motion:/home/dung/ros_ws/install/my_robot_mapping:/home/dung/ros_ws/install/my_robot_localization:/home/dung/ros_ws/install/my_robot_firmware:/home/dung/ros_ws/install/my_robot_bringup:/home/dung/ros_ws/install/my_robot_description LD_LIBRARY_PATH=/home/dung/ros_ws/install/my_robot_msgs/lib:/home/dung/ros_ws/install/my_robot_planning/lib:/home/dung/ros_ws/install/my_robot_motion/lib:/usr/lib/x86_64-linux-gnu/gazebo-11/plugins:/opt/ros/humble/opt/rviz_ogre_vendor/lib:/opt/ros/humble/lib/x86_64-linux-gnu:/opt/ros/humble/lib PYTHONPATH=/home/dung/ros_ws/build/keyboard_teleop/prefix_override:/usr/lib/python3/dist-packages/colcon_core/task/python/colcon_distutils_commands:/home/dung/ros_ws/install/keyboard_teleop/lib/python3.10/site-packages:${PYTHONPATH} /usr/bin/python3 -W ignore:setup.py install is deprecated -W ignore:easy_install command is deprecated setup.py egg_info --egg-base ../../build/keyboard_teleop build --build-base /home/dung/ros_ws/build/keyboard_teleop/build install --record /home/dung/ros_ws/build/keyboard_teleop/install.log --single-version-externally-managed install_data
[3.375s] Level 1:colcon.colcon_core.environment:checking '/home/dung/ros_ws/install/keyboard_teleop' for CMake module files
[3.375s] DEBUG:colcon.colcon_core.event_handler.log_command:Invoked command in '/home/dung/ros_ws/src/keyboard_teleop' returned '0': CMAKE_PREFIX_PATH=/home/dung/ros_ws/install/my_robot_msgs:/home/dung/ros_ws/install/myrobot_controller:/home/dung/ros_ws/install/my_robot_utils:/home/dung/ros_ws/install/my_robot_planning:/home/dung/ros_ws/install/my_robot_navi:/home/dung/ros_ws/install/my_robot_motion:/home/dung/ros_ws/install/my_robot_mapping:/home/dung/ros_ws/install/my_robot_localization:/home/dung/ros_ws/install/my_robot_firmware:/home/dung/ros_ws/install/my_robot_bringup:/home/dung/ros_ws/install/my_robot_description LD_LIBRARY_PATH=/home/dung/ros_ws/install/my_robot_msgs/lib:/home/dung/ros_ws/install/my_robot_planning/lib:/home/dung/ros_ws/install/my_robot_motion/lib:/usr/lib/x86_64-linux-gnu/gazebo-11/plugins:/opt/ros/humble/opt/rviz_ogre_vendor/lib:/opt/ros/humble/lib/x86_64-linux-gnu:/opt/ros/humble/lib PYTHONPATH=/home/dung/ros_ws/build/keyboard_teleop/prefix_override:/usr/lib/python3/dist-packages/colcon_core/task/python/colcon_distutils_commands:/home/dung/ros_ws/install/keyboard_teleop/lib/python3.10/site-packages:${PYTHONPATH} /usr/bin/python3 -W ignore:setup.py install is deprecated -W ignore:easy_install command is deprecated setup.py egg_info --egg-base ../../build/keyboard_teleop build --build-base /home/dung/ros_ws/build/keyboard_teleop/build install --record /home/dung/ros_ws/build/keyboard_teleop/install.log --single-version-externally-managed install_data
[3.378s] Level 1:colcon.colcon_core.environment:checking '/home/dung/ros_ws/install/keyboard_teleop' for CMake config files
[3.379s] Level 1:colcon.colcon_core.environment:checking '/home/dung/ros_ws/install/keyboard_teleop/lib'
[3.379s] Level 1:colcon.colcon_core.environment:checking '/home/dung/ros_ws/install/keyboard_teleop/bin'
[3.379s] Level 1:colcon.colcon_core.environment:checking '/home/dung/ros_ws/install/keyboard_teleop/lib/pkgconfig/keyboard_teleop.pc'
[3.379s] Level 1:colcon.colcon_core.environment:checking '/home/dung/ros_ws/install/keyboard_teleop/lib/python3.10/site-packages'
[3.379s] Level 1:colcon.colcon_core.shell:create_environment_hook('keyboard_teleop', 'pythonpath')
[3.380s] INFO:colcon.colcon_core.shell:Creating environment hook '/home/dung/ros_ws/install/keyboard_teleop/share/keyboard_teleop/hook/pythonpath.ps1'
[3.380s] INFO:colcon.colcon_core.shell:Creating environment descriptor '/home/dung/ros_ws/install/keyboard_teleop/share/keyboard_teleop/hook/pythonpath.dsv'
[3.381s] INFO:colcon.colcon_core.shell:Creating environment hook '/home/dung/ros_ws/install/keyboard_teleop/share/keyboard_teleop/hook/pythonpath.sh'
[3.381s] Level 1:colcon.colcon_core.environment:checking '/home/dung/ros_ws/install/keyboard_teleop/bin'
[3.382s] Level 1:colcon.colcon_core.environment:create_environment_scripts_only(keyboard_teleop)
[3.382s] INFO:colcon.colcon_core.shell:Creating package script '/home/dung/ros_ws/install/keyboard_teleop/share/keyboard_teleop/package.ps1'
[3.382s] INFO:colcon.colcon_core.shell:Creating package descriptor '/home/dung/ros_ws/install/keyboard_teleop/share/keyboard_teleop/package.dsv'
[3.383s] INFO:colcon.colcon_core.shell:Creating package script '/home/dung/ros_ws/install/keyboard_teleop/share/keyboard_teleop/package.sh'
[3.383s] INFO:colcon.colcon_core.shell:Creating package script '/home/dung/ros_ws/install/keyboard_teleop/share/keyboard_teleop/package.bash'
[3.383s] INFO:colcon.colcon_core.shell:Creating package script '/home/dung/ros_ws/install/keyboard_teleop/share/keyboard_teleop/package.zsh'
[3.384s] Level 1:colcon.colcon_core.environment:create_file_with_runtime_dependencies(/home/dung/ros_ws/install/keyboard_teleop/share/colcon-core/packages/keyboard_teleop)
[3.384s] DEBUG:colcon.colcon_parallel_executor.executor.parallel:closing loop
[3.384s] DEBUG:colcon.colcon_parallel_executor.executor.parallel:loop closed
[3.385s] DEBUG:colcon.colcon_parallel_executor.executor.parallel:run_until_complete finished with '0'
[3.385s] DEBUG:colcon.colcon_core.event_reactor:joining thread
[3.398s] INFO:colcon.colcon_core.plugin_system:Skipping extension 'colcon_notification.desktop_notification.terminal_notifier': Not used on non-Darwin systems
[3.398s] INFO:colcon.colcon_core.plugin_system:Skipping extension 'colcon_notification.desktop_notification.win32': Not used on non-Windows systems
[3.398s] INFO:colcon.colcon_notification.desktop_notification:Sending desktop notification using 'notify2'
[3.432s] DEBUG:colcon.colcon_core.event_reactor:joined thread
[3.432s] INFO:colcon.colcon_core.shell:Creating prefix script '/home/dung/ros_ws/install/local_setup.ps1'
[3.434s] INFO:colcon.colcon_core.shell:Creating prefix util module '/home/dung/ros_ws/install/_local_setup_util_ps1.py'
[3.435s] INFO:colcon.colcon_core.shell:Creating prefix chain script '/home/dung/ros_ws/install/setup.ps1'
[3.436s] INFO:colcon.colcon_core.shell:Creating prefix script '/home/dung/ros_ws/install/local_setup.sh'
[3.437s] INFO:colcon.colcon_core.shell:Creating prefix util module '/home/dung/ros_ws/install/_local_setup_util_sh.py'
[3.437s] INFO:colcon.colcon_core.shell:Creating prefix chain script '/home/dung/ros_ws/install/setup.sh'
[3.439s] INFO:colcon.colcon_core.shell:Creating prefix script '/home/dung/ros_ws/install/local_setup.bash'
[3.439s] INFO:colcon.colcon_core.shell:Creating prefix chain script '/home/dung/ros_ws/install/setup.bash'
[3.441s] INFO:colcon.colcon_core.shell:Creating prefix script '/home/dung/ros_ws/install/local_setup.zsh'
[3.442s] INFO:colcon.colcon_core.shell:Creating prefix chain script '/home/dung/ros_ws/install/setup.zsh'
