[0.062s] DEBUG:colcon:Command line arguments: ['/usr/bin/colcon', 'build']
[0.062s] DEBUG:colcon:Parsed command line arguments: Namespace(log_base=None, log_level=None, verb_name='build', build_base='build', install_base='install', merge_install=False, symlink_install=False, test_result_base=None, continue_on_error=False, executor='parallel', parallel_workers=12, event_handlers=None, ignore_user_meta=False, metas=['./colcon.meta'], base_paths=['.'], packages_ignore=None, packages_ignore_regex=None, paths=None, packages_up_to=None, packages_up_to_regex=None, packages_above=None, packages_above_and_dependencies=None, packages_above_depth=None, packages_select_by_dep=None, packages_skip_by_dep=None, packages_skip_up_to=None, packages_select_build_failed=False, packages_skip_build_finished=False, packages_select_test_failures=False, packages_skip_test_passed=False, packages_select=None, packages_skip=None, packages_select_regex=None, packages_skip_regex=None, packages_start=None, packages_end=None, allow_overriding=[], cmake_args=None, cmake_target=None, cmake_target_skip_unavailable=False, cmake_clean_cache=False, cmake_clean_first=False, cmake_force_configure=False, ament_cmake_args=None, catkin_cmake_args=None, catkin_skip_building_tests=False, mixin_files=None, mixin=None, verb_parser=<colcon_mixin.mixin.mixin_argument.MixinArgumentDecorator object at 0x751556154790>, verb_extension=<colcon_core.verb.build.BuildVerb object at 0x75155625d660>, main=<bound method BuildVerb.main of <colcon_core.verb.build.BuildVerb object at 0x75155625d660>>, mixin_verb=('build',))
[0.152s] Level 1:colcon.colcon_core.package_discovery:discover_packages(colcon_meta) check parameters
[0.152s] Level 1:colcon.colcon_core.package_discovery:discover_packages(recursive) check parameters
[0.152s] Level 1:colcon.colcon_core.package_discovery:discover_packages(ignore) check parameters
[0.152s] Level 1:colcon.colcon_core.package_discovery:discover_packages(path) check parameters
[0.152s] Level 1:colcon.colcon_core.package_discovery:discover_packages(colcon_meta) discover
[0.152s] Level 1:colcon.colcon_core.package_discovery:discover_packages(recursive) discover
[0.152s] INFO:colcon.colcon_core.package_discovery:Crawling recursively for packages in '/home/dung/ros_ws'
[0.152s] Level 1:colcon.colcon_core.package_identification:_identify(.) by extensions ['ignore', 'ignore_ament_install']
[0.152s] Level 1:colcon.colcon_core.package_identification:_identify(.) by extension 'ignore'
[0.152s] Level 1:colcon.colcon_core.package_identification:_identify(.) by extension 'ignore_ament_install'
[0.152s] Level 1:colcon.colcon_core.package_identification:_identify(.) by extensions ['colcon_pkg']
[0.152s] Level 1:colcon.colcon_core.package_identification:_identify(.) by extension 'colcon_pkg'
[0.152s] Level 1:colcon.colcon_core.package_identification:_identify(.) by extensions ['colcon_meta']
[0.152s] Level 1:colcon.colcon_core.package_identification:_identify(.) by extension 'colcon_meta'
[0.152s] Level 1:colcon.colcon_core.package_identification:_identify(.) by extensions ['ros']
[0.152s] Level 1:colcon.colcon_core.package_identification:_identify(.) by extension 'ros'
[0.158s] Level 1:colcon.colcon_core.package_identification:_identify(.) by extensions ['cmake', 'python']
[0.159s] Level 1:colcon.colcon_core.package_identification:_identify(.) by extension 'cmake'
[0.159s] Level 1:colcon.colcon_core.package_identification:_identify(.) by extension 'python'
[0.159s] Level 1:colcon.colcon_core.package_identification:_identify(.) by extensions ['python_setup_py']
[0.159s] Level 1:colcon.colcon_core.package_identification:_identify(.) by extension 'python_setup_py'
[0.159s] Level 1:colcon.colcon_core.package_identification:_identify(build) by extensions ['ignore', 'ignore_ament_install']
[0.159s] Level 1:colcon.colcon_core.package_identification:_identify(build) by extension 'ignore'
[0.159s] Level 1:colcon.colcon_core.package_identification:_identify(build) ignored
[0.159s] Level 1:colcon.colcon_core.package_identification:_identify(install) by extensions ['ignore', 'ignore_ament_install']
[0.159s] Level 1:colcon.colcon_core.package_identification:_identify(install) by extension 'ignore'
[0.159s] Level 1:colcon.colcon_core.package_identification:_identify(install) ignored
[0.159s] Level 1:colcon.colcon_core.package_identification:_identify(log) by extensions ['ignore', 'ignore_ament_install']
[0.159s] Level 1:colcon.colcon_core.package_identification:_identify(log) by extension 'ignore'
[0.159s] Level 1:colcon.colcon_core.package_identification:_identify(log) ignored
[0.159s] Level 1:colcon.colcon_core.package_identification:_identify(src) by extensions ['ignore', 'ignore_ament_install']
[0.159s] Level 1:colcon.colcon_core.package_identification:_identify(src) by extension 'ignore'
[0.159s] Level 1:colcon.colcon_core.package_identification:_identify(src) by extension 'ignore_ament_install'
[0.159s] Level 1:colcon.colcon_core.package_identification:_identify(src) by extensions ['colcon_pkg']
[0.159s] Level 1:colcon.colcon_core.package_identification:_identify(src) by extension 'colcon_pkg'
[0.159s] Level 1:colcon.colcon_core.package_identification:_identify(src) by extensions ['colcon_meta']
[0.159s] Level 1:colcon.colcon_core.package_identification:_identify(src) by extension 'colcon_meta'
[0.159s] Level 1:colcon.colcon_core.package_identification:_identify(src) by extensions ['ros']
[0.159s] Level 1:colcon.colcon_core.package_identification:_identify(src) by extension 'ros'
[0.159s] Level 1:colcon.colcon_core.package_identification:_identify(src) by extensions ['cmake', 'python']
[0.159s] Level 1:colcon.colcon_core.package_identification:_identify(src) by extension 'cmake'
[0.159s] Level 1:colcon.colcon_core.package_identification:_identify(src) by extension 'python'
[0.159s] Level 1:colcon.colcon_core.package_identification:_identify(src) by extensions ['python_setup_py']
[0.159s] Level 1:colcon.colcon_core.package_identification:_identify(src) by extension 'python_setup_py'
[0.159s] Level 1:colcon.colcon_core.package_identification:_identify(src/keyboard_teleop) by extensions ['ignore', 'ignore_ament_install']
[0.159s] Level 1:colcon.colcon_core.package_identification:_identify(src/keyboard_teleop) by extension 'ignore'
[0.159s] Level 1:colcon.colcon_core.package_identification:_identify(src/keyboard_teleop) by extension 'ignore_ament_install'
[0.159s] Level 1:colcon.colcon_core.package_identification:_identify(src/keyboard_teleop) by extensions ['colcon_pkg']
[0.160s] Level 1:colcon.colcon_core.package_identification:_identify(src/keyboard_teleop) by extension 'colcon_pkg'
[0.160s] Level 1:colcon.colcon_core.package_identification:_identify(src/keyboard_teleop) by extensions ['colcon_meta']
[0.160s] Level 1:colcon.colcon_core.package_identification:_identify(src/keyboard_teleop) by extension 'colcon_meta'
[0.160s] Level 1:colcon.colcon_core.package_identification:_identify(src/keyboard_teleop) by extensions ['ros']
[0.160s] Level 1:colcon.colcon_core.package_identification:_identify(src/keyboard_teleop) by extension 'ros'
[0.161s] DEBUG:colcon.colcon_core.package_identification:Package 'src/keyboard_teleop' with type 'ros.ament_python' and name 'keyboard_teleop'
[0.161s] Level 1:colcon.colcon_core.package_identification:_identify(src/my_robot_bringup) by extensions ['ignore', 'ignore_ament_install']
[0.161s] Level 1:colcon.colcon_core.package_identification:_identify(src/my_robot_bringup) by extension 'ignore'
[0.161s] Level 1:colcon.colcon_core.package_identification:_identify(src/my_robot_bringup) by extension 'ignore_ament_install'
[0.161s] Level 1:colcon.colcon_core.package_identification:_identify(src/my_robot_bringup) by extensions ['colcon_pkg']
[0.161s] Level 1:colcon.colcon_core.package_identification:_identify(src/my_robot_bringup) by extension 'colcon_pkg'
[0.161s] Level 1:colcon.colcon_core.package_identification:_identify(src/my_robot_bringup) by extensions ['colcon_meta']
[0.161s] Level 1:colcon.colcon_core.package_identification:_identify(src/my_robot_bringup) by extension 'colcon_meta'
[0.161s] Level 1:colcon.colcon_core.package_identification:_identify(src/my_robot_bringup) by extensions ['ros']
[0.161s] Level 1:colcon.colcon_core.package_identification:_identify(src/my_robot_bringup) by extension 'ros'
[0.162s] DEBUG:colcon.colcon_core.package_identification:Package 'src/my_robot_bringup' with type 'ros.ament_cmake' and name 'my_robot_bringup'
[0.162s] Level 1:colcon.colcon_core.package_identification:_identify(src/my_robot_description) by extensions ['ignore', 'ignore_ament_install']
[0.162s] Level 1:colcon.colcon_core.package_identification:_identify(src/my_robot_description) by extension 'ignore'
[0.162s] Level 1:colcon.colcon_core.package_identification:_identify(src/my_robot_description) by extension 'ignore_ament_install'
[0.162s] Level 1:colcon.colcon_core.package_identification:_identify(src/my_robot_description) by extensions ['colcon_pkg']
[0.162s] Level 1:colcon.colcon_core.package_identification:_identify(src/my_robot_description) by extension 'colcon_pkg'
[0.162s] Level 1:colcon.colcon_core.package_identification:_identify(src/my_robot_description) by extensions ['colcon_meta']
[0.162s] Level 1:colcon.colcon_core.package_identification:_identify(src/my_robot_description) by extension 'colcon_meta'
[0.162s] Level 1:colcon.colcon_core.package_identification:_identify(src/my_robot_description) by extensions ['ros']
[0.162s] Level 1:colcon.colcon_core.package_identification:_identify(src/my_robot_description) by extension 'ros'
[0.164s] DEBUG:colcon.colcon_core.package_identification:Package 'src/my_robot_description' with type 'ros.ament_cmake' and name 'my_robot_description'
[0.164s] Level 1:colcon.colcon_core.package_identification:_identify(src/my_robot_firmware) by extensions ['ignore', 'ignore_ament_install']
[0.164s] Level 1:colcon.colcon_core.package_identification:_identify(src/my_robot_firmware) by extension 'ignore'
[0.164s] Level 1:colcon.colcon_core.package_identification:_identify(src/my_robot_firmware) by extension 'ignore_ament_install'
[0.164s] Level 1:colcon.colcon_core.package_identification:_identify(src/my_robot_firmware) by extensions ['colcon_pkg']
[0.164s] Level 1:colcon.colcon_core.package_identification:_identify(src/my_robot_firmware) by extension 'colcon_pkg'
[0.164s] Level 1:colcon.colcon_core.package_identification:_identify(src/my_robot_firmware) by extensions ['colcon_meta']
[0.164s] Level 1:colcon.colcon_core.package_identification:_identify(src/my_robot_firmware) by extension 'colcon_meta'
[0.164s] Level 1:colcon.colcon_core.package_identification:_identify(src/my_robot_firmware) by extensions ['ros']
[0.164s] Level 1:colcon.colcon_core.package_identification:_identify(src/my_robot_firmware) by extension 'ros'
[0.164s] DEBUG:colcon.colcon_core.package_identification:Package 'src/my_robot_firmware' with type 'ros.ament_cmake' and name 'my_robot_firmware'
[0.164s] Level 1:colcon.colcon_core.package_identification:_identify(src/my_robot_localization) by extensions ['ignore', 'ignore_ament_install']
[0.165s] Level 1:colcon.colcon_core.package_identification:_identify(src/my_robot_localization) by extension 'ignore'
[0.165s] Level 1:colcon.colcon_core.package_identification:_identify(src/my_robot_localization) by extension 'ignore_ament_install'
[0.165s] Level 1:colcon.colcon_core.package_identification:_identify(src/my_robot_localization) by extensions ['colcon_pkg']
[0.165s] Level 1:colcon.colcon_core.package_identification:_identify(src/my_robot_localization) by extension 'colcon_pkg'
[0.165s] Level 1:colcon.colcon_core.package_identification:_identify(src/my_robot_localization) by extensions ['colcon_meta']
[0.165s] Level 1:colcon.colcon_core.package_identification:_identify(src/my_robot_localization) by extension 'colcon_meta'
[0.165s] Level 1:colcon.colcon_core.package_identification:_identify(src/my_robot_localization) by extensions ['ros']
[0.165s] Level 1:colcon.colcon_core.package_identification:_identify(src/my_robot_localization) by extension 'ros'
[0.165s] DEBUG:colcon.colcon_core.package_identification:Package 'src/my_robot_localization' with type 'ros.ament_cmake' and name 'my_robot_localization'
[0.165s] Level 1:colcon.colcon_core.package_identification:_identify(src/my_robot_mapping) by extensions ['ignore', 'ignore_ament_install']
[0.165s] Level 1:colcon.colcon_core.package_identification:_identify(src/my_robot_mapping) by extension 'ignore'
[0.165s] Level 1:colcon.colcon_core.package_identification:_identify(src/my_robot_mapping) by extension 'ignore_ament_install'
[0.165s] Level 1:colcon.colcon_core.package_identification:_identify(src/my_robot_mapping) by extensions ['colcon_pkg']
[0.165s] Level 1:colcon.colcon_core.package_identification:_identify(src/my_robot_mapping) by extension 'colcon_pkg'
[0.165s] Level 1:colcon.colcon_core.package_identification:_identify(src/my_robot_mapping) by extensions ['colcon_meta']
[0.165s] Level 1:colcon.colcon_core.package_identification:_identify(src/my_robot_mapping) by extension 'colcon_meta'
[0.165s] Level 1:colcon.colcon_core.package_identification:_identify(src/my_robot_mapping) by extensions ['ros']
[0.165s] Level 1:colcon.colcon_core.package_identification:_identify(src/my_robot_mapping) by extension 'ros'
[0.166s] DEBUG:colcon.colcon_core.package_identification:Package 'src/my_robot_mapping' with type 'ros.ament_cmake' and name 'my_robot_mapping'
[0.166s] Level 1:colcon.colcon_core.package_identification:_identify(src/my_robot_motion) by extensions ['ignore', 'ignore_ament_install']
[0.166s] Level 1:colcon.colcon_core.package_identification:_identify(src/my_robot_motion) by extension 'ignore'
[0.166s] Level 1:colcon.colcon_core.package_identification:_identify(src/my_robot_motion) by extension 'ignore_ament_install'
[0.166s] Level 1:colcon.colcon_core.package_identification:_identify(src/my_robot_motion) by extensions ['colcon_pkg']
[0.166s] Level 1:colcon.colcon_core.package_identification:_identify(src/my_robot_motion) by extension 'colcon_pkg'
[0.166s] Level 1:colcon.colcon_core.package_identification:_identify(src/my_robot_motion) by extensions ['colcon_meta']
[0.166s] Level 1:colcon.colcon_core.package_identification:_identify(src/my_robot_motion) by extension 'colcon_meta'
[0.166s] Level 1:colcon.colcon_core.package_identification:_identify(src/my_robot_motion) by extensions ['ros']
[0.166s] Level 1:colcon.colcon_core.package_identification:_identify(src/my_robot_motion) by extension 'ros'
[0.172s] DEBUG:colcon.colcon_core.package_identification:Package 'src/my_robot_motion' with type 'ros.ament_cmake' and name 'my_robot_motion'
[0.172s] Level 1:colcon.colcon_core.package_identification:_identify(src/my_robot_msgs) by extensions ['ignore', 'ignore_ament_install']
[0.172s] Level 1:colcon.colcon_core.package_identification:_identify(src/my_robot_msgs) by extension 'ignore'
[0.173s] Level 1:colcon.colcon_core.package_identification:_identify(src/my_robot_msgs) by extension 'ignore_ament_install'
[0.173s] Level 1:colcon.colcon_core.package_identification:_identify(src/my_robot_msgs) by extensions ['colcon_pkg']
[0.173s] Level 1:colcon.colcon_core.package_identification:_identify(src/my_robot_msgs) by extension 'colcon_pkg'
[0.173s] Level 1:colcon.colcon_core.package_identification:_identify(src/my_robot_msgs) by extensions ['colcon_meta']
[0.173s] Level 1:colcon.colcon_core.package_identification:_identify(src/my_robot_msgs) by extension 'colcon_meta'
[0.173s] Level 1:colcon.colcon_core.package_identification:_identify(src/my_robot_msgs) by extensions ['ros']
[0.173s] Level 1:colcon.colcon_core.package_identification:_identify(src/my_robot_msgs) by extension 'ros'
[0.173s] DEBUG:colcon.colcon_core.package_identification:Package 'src/my_robot_msgs' with type 'ros.ament_cmake' and name 'my_robot_msgs'
[0.173s] Level 1:colcon.colcon_core.package_identification:_identify(src/my_robot_navi) by extensions ['ignore', 'ignore_ament_install']
[0.173s] Level 1:colcon.colcon_core.package_identification:_identify(src/my_robot_navi) by extension 'ignore'
[0.173s] Level 1:colcon.colcon_core.package_identification:_identify(src/my_robot_navi) by extension 'ignore_ament_install'
[0.173s] Level 1:colcon.colcon_core.package_identification:_identify(src/my_robot_navi) by extensions ['colcon_pkg']
[0.173s] Level 1:colcon.colcon_core.package_identification:_identify(src/my_robot_navi) by extension 'colcon_pkg'
[0.173s] Level 1:colcon.colcon_core.package_identification:_identify(src/my_robot_navi) by extensions ['colcon_meta']
[0.173s] Level 1:colcon.colcon_core.package_identification:_identify(src/my_robot_navi) by extension 'colcon_meta'
[0.173s] Level 1:colcon.colcon_core.package_identification:_identify(src/my_robot_navi) by extensions ['ros']
[0.173s] Level 1:colcon.colcon_core.package_identification:_identify(src/my_robot_navi) by extension 'ros'
[0.174s] DEBUG:colcon.colcon_core.package_identification:Package 'src/my_robot_navi' with type 'ros.ament_cmake' and name 'my_robot_navi'
[0.174s] Level 1:colcon.colcon_core.package_identification:_identify(src/my_robot_planning) by extensions ['ignore', 'ignore_ament_install']
[0.174s] Level 1:colcon.colcon_core.package_identification:_identify(src/my_robot_planning) by extension 'ignore'
[0.174s] Level 1:colcon.colcon_core.package_identification:_identify(src/my_robot_planning) by extension 'ignore_ament_install'
[0.174s] Level 1:colcon.colcon_core.package_identification:_identify(src/my_robot_planning) by extensions ['colcon_pkg']
[0.174s] Level 1:colcon.colcon_core.package_identification:_identify(src/my_robot_planning) by extension 'colcon_pkg'
[0.174s] Level 1:colcon.colcon_core.package_identification:_identify(src/my_robot_planning) by extensions ['colcon_meta']
[0.174s] Level 1:colcon.colcon_core.package_identification:_identify(src/my_robot_planning) by extension 'colcon_meta'
[0.174s] Level 1:colcon.colcon_core.package_identification:_identify(src/my_robot_planning) by extensions ['ros']
[0.174s] Level 1:colcon.colcon_core.package_identification:_identify(src/my_robot_planning) by extension 'ros'
[0.174s] DEBUG:colcon.colcon_core.package_identification:Package 'src/my_robot_planning' with type 'ros.ament_cmake' and name 'my_robot_planning'
[0.175s] Level 1:colcon.colcon_core.package_identification:_identify(src/my_robot_utils) by extensions ['ignore', 'ignore_ament_install']
[0.175s] Level 1:colcon.colcon_core.package_identification:_identify(src/my_robot_utils) by extension 'ignore'
[0.175s] Level 1:colcon.colcon_core.package_identification:_identify(src/my_robot_utils) by extension 'ignore_ament_install'
[0.175s] Level 1:colcon.colcon_core.package_identification:_identify(src/my_robot_utils) by extensions ['colcon_pkg']
[0.175s] Level 1:colcon.colcon_core.package_identification:_identify(src/my_robot_utils) by extension 'colcon_pkg'
[0.175s] Level 1:colcon.colcon_core.package_identification:_identify(src/my_robot_utils) by extensions ['colcon_meta']
[0.175s] Level 1:colcon.colcon_core.package_identification:_identify(src/my_robot_utils) by extension 'colcon_meta'
[0.175s] Level 1:colcon.colcon_core.package_identification:_identify(src/my_robot_utils) by extensions ['ros']
[0.175s] Level 1:colcon.colcon_core.package_identification:_identify(src/my_robot_utils) by extension 'ros'
[0.175s] DEBUG:colcon.colcon_core.package_identification:Package 'src/my_robot_utils' with type 'ros.ament_cmake' and name 'my_robot_utils'
[0.175s] Level 1:colcon.colcon_core.package_identification:_identify(src/myrobot_controller) by extensions ['ignore', 'ignore_ament_install']
[0.175s] Level 1:colcon.colcon_core.package_identification:_identify(src/myrobot_controller) by extension 'ignore'
[0.175s] Level 1:colcon.colcon_core.package_identification:_identify(src/myrobot_controller) by extension 'ignore_ament_install'
[0.175s] Level 1:colcon.colcon_core.package_identification:_identify(src/myrobot_controller) by extensions ['colcon_pkg']
[0.175s] Level 1:colcon.colcon_core.package_identification:_identify(src/myrobot_controller) by extension 'colcon_pkg'
[0.175s] Level 1:colcon.colcon_core.package_identification:_identify(src/myrobot_controller) by extensions ['colcon_meta']
[0.175s] Level 1:colcon.colcon_core.package_identification:_identify(src/myrobot_controller) by extension 'colcon_meta'
[0.175s] Level 1:colcon.colcon_core.package_identification:_identify(src/myrobot_controller) by extensions ['ros']
[0.175s] Level 1:colcon.colcon_core.package_identification:_identify(src/myrobot_controller) by extension 'ros'
[0.176s] DEBUG:colcon.colcon_core.package_identification:Package 'src/myrobot_controller' with type 'ros.ament_cmake' and name 'myrobot_controller'
[0.176s] Level 1:colcon.colcon_core.package_discovery:discover_packages(recursive) using defaults
[0.176s] Level 1:colcon.colcon_core.package_discovery:discover_packages(ignore) discover
[0.176s] Level 1:colcon.colcon_core.package_discovery:discover_packages(ignore) using defaults
[0.176s] Level 1:colcon.colcon_core.package_discovery:discover_packages(path) discover
[0.176s] Level 1:colcon.colcon_core.package_discovery:discover_packages(path) using defaults
[0.189s] Level 1:colcon.colcon_core.package_discovery:discover_packages(prefix_path) check parameters
[0.189s] Level 1:colcon.colcon_core.package_discovery:discover_packages(prefix_path) discover
[0.190s] DEBUG:colcon.colcon_installed_package_information.package_discovery:Found 12 installed packages in /home/dung/ros_ws/install
[0.191s] DEBUG:colcon.colcon_installed_package_information.package_discovery:Found 377 installed packages in /opt/ros/humble
[0.193s] Level 1:colcon.colcon_core.package_discovery:discover_packages(prefix_path) using defaults
[0.216s] Level 5:colcon.colcon_core.verb:set package 'my_robot_description' build argument 'cmake_args' from command line to 'None'
[0.216s] Level 5:colcon.colcon_core.verb:set package 'my_robot_description' build argument 'cmake_target' from command line to 'None'
[0.216s] Level 5:colcon.colcon_core.verb:set package 'my_robot_description' build argument 'cmake_target_skip_unavailable' from command line to 'False'
[0.216s] Level 5:colcon.colcon_core.verb:set package 'my_robot_description' build argument 'cmake_clean_cache' from command line to 'False'
[0.216s] Level 5:colcon.colcon_core.verb:set package 'my_robot_description' build argument 'cmake_clean_first' from command line to 'False'
[0.216s] Level 5:colcon.colcon_core.verb:set package 'my_robot_description' build argument 'cmake_force_configure' from command line to 'False'
[0.216s] Level 5:colcon.colcon_core.verb:set package 'my_robot_description' build argument 'ament_cmake_args' from command line to 'None'
[0.216s] Level 5:colcon.colcon_core.verb:set package 'my_robot_description' build argument 'catkin_cmake_args' from command line to 'None'
[0.216s] Level 5:colcon.colcon_core.verb:set package 'my_robot_description' build argument 'catkin_skip_building_tests' from command line to 'False'
[0.216s] DEBUG:colcon.colcon_core.verb:Building package 'my_robot_description' with the following arguments: {'ament_cmake_args': None, 'build_base': '/home/dung/ros_ws/build/my_robot_description', 'catkin_cmake_args': None, 'catkin_skip_building_tests': False, 'cmake_args': None, 'cmake_clean_cache': False, 'cmake_clean_first': False, 'cmake_force_configure': False, 'cmake_target': None, 'cmake_target_skip_unavailable': False, 'install_base': '/home/dung/ros_ws/install/my_robot_description', 'merge_install': False, 'path': '/home/dung/ros_ws/src/my_robot_description', 'symlink_install': False, 'test_result_base': None}
[0.216s] Level 5:colcon.colcon_core.verb:set package 'my_robot_firmware' build argument 'cmake_args' from command line to 'None'
[0.216s] Level 5:colcon.colcon_core.verb:set package 'my_robot_firmware' build argument 'cmake_target' from command line to 'None'
[0.216s] Level 5:colcon.colcon_core.verb:set package 'my_robot_firmware' build argument 'cmake_target_skip_unavailable' from command line to 'False'
[0.216s] Level 5:colcon.colcon_core.verb:set package 'my_robot_firmware' build argument 'cmake_clean_cache' from command line to 'False'
[0.216s] Level 5:colcon.colcon_core.verb:set package 'my_robot_firmware' build argument 'cmake_clean_first' from command line to 'False'
[0.216s] Level 5:colcon.colcon_core.verb:set package 'my_robot_firmware' build argument 'cmake_force_configure' from command line to 'False'
[0.216s] Level 5:colcon.colcon_core.verb:set package 'my_robot_firmware' build argument 'ament_cmake_args' from command line to 'None'
[0.216s] Level 5:colcon.colcon_core.verb:set package 'my_robot_firmware' build argument 'catkin_cmake_args' from command line to 'None'
[0.216s] Level 5:colcon.colcon_core.verb:set package 'my_robot_firmware' build argument 'catkin_skip_building_tests' from command line to 'False'
[0.216s] DEBUG:colcon.colcon_core.verb:Building package 'my_robot_firmware' with the following arguments: {'ament_cmake_args': None, 'build_base': '/home/dung/ros_ws/build/my_robot_firmware', 'catkin_cmake_args': None, 'catkin_skip_building_tests': False, 'cmake_args': None, 'cmake_clean_cache': False, 'cmake_clean_first': False, 'cmake_force_configure': False, 'cmake_target': None, 'cmake_target_skip_unavailable': False, 'install_base': '/home/dung/ros_ws/install/my_robot_firmware', 'merge_install': False, 'path': '/home/dung/ros_ws/src/my_robot_firmware', 'symlink_install': False, 'test_result_base': None}
[0.216s] Level 5:colcon.colcon_core.verb:set package 'my_robot_localization' build argument 'cmake_args' from command line to 'None'
[0.216s] Level 5:colcon.colcon_core.verb:set package 'my_robot_localization' build argument 'cmake_target' from command line to 'None'
[0.216s] Level 5:colcon.colcon_core.verb:set package 'my_robot_localization' build argument 'cmake_target_skip_unavailable' from command line to 'False'
[0.216s] Level 5:colcon.colcon_core.verb:set package 'my_robot_localization' build argument 'cmake_clean_cache' from command line to 'False'
[0.217s] Level 5:colcon.colcon_core.verb:set package 'my_robot_localization' build argument 'cmake_clean_first' from command line to 'False'
[0.217s] Level 5:colcon.colcon_core.verb:set package 'my_robot_localization' build argument 'cmake_force_configure' from command line to 'False'
[0.217s] Level 5:colcon.colcon_core.verb:set package 'my_robot_localization' build argument 'ament_cmake_args' from command line to 'None'
[0.217s] Level 5:colcon.colcon_core.verb:set package 'my_robot_localization' build argument 'catkin_cmake_args' from command line to 'None'
[0.217s] Level 5:colcon.colcon_core.verb:set package 'my_robot_localization' build argument 'catkin_skip_building_tests' from command line to 'False'
[0.217s] DEBUG:colcon.colcon_core.verb:Building package 'my_robot_localization' with the following arguments: {'ament_cmake_args': None, 'build_base': '/home/dung/ros_ws/build/my_robot_localization', 'catkin_cmake_args': None, 'catkin_skip_building_tests': False, 'cmake_args': None, 'cmake_clean_cache': False, 'cmake_clean_first': False, 'cmake_force_configure': False, 'cmake_target': None, 'cmake_target_skip_unavailable': False, 'install_base': '/home/dung/ros_ws/install/my_robot_localization', 'merge_install': False, 'path': '/home/dung/ros_ws/src/my_robot_localization', 'symlink_install': False, 'test_result_base': None}
[0.217s] Level 5:colcon.colcon_core.verb:set package 'my_robot_mapping' build argument 'cmake_args' from command line to 'None'
[0.217s] Level 5:colcon.colcon_core.verb:set package 'my_robot_mapping' build argument 'cmake_target' from command line to 'None'
[0.217s] Level 5:colcon.colcon_core.verb:set package 'my_robot_mapping' build argument 'cmake_target_skip_unavailable' from command line to 'False'
[0.217s] Level 5:colcon.colcon_core.verb:set package 'my_robot_mapping' build argument 'cmake_clean_cache' from command line to 'False'
[0.217s] Level 5:colcon.colcon_core.verb:set package 'my_robot_mapping' build argument 'cmake_clean_first' from command line to 'False'
[0.217s] Level 5:colcon.colcon_core.verb:set package 'my_robot_mapping' build argument 'cmake_force_configure' from command line to 'False'
[0.217s] Level 5:colcon.colcon_core.verb:set package 'my_robot_mapping' build argument 'ament_cmake_args' from command line to 'None'
[0.217s] Level 5:colcon.colcon_core.verb:set package 'my_robot_mapping' build argument 'catkin_cmake_args' from command line to 'None'
[0.217s] Level 5:colcon.colcon_core.verb:set package 'my_robot_mapping' build argument 'catkin_skip_building_tests' from command line to 'False'
[0.217s] DEBUG:colcon.colcon_core.verb:Building package 'my_robot_mapping' with the following arguments: {'ament_cmake_args': None, 'build_base': '/home/dung/ros_ws/build/my_robot_mapping', 'catkin_cmake_args': None, 'catkin_skip_building_tests': False, 'cmake_args': None, 'cmake_clean_cache': False, 'cmake_clean_first': False, 'cmake_force_configure': False, 'cmake_target': None, 'cmake_target_skip_unavailable': False, 'install_base': '/home/dung/ros_ws/install/my_robot_mapping', 'merge_install': False, 'path': '/home/dung/ros_ws/src/my_robot_mapping', 'symlink_install': False, 'test_result_base': None}
[0.217s] Level 5:colcon.colcon_core.verb:set package 'my_robot_motion' build argument 'cmake_args' from command line to 'None'
[0.217s] Level 5:colcon.colcon_core.verb:set package 'my_robot_motion' build argument 'cmake_target' from command line to 'None'
[0.217s] Level 5:colcon.colcon_core.verb:set package 'my_robot_motion' build argument 'cmake_target_skip_unavailable' from command line to 'False'
[0.217s] Level 5:colcon.colcon_core.verb:set package 'my_robot_motion' build argument 'cmake_clean_cache' from command line to 'False'
[0.217s] Level 5:colcon.colcon_core.verb:set package 'my_robot_motion' build argument 'cmake_clean_first' from command line to 'False'
[0.217s] Level 5:colcon.colcon_core.verb:set package 'my_robot_motion' build argument 'cmake_force_configure' from command line to 'False'
[0.217s] Level 5:colcon.colcon_core.verb:set package 'my_robot_motion' build argument 'ament_cmake_args' from command line to 'None'
[0.217s] Level 5:colcon.colcon_core.verb:set package 'my_robot_motion' build argument 'catkin_cmake_args' from command line to 'None'
[0.217s] Level 5:colcon.colcon_core.verb:set package 'my_robot_motion' build argument 'catkin_skip_building_tests' from command line to 'False'
[0.217s] DEBUG:colcon.colcon_core.verb:Building package 'my_robot_motion' with the following arguments: {'ament_cmake_args': None, 'build_base': '/home/dung/ros_ws/build/my_robot_motion', 'catkin_cmake_args': None, 'catkin_skip_building_tests': False, 'cmake_args': None, 'cmake_clean_cache': False, 'cmake_clean_first': False, 'cmake_force_configure': False, 'cmake_target': None, 'cmake_target_skip_unavailable': False, 'install_base': '/home/dung/ros_ws/install/my_robot_motion', 'merge_install': False, 'path': '/home/dung/ros_ws/src/my_robot_motion', 'symlink_install': False, 'test_result_base': None}
[0.217s] Level 5:colcon.colcon_core.verb:set package 'my_robot_msgs' build argument 'cmake_args' from command line to 'None'
[0.217s] Level 5:colcon.colcon_core.verb:set package 'my_robot_msgs' build argument 'cmake_target' from command line to 'None'
[0.217s] Level 5:colcon.colcon_core.verb:set package 'my_robot_msgs' build argument 'cmake_target_skip_unavailable' from command line to 'False'
[0.217s] Level 5:colcon.colcon_core.verb:set package 'my_robot_msgs' build argument 'cmake_clean_cache' from command line to 'False'
[0.217s] Level 5:colcon.colcon_core.verb:set package 'my_robot_msgs' build argument 'cmake_clean_first' from command line to 'False'
[0.217s] Level 5:colcon.colcon_core.verb:set package 'my_robot_msgs' build argument 'cmake_force_configure' from command line to 'False'
[0.217s] Level 5:colcon.colcon_core.verb:set package 'my_robot_msgs' build argument 'ament_cmake_args' from command line to 'None'
[0.217s] Level 5:colcon.colcon_core.verb:set package 'my_robot_msgs' build argument 'catkin_cmake_args' from command line to 'None'
[0.217s] Level 5:colcon.colcon_core.verb:set package 'my_robot_msgs' build argument 'catkin_skip_building_tests' from command line to 'False'
[0.217s] DEBUG:colcon.colcon_core.verb:Building package 'my_robot_msgs' with the following arguments: {'ament_cmake_args': None, 'build_base': '/home/dung/ros_ws/build/my_robot_msgs', 'catkin_cmake_args': None, 'catkin_skip_building_tests': False, 'cmake_args': None, 'cmake_clean_cache': False, 'cmake_clean_first': False, 'cmake_force_configure': False, 'cmake_target': None, 'cmake_target_skip_unavailable': False, 'install_base': '/home/dung/ros_ws/install/my_robot_msgs', 'merge_install': False, 'path': '/home/dung/ros_ws/src/my_robot_msgs', 'symlink_install': False, 'test_result_base': None}
[0.218s] Level 5:colcon.colcon_core.verb:set package 'my_robot_navi' build argument 'cmake_args' from command line to 'None'
[0.218s] Level 5:colcon.colcon_core.verb:set package 'my_robot_navi' build argument 'cmake_target' from command line to 'None'
[0.218s] Level 5:colcon.colcon_core.verb:set package 'my_robot_navi' build argument 'cmake_target_skip_unavailable' from command line to 'False'
[0.218s] Level 5:colcon.colcon_core.verb:set package 'my_robot_navi' build argument 'cmake_clean_cache' from command line to 'False'
[0.218s] Level 5:colcon.colcon_core.verb:set package 'my_robot_navi' build argument 'cmake_clean_first' from command line to 'False'
[0.218s] Level 5:colcon.colcon_core.verb:set package 'my_robot_navi' build argument 'cmake_force_configure' from command line to 'False'
[0.218s] Level 5:colcon.colcon_core.verb:set package 'my_robot_navi' build argument 'ament_cmake_args' from command line to 'None'
[0.218s] Level 5:colcon.colcon_core.verb:set package 'my_robot_navi' build argument 'catkin_cmake_args' from command line to 'None'
[0.218s] Level 5:colcon.colcon_core.verb:set package 'my_robot_navi' build argument 'catkin_skip_building_tests' from command line to 'False'
[0.218s] DEBUG:colcon.colcon_core.verb:Building package 'my_robot_navi' with the following arguments: {'ament_cmake_args': None, 'build_base': '/home/dung/ros_ws/build/my_robot_navi', 'catkin_cmake_args': None, 'catkin_skip_building_tests': False, 'cmake_args': None, 'cmake_clean_cache': False, 'cmake_clean_first': False, 'cmake_force_configure': False, 'cmake_target': None, 'cmake_target_skip_unavailable': False, 'install_base': '/home/dung/ros_ws/install/my_robot_navi', 'merge_install': False, 'path': '/home/dung/ros_ws/src/my_robot_navi', 'symlink_install': False, 'test_result_base': None}
[0.218s] Level 5:colcon.colcon_core.verb:set package 'my_robot_planning' build argument 'cmake_args' from command line to 'None'
[0.218s] Level 5:colcon.colcon_core.verb:set package 'my_robot_planning' build argument 'cmake_target' from command line to 'None'
[0.218s] Level 5:colcon.colcon_core.verb:set package 'my_robot_planning' build argument 'cmake_target_skip_unavailable' from command line to 'False'
[0.218s] Level 5:colcon.colcon_core.verb:set package 'my_robot_planning' build argument 'cmake_clean_cache' from command line to 'False'
[0.218s] Level 5:colcon.colcon_core.verb:set package 'my_robot_planning' build argument 'cmake_clean_first' from command line to 'False'
[0.218s] Level 5:colcon.colcon_core.verb:set package 'my_robot_planning' build argument 'cmake_force_configure' from command line to 'False'
[0.218s] Level 5:colcon.colcon_core.verb:set package 'my_robot_planning' build argument 'ament_cmake_args' from command line to 'None'
[0.218s] Level 5:colcon.colcon_core.verb:set package 'my_robot_planning' build argument 'catkin_cmake_args' from command line to 'None'
[0.218s] Level 5:colcon.colcon_core.verb:set package 'my_robot_planning' build argument 'catkin_skip_building_tests' from command line to 'False'
[0.218s] DEBUG:colcon.colcon_core.verb:Building package 'my_robot_planning' with the following arguments: {'ament_cmake_args': None, 'build_base': '/home/dung/ros_ws/build/my_robot_planning', 'catkin_cmake_args': None, 'catkin_skip_building_tests': False, 'cmake_args': None, 'cmake_clean_cache': False, 'cmake_clean_first': False, 'cmake_force_configure': False, 'cmake_target': None, 'cmake_target_skip_unavailable': False, 'install_base': '/home/dung/ros_ws/install/my_robot_planning', 'merge_install': False, 'path': '/home/dung/ros_ws/src/my_robot_planning', 'symlink_install': False, 'test_result_base': None}
[0.218s] Level 5:colcon.colcon_core.verb:set package 'my_robot_utils' build argument 'cmake_args' from command line to 'None'
[0.218s] Level 5:colcon.colcon_core.verb:set package 'my_robot_utils' build argument 'cmake_target' from command line to 'None'
[0.218s] Level 5:colcon.colcon_core.verb:set package 'my_robot_utils' build argument 'cmake_target_skip_unavailable' from command line to 'False'
[0.218s] Level 5:colcon.colcon_core.verb:set package 'my_robot_utils' build argument 'cmake_clean_cache' from command line to 'False'
[0.218s] Level 5:colcon.colcon_core.verb:set package 'my_robot_utils' build argument 'cmake_clean_first' from command line to 'False'
[0.218s] Level 5:colcon.colcon_core.verb:set package 'my_robot_utils' build argument 'cmake_force_configure' from command line to 'False'
[0.218s] Level 5:colcon.colcon_core.verb:set package 'my_robot_utils' build argument 'ament_cmake_args' from command line to 'None'
[0.218s] Level 5:colcon.colcon_core.verb:set package 'my_robot_utils' build argument 'catkin_cmake_args' from command line to 'None'
[0.218s] Level 5:colcon.colcon_core.verb:set package 'my_robot_utils' build argument 'catkin_skip_building_tests' from command line to 'False'
[0.218s] DEBUG:colcon.colcon_core.verb:Building package 'my_robot_utils' with the following arguments: {'ament_cmake_args': None, 'build_base': '/home/dung/ros_ws/build/my_robot_utils', 'catkin_cmake_args': None, 'catkin_skip_building_tests': False, 'cmake_args': None, 'cmake_clean_cache': False, 'cmake_clean_first': False, 'cmake_force_configure': False, 'cmake_target': None, 'cmake_target_skip_unavailable': False, 'install_base': '/home/dung/ros_ws/install/my_robot_utils', 'merge_install': False, 'path': '/home/dung/ros_ws/src/my_robot_utils', 'symlink_install': False, 'test_result_base': None}
[0.218s] Level 5:colcon.colcon_core.verb:set package 'myrobot_controller' build argument 'cmake_args' from command line to 'None'
[0.218s] Level 5:colcon.colcon_core.verb:set package 'myrobot_controller' build argument 'cmake_target' from command line to 'None'
[0.218s] Level 5:colcon.colcon_core.verb:set package 'myrobot_controller' build argument 'cmake_target_skip_unavailable' from command line to 'False'
[0.218s] Level 5:colcon.colcon_core.verb:set package 'myrobot_controller' build argument 'cmake_clean_cache' from command line to 'False'
[0.218s] Level 5:colcon.colcon_core.verb:set package 'myrobot_controller' build argument 'cmake_clean_first' from command line to 'False'
[0.218s] Level 5:colcon.colcon_core.verb:set package 'myrobot_controller' build argument 'cmake_force_configure' from command line to 'False'
[0.218s] Level 5:colcon.colcon_core.verb:set package 'myrobot_controller' build argument 'ament_cmake_args' from command line to 'None'
[0.219s] Level 5:colcon.colcon_core.verb:set package 'myrobot_controller' build argument 'catkin_cmake_args' from command line to 'None'
[0.219s] Level 5:colcon.colcon_core.verb:set package 'myrobot_controller' build argument 'catkin_skip_building_tests' from command line to 'False'
[0.219s] DEBUG:colcon.colcon_core.verb:Building package 'myrobot_controller' with the following arguments: {'ament_cmake_args': None, 'build_base': '/home/dung/ros_ws/build/myrobot_controller', 'catkin_cmake_args': None, 'catkin_skip_building_tests': False, 'cmake_args': None, 'cmake_clean_cache': False, 'cmake_clean_first': False, 'cmake_force_configure': False, 'cmake_target': None, 'cmake_target_skip_unavailable': False, 'install_base': '/home/dung/ros_ws/install/myrobot_controller', 'merge_install': False, 'path': '/home/dung/ros_ws/src/myrobot_controller', 'symlink_install': False, 'test_result_base': None}
[0.219s] Level 5:colcon.colcon_core.verb:set package 'keyboard_teleop' build argument 'cmake_args' from command line to 'None'
[0.219s] Level 5:colcon.colcon_core.verb:set package 'keyboard_teleop' build argument 'cmake_target' from command line to 'None'
[0.219s] Level 5:colcon.colcon_core.verb:set package 'keyboard_teleop' build argument 'cmake_target_skip_unavailable' from command line to 'False'
[0.219s] Level 5:colcon.colcon_core.verb:set package 'keyboard_teleop' build argument 'cmake_clean_cache' from command line to 'False'
[0.219s] Level 5:colcon.colcon_core.verb:set package 'keyboard_teleop' build argument 'cmake_clean_first' from command line to 'False'
[0.219s] Level 5:colcon.colcon_core.verb:set package 'keyboard_teleop' build argument 'cmake_force_configure' from command line to 'False'
[0.219s] Level 5:colcon.colcon_core.verb:set package 'keyboard_teleop' build argument 'ament_cmake_args' from command line to 'None'
[0.219s] Level 5:colcon.colcon_core.verb:set package 'keyboard_teleop' build argument 'catkin_cmake_args' from command line to 'None'
[0.219s] Level 5:colcon.colcon_core.verb:set package 'keyboard_teleop' build argument 'catkin_skip_building_tests' from command line to 'False'
[0.219s] DEBUG:colcon.colcon_core.verb:Building package 'keyboard_teleop' with the following arguments: {'ament_cmake_args': None, 'build_base': '/home/dung/ros_ws/build/keyboard_teleop', 'catkin_cmake_args': None, 'catkin_skip_building_tests': False, 'cmake_args': None, 'cmake_clean_cache': False, 'cmake_clean_first': False, 'cmake_force_configure': False, 'cmake_target': None, 'cmake_target_skip_unavailable': False, 'install_base': '/home/dung/ros_ws/install/keyboard_teleop', 'merge_install': False, 'path': '/home/dung/ros_ws/src/keyboard_teleop', 'symlink_install': False, 'test_result_base': None}
[0.219s] Level 5:colcon.colcon_core.verb:set package 'my_robot_bringup' build argument 'cmake_args' from command line to 'None'
[0.219s] Level 5:colcon.colcon_core.verb:set package 'my_robot_bringup' build argument 'cmake_target' from command line to 'None'
[0.219s] Level 5:colcon.colcon_core.verb:set package 'my_robot_bringup' build argument 'cmake_target_skip_unavailable' from command line to 'False'
[0.219s] Level 5:colcon.colcon_core.verb:set package 'my_robot_bringup' build argument 'cmake_clean_cache' from command line to 'False'
[0.219s] Level 5:colcon.colcon_core.verb:set package 'my_robot_bringup' build argument 'cmake_clean_first' from command line to 'False'
[0.219s] Level 5:colcon.colcon_core.verb:set package 'my_robot_bringup' build argument 'cmake_force_configure' from command line to 'False'
[0.219s] Level 5:colcon.colcon_core.verb:set package 'my_robot_bringup' build argument 'ament_cmake_args' from command line to 'None'
[0.219s] Level 5:colcon.colcon_core.verb:set package 'my_robot_bringup' build argument 'catkin_cmake_args' from command line to 'None'
[0.219s] Level 5:colcon.colcon_core.verb:set package 'my_robot_bringup' build argument 'catkin_skip_building_tests' from command line to 'False'
[0.219s] DEBUG:colcon.colcon_core.verb:Building package 'my_robot_bringup' with the following arguments: {'ament_cmake_args': None, 'build_base': '/home/dung/ros_ws/build/my_robot_bringup', 'catkin_cmake_args': None, 'catkin_skip_building_tests': False, 'cmake_args': None, 'cmake_clean_cache': False, 'cmake_clean_first': False, 'cmake_force_configure': False, 'cmake_target': None, 'cmake_target_skip_unavailable': False, 'install_base': '/home/dung/ros_ws/install/my_robot_bringup', 'merge_install': False, 'path': '/home/dung/ros_ws/src/my_robot_bringup', 'symlink_install': False, 'test_result_base': None}
[0.219s] INFO:colcon.colcon_core.executor:Executing jobs using 'parallel' executor
[0.220s] DEBUG:colcon.colcon_parallel_executor.executor.parallel:run_until_complete
[0.220s] INFO:colcon.colcon_ros.task.ament_cmake.build:Building ROS package in '/home/dung/ros_ws/src/my_robot_description' with build type 'ament_cmake'
[0.220s] INFO:colcon.colcon_cmake.task.cmake.build:Building CMake package in '/home/dung/ros_ws/src/my_robot_description'
[0.221s] INFO:colcon.colcon_core.plugin_system:Skipping extension 'colcon_core.shell.bat': Not used on non-Windows systems
[0.221s] INFO:colcon.colcon_core.shell:Skip shell extension 'powershell' for command environment: Not usable outside of PowerShell
[0.221s] DEBUG:colcon.colcon_core.shell:Skip shell extension 'dsv' for command environment
[0.224s] INFO:colcon.colcon_ros.task.ament_cmake.build:Building ROS package in '/home/dung/ros_ws/src/my_robot_msgs' with build type 'ament_cmake'
[0.224s] INFO:colcon.colcon_cmake.task.cmake.build:Building CMake package in '/home/dung/ros_ws/src/my_robot_msgs'
[0.224s] INFO:colcon.colcon_core.shell:Skip shell extension 'powershell' for command environment: Not usable outside of PowerShell
[0.224s] DEBUG:colcon.colcon_core.shell:Skip shell extension 'dsv' for command environment
[0.226s] INFO:colcon.colcon_ros.task.ament_cmake.build:Building ROS package in '/home/dung/ros_ws/src/my_robot_firmware' with build type 'ament_cmake'
[0.226s] INFO:colcon.colcon_cmake.task.cmake.build:Building CMake package in '/home/dung/ros_ws/src/my_robot_firmware'
[0.226s] INFO:colcon.colcon_core.shell:Skip shell extension 'powershell' for command environment: Not usable outside of PowerShell
[0.226s] DEBUG:colcon.colcon_core.shell:Skip shell extension 'dsv' for command environment
[0.228s] INFO:colcon.colcon_ros.task.ament_cmake.build:Building ROS package in '/home/dung/ros_ws/src/my_robot_localization' with build type 'ament_cmake'
[0.228s] INFO:colcon.colcon_cmake.task.cmake.build:Building CMake package in '/home/dung/ros_ws/src/my_robot_localization'
[0.228s] INFO:colcon.colcon_core.shell:Skip shell extension 'powershell' for command environment: Not usable outside of PowerShell
[0.228s] DEBUG:colcon.colcon_core.shell:Skip shell extension 'dsv' for command environment
[0.230s] INFO:colcon.colcon_ros.task.ament_cmake.build:Building ROS package in '/home/dung/ros_ws/src/my_robot_mapping' with build type 'ament_cmake'
[0.230s] INFO:colcon.colcon_cmake.task.cmake.build:Building CMake package in '/home/dung/ros_ws/src/my_robot_mapping'
[0.231s] INFO:colcon.colcon_core.shell:Skip shell extension 'powershell' for command environment: Not usable outside of PowerShell
[0.231s] DEBUG:colcon.colcon_core.shell:Skip shell extension 'dsv' for command environment
[0.233s] INFO:colcon.colcon_ros.task.ament_cmake.build:Building ROS package in '/home/dung/ros_ws/src/my_robot_motion' with build type 'ament_cmake'
[0.233s] INFO:colcon.colcon_cmake.task.cmake.build:Building CMake package in '/home/dung/ros_ws/src/my_robot_motion'
[0.233s] INFO:colcon.colcon_core.shell:Skip shell extension 'powershell' for command environment: Not usable outside of PowerShell
[0.233s] DEBUG:colcon.colcon_core.shell:Skip shell extension 'dsv' for command environment
[0.235s] INFO:colcon.colcon_ros.task.ament_cmake.build:Building ROS package in '/home/dung/ros_ws/src/my_robot_navi' with build type 'ament_cmake'
[0.235s] INFO:colcon.colcon_cmake.task.cmake.build:Building CMake package in '/home/dung/ros_ws/src/my_robot_navi'
[0.235s] INFO:colcon.colcon_core.shell:Skip shell extension 'powershell' for command environment: Not usable outside of PowerShell
[0.235s] DEBUG:colcon.colcon_core.shell:Skip shell extension 'dsv' for command environment
[0.237s] INFO:colcon.colcon_ros.task.ament_cmake.build:Building ROS package in '/home/dung/ros_ws/src/my_robot_planning' with build type 'ament_cmake'
[0.237s] INFO:colcon.colcon_cmake.task.cmake.build:Building CMake package in '/home/dung/ros_ws/src/my_robot_planning'
[0.237s] INFO:colcon.colcon_core.shell:Skip shell extension 'powershell' for command environment: Not usable outside of PowerShell
[0.237s] DEBUG:colcon.colcon_core.shell:Skip shell extension 'dsv' for command environment
[0.239s] INFO:colcon.colcon_ros.task.ament_cmake.build:Building ROS package in '/home/dung/ros_ws/src/my_robot_utils' with build type 'ament_cmake'
[0.239s] INFO:colcon.colcon_cmake.task.cmake.build:Building CMake package in '/home/dung/ros_ws/src/my_robot_utils'
[0.239s] INFO:colcon.colcon_core.shell:Skip shell extension 'powershell' for command environment: Not usable outside of PowerShell
[0.239s] DEBUG:colcon.colcon_core.shell:Skip shell extension 'dsv' for command environment
[0.241s] INFO:colcon.colcon_ros.task.ament_cmake.build:Building ROS package in '/home/dung/ros_ws/src/myrobot_controller' with build type 'ament_cmake'
[0.241s] INFO:colcon.colcon_cmake.task.cmake.build:Building CMake package in '/home/dung/ros_ws/src/myrobot_controller'
[0.242s] INFO:colcon.colcon_core.shell:Skip shell extension 'powershell' for command environment: Not usable outside of PowerShell
[0.242s] DEBUG:colcon.colcon_core.shell:Skip shell extension 'dsv' for command environment
[0.247s] DEBUG:colcon.colcon_core.event_handler.log_command:Invoking command in '/home/dung/ros_ws/build/my_robot_description': CMAKE_PREFIX_PATH=${CMAKE_PREFIX_PATH}:/home/dung/ros_ws/install/keyboard_teleop:/opt/ros/humble /usr/bin/cmake --build /home/dung/ros_ws/build/my_robot_description -- -j12 -l12
[0.248s] DEBUG:colcon.colcon_core.event_handler.log_command:Invoking command in '/home/dung/ros_ws/build/my_robot_msgs': CMAKE_PREFIX_PATH=${CMAKE_PREFIX_PATH}:/home/dung/ros_ws/install/keyboard_teleop:/opt/ros/humble /usr/bin/cmake --build /home/dung/ros_ws/build/my_robot_msgs -- -j12 -l12
[0.250s] DEBUG:colcon.colcon_core.event_handler.log_command:Invoking command in '/home/dung/ros_ws/build/my_robot_firmware': CMAKE_PREFIX_PATH=${CMAKE_PREFIX_PATH}:/home/dung/ros_ws/install/keyboard_teleop:/opt/ros/humble /usr/bin/cmake --build /home/dung/ros_ws/build/my_robot_firmware -- -j12 -l12
[0.251s] DEBUG:colcon.colcon_core.event_handler.log_command:Invoking command in '/home/dung/ros_ws/build/my_robot_localization': CMAKE_PREFIX_PATH=${CMAKE_PREFIX_PATH}:/home/dung/ros_ws/install/keyboard_teleop:/opt/ros/humble /usr/bin/cmake --build /home/dung/ros_ws/build/my_robot_localization -- -j12 -l12
[0.253s] DEBUG:colcon.colcon_core.event_handler.log_command:Invoking command in '/home/dung/ros_ws/build/my_robot_mapping': CMAKE_PREFIX_PATH=${CMAKE_PREFIX_PATH}:/home/dung/ros_ws/install/keyboard_teleop:/opt/ros/humble /usr/bin/cmake --build /home/dung/ros_ws/build/my_robot_mapping -- -j12 -l12
[0.255s] DEBUG:colcon.colcon_core.event_handler.log_command:Invoking command in '/home/dung/ros_ws/build/my_robot_motion': CMAKE_PREFIX_PATH=${CMAKE_PREFIX_PATH}:/home/dung/ros_ws/install/keyboard_teleop:/opt/ros/humble /usr/bin/cmake --build /home/dung/ros_ws/build/my_robot_motion -- -j12 -l12
[0.267s] DEBUG:colcon.colcon_core.event_handler.log_command:Invoking command in '/home/dung/ros_ws/build/my_robot_navi': CMAKE_PREFIX_PATH=${CMAKE_PREFIX_PATH}:/home/dung/ros_ws/install/keyboard_teleop:/opt/ros/humble /usr/bin/cmake --build /home/dung/ros_ws/build/my_robot_navi -- -j12 -l12
[0.271s] DEBUG:colcon.colcon_core.event_handler.log_command:Invoking command in '/home/dung/ros_ws/build/my_robot_planning': CMAKE_PREFIX_PATH=${CMAKE_PREFIX_PATH}:/home/dung/ros_ws/install/keyboard_teleop:/opt/ros/humble /usr/bin/cmake --build /home/dung/ros_ws/build/my_robot_planning -- -j12 -l12
[0.278s] DEBUG:colcon.colcon_core.event_handler.log_command:Invoking command in '/home/dung/ros_ws/build/my_robot_utils': CMAKE_PREFIX_PATH=${CMAKE_PREFIX_PATH}:/home/dung/ros_ws/install/keyboard_teleop:/opt/ros/humble /usr/bin/cmake --build /home/dung/ros_ws/build/my_robot_utils -- -j12 -l12
[0.279s] DEBUG:colcon.colcon_core.event_handler.log_command:Invoking command in '/home/dung/ros_ws/build/myrobot_controller': CMAKE_PREFIX_PATH=${CMAKE_PREFIX_PATH}:/home/dung/ros_ws/install/keyboard_teleop:/opt/ros/humble /usr/bin/cmake --build /home/dung/ros_ws/build/myrobot_controller -- -j12 -l12
[0.286s] DEBUG:colcon.colcon_core.event_handler.log_command:Invoked command in '/home/dung/ros_ws/build/my_robot_description' returned '0': CMAKE_PREFIX_PATH=${CMAKE_PREFIX_PATH}:/home/dung/ros_ws/install/keyboard_teleop:/opt/ros/humble /usr/bin/cmake --build /home/dung/ros_ws/build/my_robot_description -- -j12 -l12
[0.302s] DEBUG:colcon.colcon_core.event_handler.log_command:Invoking command in '/home/dung/ros_ws/build/my_robot_description': CMAKE_PREFIX_PATH=${CMAKE_PREFIX_PATH}:/home/dung/ros_ws/install/keyboard_teleop:/opt/ros/humble /usr/bin/cmake --install /home/dung/ros_ws/build/my_robot_description
[0.302s] DEBUG:colcon.colcon_core.event_handler.log_command:Invoked command in '/home/dung/ros_ws/build/my_robot_mapping' returned '0': CMAKE_PREFIX_PATH=${CMAKE_PREFIX_PATH}:/home/dung/ros_ws/install/keyboard_teleop:/opt/ros/humble /usr/bin/cmake --build /home/dung/ros_ws/build/my_robot_mapping -- -j12 -l12
[0.302s] DEBUG:colcon.colcon_core.event_handler.log_command:Invoking command in '/home/dung/ros_ws/build/my_robot_mapping': CMAKE_PREFIX_PATH=${CMAKE_PREFIX_PATH}:/home/dung/ros_ws/install/keyboard_teleop:/opt/ros/humble /usr/bin/cmake --install /home/dung/ros_ws/build/my_robot_mapping
[0.336s] DEBUG:colcon.colcon_core.event_handler.log_command:Invoked command in '/home/dung/ros_ws/build/my_robot_motion' returned '0': CMAKE_PREFIX_PATH=${CMAKE_PREFIX_PATH}:/home/dung/ros_ws/install/keyboard_teleop:/opt/ros/humble /usr/bin/cmake --build /home/dung/ros_ws/build/my_robot_motion -- -j12 -l12
[0.349s] DEBUG:colcon.colcon_core.event_handler.log_command:Invoking command in '/home/dung/ros_ws/build/my_robot_motion': CMAKE_PREFIX_PATH=${CMAKE_PREFIX_PATH}:/home/dung/ros_ws/install/keyboard_teleop:/opt/ros/humble /usr/bin/cmake --install /home/dung/ros_ws/build/my_robot_motion
[0.381s] Level 1:colcon.colcon_core.environment:create_environment_scripts_only(my_robot_description)
[0.384s] DEBUG:colcon.colcon_core.event_handler.log_command:Invoked command in '/home/dung/ros_ws/build/my_robot_description' returned '0': CMAKE_PREFIX_PATH=${CMAKE_PREFIX_PATH}:/home/dung/ros_ws/install/keyboard_teleop:/opt/ros/humble /usr/bin/cmake --install /home/dung/ros_ws/build/my_robot_description
[0.386s] Level 1:colcon.colcon_core.environment:checking '/home/dung/ros_ws/install/my_robot_description' for CMake module files
[0.387s] Level 1:colcon.colcon_core.environment:checking '/home/dung/ros_ws/install/my_robot_description' for CMake config files
[0.387s] Level 1:colcon.colcon_core.shell:create_environment_hook('my_robot_description', 'cmake_prefix_path')
[0.388s] INFO:colcon.colcon_core.shell:Creating environment hook '/home/dung/ros_ws/install/my_robot_description/share/my_robot_description/hook/cmake_prefix_path.ps1'
[0.388s] INFO:colcon.colcon_core.shell:Creating environment descriptor '/home/dung/ros_ws/install/my_robot_description/share/my_robot_description/hook/cmake_prefix_path.dsv'
[0.389s] INFO:colcon.colcon_core.shell:Creating environment hook '/home/dung/ros_ws/install/my_robot_description/share/my_robot_description/hook/cmake_prefix_path.sh'
[0.390s] Level 1:colcon.colcon_core.environment:checking '/home/dung/ros_ws/install/my_robot_description/bin'
[0.390s] Level 1:colcon.colcon_core.environment:checking '/home/dung/ros_ws/install/my_robot_description/lib/pkgconfig/my_robot_description.pc'
[0.390s] Level 1:colcon.colcon_core.environment:checking '/home/dung/ros_ws/install/my_robot_description/lib/python3.10/site-packages'
[0.390s] Level 1:colcon.colcon_core.environment:checking '/home/dung/ros_ws/install/my_robot_description/bin'
[0.391s] INFO:colcon.colcon_core.shell:Creating package script '/home/dung/ros_ws/install/my_robot_description/share/my_robot_description/package.ps1'
[0.392s] INFO:colcon.colcon_core.shell:Creating package descriptor '/home/dung/ros_ws/install/my_robot_description/share/my_robot_description/package.dsv'
[0.392s] INFO:colcon.colcon_core.shell:Creating package script '/home/dung/ros_ws/install/my_robot_description/share/my_robot_description/package.sh'
[0.393s] INFO:colcon.colcon_core.shell:Creating package script '/home/dung/ros_ws/install/my_robot_description/share/my_robot_description/package.bash'
[0.394s] INFO:colcon.colcon_core.shell:Creating package script '/home/dung/ros_ws/install/my_robot_description/share/my_robot_description/package.zsh'
[0.395s] Level 1:colcon.colcon_core.environment:create_file_with_runtime_dependencies(/home/dung/ros_ws/install/my_robot_description/share/colcon-core/packages/my_robot_description)
[0.396s] Level 1:colcon.colcon_core.environment:create_environment_scripts_only(my_robot_description)
[0.396s] Level 1:colcon.colcon_core.environment:checking '/home/dung/ros_ws/install/my_robot_description' for CMake module files
[0.397s] Level 1:colcon.colcon_core.environment:checking '/home/dung/ros_ws/install/my_robot_description' for CMake config files
[0.397s] Level 1:colcon.colcon_core.shell:create_environment_hook('my_robot_description', 'cmake_prefix_path')
[0.397s] INFO:colcon.colcon_core.shell:Creating environment hook '/home/dung/ros_ws/install/my_robot_description/share/my_robot_description/hook/cmake_prefix_path.ps1'
[0.398s] INFO:colcon.colcon_core.shell:Creating environment descriptor '/home/dung/ros_ws/install/my_robot_description/share/my_robot_description/hook/cmake_prefix_path.dsv'
[0.398s] INFO:colcon.colcon_core.shell:Creating environment hook '/home/dung/ros_ws/install/my_robot_description/share/my_robot_description/hook/cmake_prefix_path.sh'
[0.399s] Level 1:colcon.colcon_core.environment:checking '/home/dung/ros_ws/install/my_robot_description/bin'
[0.399s] Level 1:colcon.colcon_core.environment:checking '/home/dung/ros_ws/install/my_robot_description/lib/pkgconfig/my_robot_description.pc'
[0.399s] Level 1:colcon.colcon_core.environment:checking '/home/dung/ros_ws/install/my_robot_description/lib/python3.10/site-packages'
[0.399s] Level 1:colcon.colcon_core.environment:checking '/home/dung/ros_ws/install/my_robot_description/bin'
[0.400s] INFO:colcon.colcon_core.shell:Creating package script '/home/dung/ros_ws/install/my_robot_description/share/my_robot_description/package.ps1'
[0.400s] INFO:colcon.colcon_core.shell:Creating package descriptor '/home/dung/ros_ws/install/my_robot_description/share/my_robot_description/package.dsv'
[0.401s] INFO:colcon.colcon_core.shell:Creating package script '/home/dung/ros_ws/install/my_robot_description/share/my_robot_description/package.sh'
[0.401s] INFO:colcon.colcon_core.shell:Creating package script '/home/dung/ros_ws/install/my_robot_description/share/my_robot_description/package.bash'
[0.401s] INFO:colcon.colcon_core.shell:Creating package script '/home/dung/ros_ws/install/my_robot_description/share/my_robot_description/package.zsh'
[0.402s] Level 1:colcon.colcon_core.environment:create_file_with_runtime_dependencies(/home/dung/ros_ws/install/my_robot_description/share/colcon-core/packages/my_robot_description)
[0.402s] Level 1:colcon.colcon_core.environment:create_environment_scripts_only(my_robot_mapping)
[0.403s] Level 1:colcon.colcon_core.environment:checking '/home/dung/ros_ws/install/my_robot_mapping' for CMake module files
[0.404s] DEBUG:colcon.colcon_core.event_handler.log_command:Invoked command in '/home/dung/ros_ws/build/my_robot_mapping' returned '0': CMAKE_PREFIX_PATH=${CMAKE_PREFIX_PATH}:/home/dung/ros_ws/install/keyboard_teleop:/opt/ros/humble /usr/bin/cmake --install /home/dung/ros_ws/build/my_robot_mapping
[0.407s] Level 1:colcon.colcon_core.environment:checking '/home/dung/ros_ws/install/my_robot_mapping' for CMake config files
[0.407s] Level 1:colcon.colcon_core.shell:create_environment_hook('my_robot_mapping', 'cmake_prefix_path')
[0.408s] INFO:colcon.colcon_core.shell:Creating environment hook '/home/dung/ros_ws/install/my_robot_mapping/share/my_robot_mapping/hook/cmake_prefix_path.ps1'
[0.408s] INFO:colcon.colcon_core.shell:Creating environment descriptor '/home/dung/ros_ws/install/my_robot_mapping/share/my_robot_mapping/hook/cmake_prefix_path.dsv'
[0.408s] INFO:colcon.colcon_core.shell:Creating environment hook '/home/dung/ros_ws/install/my_robot_mapping/share/my_robot_mapping/hook/cmake_prefix_path.sh'
[0.409s] Level 1:colcon.colcon_core.environment:checking '/home/dung/ros_ws/install/my_robot_mapping/bin'
[0.409s] Level 1:colcon.colcon_core.environment:checking '/home/dung/ros_ws/install/my_robot_mapping/lib/pkgconfig/my_robot_mapping.pc'
[0.409s] Level 1:colcon.colcon_core.environment:checking '/home/dung/ros_ws/install/my_robot_mapping/lib/python3.10/site-packages'
[0.410s] Level 1:colcon.colcon_core.environment:checking '/home/dung/ros_ws/install/my_robot_mapping/bin'
[0.410s] INFO:colcon.colcon_core.shell:Creating package script '/home/dung/ros_ws/install/my_robot_mapping/share/my_robot_mapping/package.ps1'
[0.410s] INFO:colcon.colcon_core.shell:Creating package descriptor '/home/dung/ros_ws/install/my_robot_mapping/share/my_robot_mapping/package.dsv'
[0.411s] INFO:colcon.colcon_core.shell:Creating package script '/home/dung/ros_ws/install/my_robot_mapping/share/my_robot_mapping/package.sh'
[0.411s] INFO:colcon.colcon_core.shell:Creating package script '/home/dung/ros_ws/install/my_robot_mapping/share/my_robot_mapping/package.bash'
[0.411s] INFO:colcon.colcon_core.shell:Creating package script '/home/dung/ros_ws/install/my_robot_mapping/share/my_robot_mapping/package.zsh'
[0.412s] Level 1:colcon.colcon_core.environment:create_file_with_runtime_dependencies(/home/dung/ros_ws/install/my_robot_mapping/share/colcon-core/packages/my_robot_mapping)
[0.412s] Level 1:colcon.colcon_core.environment:create_environment_scripts_only(my_robot_mapping)
[0.413s] Level 1:colcon.colcon_core.environment:checking '/home/dung/ros_ws/install/my_robot_mapping' for CMake module files
[0.413s] Level 1:colcon.colcon_core.environment:checking '/home/dung/ros_ws/install/my_robot_mapping' for CMake config files
[0.413s] Level 1:colcon.colcon_core.shell:create_environment_hook('my_robot_mapping', 'cmake_prefix_path')
[0.413s] INFO:colcon.colcon_core.shell:Creating environment hook '/home/dung/ros_ws/install/my_robot_mapping/share/my_robot_mapping/hook/cmake_prefix_path.ps1'
[0.414s] INFO:colcon.colcon_core.shell:Creating environment descriptor '/home/dung/ros_ws/install/my_robot_mapping/share/my_robot_mapping/hook/cmake_prefix_path.dsv'
[0.414s] INFO:colcon.colcon_core.shell:Creating environment hook '/home/dung/ros_ws/install/my_robot_mapping/share/my_robot_mapping/hook/cmake_prefix_path.sh'
[0.415s] Level 1:colcon.colcon_core.environment:checking '/home/dung/ros_ws/install/my_robot_mapping/bin'
[0.415s] Level 1:colcon.colcon_core.environment:checking '/home/dung/ros_ws/install/my_robot_mapping/lib/pkgconfig/my_robot_mapping.pc'
[0.415s] Level 1:colcon.colcon_core.environment:checking '/home/dung/ros_ws/install/my_robot_mapping/lib/python3.10/site-packages'
[0.415s] Level 1:colcon.colcon_core.environment:checking '/home/dung/ros_ws/install/my_robot_mapping/bin'
[0.416s] INFO:colcon.colcon_core.shell:Creating package script '/home/dung/ros_ws/install/my_robot_mapping/share/my_robot_mapping/package.ps1'
[0.416s] INFO:colcon.colcon_core.shell:Creating package descriptor '/home/dung/ros_ws/install/my_robot_mapping/share/my_robot_mapping/package.dsv'
[0.417s] INFO:colcon.colcon_core.shell:Creating package script '/home/dung/ros_ws/install/my_robot_mapping/share/my_robot_mapping/package.sh'
[0.417s] INFO:colcon.colcon_core.shell:Creating package script '/home/dung/ros_ws/install/my_robot_mapping/share/my_robot_mapping/package.bash'
[0.417s] INFO:colcon.colcon_core.shell:Creating package script '/home/dung/ros_ws/install/my_robot_mapping/share/my_robot_mapping/package.zsh'
[0.418s] Level 1:colcon.colcon_core.environment:create_file_with_runtime_dependencies(/home/dung/ros_ws/install/my_robot_mapping/share/colcon-core/packages/my_robot_mapping)
[0.418s] INFO:colcon.colcon_ros.task.ament_cmake.build:Building ROS package in '/home/dung/ros_ws/src/my_robot_bringup' with build type 'ament_cmake'
[0.418s] INFO:colcon.colcon_cmake.task.cmake.build:Building CMake package in '/home/dung/ros_ws/src/my_robot_bringup'
[0.418s] INFO:colcon.colcon_core.shell:Skip shell extension 'powershell' for command environment: Not usable outside of PowerShell
[0.418s] DEBUG:colcon.colcon_core.shell:Skip shell extension 'dsv' for command environment
[0.424s] Level 1:colcon.colcon_core.environment:create_environment_scripts_only(my_robot_motion)
[0.424s] Level 1:colcon.colcon_core.environment:checking '/home/dung/ros_ws/install/my_robot_motion' for CMake module files
[0.424s] DEBUG:colcon.colcon_core.event_handler.log_command:Invoked command in '/home/dung/ros_ws/build/my_robot_motion' returned '0': CMAKE_PREFIX_PATH=${CMAKE_PREFIX_PATH}:/home/dung/ros_ws/install/keyboard_teleop:/opt/ros/humble /usr/bin/cmake --install /home/dung/ros_ws/build/my_robot_motion
[0.425s] Level 1:colcon.colcon_core.environment:checking '/home/dung/ros_ws/install/my_robot_motion' for CMake config files
[0.425s] Level 1:colcon.colcon_core.shell:create_environment_hook('my_robot_motion', 'cmake_prefix_path')
[0.425s] INFO:colcon.colcon_core.shell:Creating environment hook '/home/dung/ros_ws/install/my_robot_motion/share/my_robot_motion/hook/cmake_prefix_path.ps1'
[0.426s] INFO:colcon.colcon_core.shell:Creating environment descriptor '/home/dung/ros_ws/install/my_robot_motion/share/my_robot_motion/hook/cmake_prefix_path.dsv'
[0.426s] INFO:colcon.colcon_core.shell:Creating environment hook '/home/dung/ros_ws/install/my_robot_motion/share/my_robot_motion/hook/cmake_prefix_path.sh'
[0.427s] Level 1:colcon.colcon_core.environment:checking '/home/dung/ros_ws/install/my_robot_motion/lib'
[0.427s] Level 1:colcon.colcon_core.shell:create_environment_hook('my_robot_motion', 'ld_library_path_lib')
[0.427s] INFO:colcon.colcon_core.shell:Creating environment hook '/home/dung/ros_ws/install/my_robot_motion/share/my_robot_motion/hook/ld_library_path_lib.ps1'
[0.427s] INFO:colcon.colcon_core.shell:Creating environment descriptor '/home/dung/ros_ws/install/my_robot_motion/share/my_robot_motion/hook/ld_library_path_lib.dsv'
[0.428s] INFO:colcon.colcon_core.shell:Creating environment hook '/home/dung/ros_ws/install/my_robot_motion/share/my_robot_motion/hook/ld_library_path_lib.sh'
[0.428s] Level 1:colcon.colcon_core.environment:checking '/home/dung/ros_ws/install/my_robot_motion/bin'
[0.428s] Level 1:colcon.colcon_core.environment:checking '/home/dung/ros_ws/install/my_robot_motion/lib/pkgconfig/my_robot_motion.pc'
[0.428s] Level 1:colcon.colcon_core.environment:checking '/home/dung/ros_ws/install/my_robot_motion/lib/python3.10/site-packages'
[0.429s] Level 1:colcon.colcon_core.environment:checking '/home/dung/ros_ws/install/my_robot_motion/bin'
[0.429s] INFO:colcon.colcon_core.shell:Creating package script '/home/dung/ros_ws/install/my_robot_motion/share/my_robot_motion/package.ps1'
[0.429s] INFO:colcon.colcon_core.shell:Creating package descriptor '/home/dung/ros_ws/install/my_robot_motion/share/my_robot_motion/package.dsv'
[0.430s] INFO:colcon.colcon_core.shell:Creating package script '/home/dung/ros_ws/install/my_robot_motion/share/my_robot_motion/package.sh'
[0.430s] INFO:colcon.colcon_core.shell:Creating package script '/home/dung/ros_ws/install/my_robot_motion/share/my_robot_motion/package.bash'
[0.430s] INFO:colcon.colcon_core.shell:Creating package script '/home/dung/ros_ws/install/my_robot_motion/share/my_robot_motion/package.zsh'
[0.431s] Level 1:colcon.colcon_core.environment:create_file_with_runtime_dependencies(/home/dung/ros_ws/install/my_robot_motion/share/colcon-core/packages/my_robot_motion)
[0.431s] Level 1:colcon.colcon_core.environment:create_environment_scripts_only(my_robot_motion)
[0.431s] Level 1:colcon.colcon_core.environment:checking '/home/dung/ros_ws/install/my_robot_motion' for CMake module files
[0.432s] Level 1:colcon.colcon_core.environment:checking '/home/dung/ros_ws/install/my_robot_motion' for CMake config files
[0.432s] Level 1:colcon.colcon_core.shell:create_environment_hook('my_robot_motion', 'cmake_prefix_path')
[0.432s] INFO:colcon.colcon_core.shell:Creating environment hook '/home/dung/ros_ws/install/my_robot_motion/share/my_robot_motion/hook/cmake_prefix_path.ps1'
[0.433s] INFO:colcon.colcon_core.shell:Creating environment descriptor '/home/dung/ros_ws/install/my_robot_motion/share/my_robot_motion/hook/cmake_prefix_path.dsv'
[0.433s] INFO:colcon.colcon_core.shell:Creating environment hook '/home/dung/ros_ws/install/my_robot_motion/share/my_robot_motion/hook/cmake_prefix_path.sh'
[0.434s] Level 1:colcon.colcon_core.environment:checking '/home/dung/ros_ws/install/my_robot_motion/lib'
[0.434s] Level 1:colcon.colcon_core.shell:create_environment_hook('my_robot_motion', 'ld_library_path_lib')
[0.434s] INFO:colcon.colcon_core.shell:Creating environment hook '/home/dung/ros_ws/install/my_robot_motion/share/my_robot_motion/hook/ld_library_path_lib.ps1'
[0.435s] INFO:colcon.colcon_core.shell:Creating environment descriptor '/home/dung/ros_ws/install/my_robot_motion/share/my_robot_motion/hook/ld_library_path_lib.dsv'
[0.435s] INFO:colcon.colcon_core.shell:Creating environment hook '/home/dung/ros_ws/install/my_robot_motion/share/my_robot_motion/hook/ld_library_path_lib.sh'
[0.435s] Level 1:colcon.colcon_core.environment:checking '/home/dung/ros_ws/install/my_robot_motion/bin'
[0.435s] Level 1:colcon.colcon_core.environment:checking '/home/dung/ros_ws/install/my_robot_motion/lib/pkgconfig/my_robot_motion.pc'
[0.435s] Level 1:colcon.colcon_core.environment:checking '/home/dung/ros_ws/install/my_robot_motion/lib/python3.10/site-packages'
[0.436s] Level 1:colcon.colcon_core.environment:checking '/home/dung/ros_ws/install/my_robot_motion/bin'
[0.436s] INFO:colcon.colcon_core.shell:Creating package script '/home/dung/ros_ws/install/my_robot_motion/share/my_robot_motion/package.ps1'
[0.437s] INFO:colcon.colcon_core.shell:Creating package descriptor '/home/dung/ros_ws/install/my_robot_motion/share/my_robot_motion/package.dsv'
[0.437s] INFO:colcon.colcon_core.shell:Creating package script '/home/dung/ros_ws/install/my_robot_motion/share/my_robot_motion/package.sh'
[0.437s] INFO:colcon.colcon_core.shell:Creating package script '/home/dung/ros_ws/install/my_robot_motion/share/my_robot_motion/package.bash'
[0.438s] INFO:colcon.colcon_core.shell:Creating package script '/home/dung/ros_ws/install/my_robot_motion/share/my_robot_motion/package.zsh'
[0.438s] Level 1:colcon.colcon_core.environment:create_file_with_runtime_dependencies(/home/dung/ros_ws/install/my_robot_motion/share/colcon-core/packages/my_robot_motion)
[0.441s] DEBUG:colcon.colcon_core.event_handler.log_command:Invoking command in '/home/dung/ros_ws/build/my_robot_bringup': CMAKE_PREFIX_PATH=/home/dung/ros_ws/install/my_robot_description:/home/dung/ros_ws/install/myrobot_controller:/home/dung/ros_ws/install/my_robot_utils:/home/dung/ros_ws/install/my_robot_planning:/home/dung/ros_ws/install/my_robot_navi:/home/dung/ros_ws/install/my_robot_msgs:/home/dung/ros_ws/install/my_robot_motion:/home/dung/ros_ws/install/my_robot_mapping:/home/dung/ros_ws/install/my_robot_localization:/home/dung/ros_ws/install/my_robot_firmware:/home/dung/ros_ws/install/my_robot_bringup:/home/dung/ros_ws/install/keyboard_teleop:/opt/ros/humble /usr/bin/cmake --build /home/dung/ros_ws/build/my_robot_bringup -- -j12 -l12
[0.475s] DEBUG:colcon.colcon_core.event_handler.log_command:Invoked command in '/home/dung/ros_ws/build/my_robot_bringup' returned '0': CMAKE_PREFIX_PATH=/home/dung/ros_ws/install/my_robot_description:/home/dung/ros_ws/install/myrobot_controller:/home/dung/ros_ws/install/my_robot_utils:/home/dung/ros_ws/install/my_robot_planning:/home/dung/ros_ws/install/my_robot_navi:/home/dung/ros_ws/install/my_robot_msgs:/home/dung/ros_ws/install/my_robot_motion:/home/dung/ros_ws/install/my_robot_mapping:/home/dung/ros_ws/install/my_robot_localization:/home/dung/ros_ws/install/my_robot_firmware:/home/dung/ros_ws/install/my_robot_bringup:/home/dung/ros_ws/install/keyboard_teleop:/opt/ros/humble /usr/bin/cmake --build /home/dung/ros_ws/build/my_robot_bringup -- -j12 -l12
[0.475s] DEBUG:colcon.colcon_core.event_handler.log_command:Invoking command in '/home/dung/ros_ws/build/my_robot_bringup': CMAKE_PREFIX_PATH=/home/dung/ros_ws/install/my_robot_description:/home/dung/ros_ws/install/myrobot_controller:/home/dung/ros_ws/install/my_robot_utils:/home/dung/ros_ws/install/my_robot_planning:/home/dung/ros_ws/install/my_robot_navi:/home/dung/ros_ws/install/my_robot_msgs:/home/dung/ros_ws/install/my_robot_motion:/home/dung/ros_ws/install/my_robot_mapping:/home/dung/ros_ws/install/my_robot_localization:/home/dung/ros_ws/install/my_robot_firmware:/home/dung/ros_ws/install/my_robot_bringup:/home/dung/ros_ws/install/keyboard_teleop:/opt/ros/humble /usr/bin/cmake --install /home/dung/ros_ws/build/my_robot_bringup
[0.494s] Level 1:colcon.colcon_core.environment:create_environment_scripts_only(my_robot_bringup)
[0.494s] Level 1:colcon.colcon_core.environment:checking '/home/dung/ros_ws/install/my_robot_bringup' for CMake module files
[0.495s] DEBUG:colcon.colcon_core.event_handler.log_command:Invoked command in '/home/dung/ros_ws/build/my_robot_bringup' returned '0': CMAKE_PREFIX_PATH=/home/dung/ros_ws/install/my_robot_description:/home/dung/ros_ws/install/myrobot_controller:/home/dung/ros_ws/install/my_robot_utils:/home/dung/ros_ws/install/my_robot_planning:/home/dung/ros_ws/install/my_robot_navi:/home/dung/ros_ws/install/my_robot_msgs:/home/dung/ros_ws/install/my_robot_motion:/home/dung/ros_ws/install/my_robot_mapping:/home/dung/ros_ws/install/my_robot_localization:/home/dung/ros_ws/install/my_robot_firmware:/home/dung/ros_ws/install/my_robot_bringup:/home/dung/ros_ws/install/keyboard_teleop:/opt/ros/humble /usr/bin/cmake --install /home/dung/ros_ws/build/my_robot_bringup
[0.496s] Level 1:colcon.colcon_core.environment:checking '/home/dung/ros_ws/install/my_robot_bringup' for CMake config files
[0.496s] Level 1:colcon.colcon_core.shell:create_environment_hook('my_robot_bringup', 'cmake_prefix_path')
[0.496s] INFO:colcon.colcon_core.shell:Creating environment hook '/home/dung/ros_ws/install/my_robot_bringup/share/my_robot_bringup/hook/cmake_prefix_path.ps1'
[0.497s] INFO:colcon.colcon_core.shell:Creating environment descriptor '/home/dung/ros_ws/install/my_robot_bringup/share/my_robot_bringup/hook/cmake_prefix_path.dsv'
[0.497s] INFO:colcon.colcon_core.shell:Creating environment hook '/home/dung/ros_ws/install/my_robot_bringup/share/my_robot_bringup/hook/cmake_prefix_path.sh'
[0.498s] Level 1:colcon.colcon_core.environment:checking '/home/dung/ros_ws/install/my_robot_bringup/bin'
[0.498s] Level 1:colcon.colcon_core.environment:checking '/home/dung/ros_ws/install/my_robot_bringup/lib/pkgconfig/my_robot_bringup.pc'
[0.498s] Level 1:colcon.colcon_core.environment:checking '/home/dung/ros_ws/install/my_robot_bringup/lib/python3.10/site-packages'
[0.498s] Level 1:colcon.colcon_core.environment:checking '/home/dung/ros_ws/install/my_robot_bringup/bin'
[0.498s] INFO:colcon.colcon_core.shell:Creating package script '/home/dung/ros_ws/install/my_robot_bringup/share/my_robot_bringup/package.ps1'
[0.499s] INFO:colcon.colcon_core.shell:Creating package descriptor '/home/dung/ros_ws/install/my_robot_bringup/share/my_robot_bringup/package.dsv'
[0.499s] INFO:colcon.colcon_core.shell:Creating package script '/home/dung/ros_ws/install/my_robot_bringup/share/my_robot_bringup/package.sh'
[0.500s] INFO:colcon.colcon_core.shell:Creating package script '/home/dung/ros_ws/install/my_robot_bringup/share/my_robot_bringup/package.bash'
[0.500s] INFO:colcon.colcon_core.shell:Creating package script '/home/dung/ros_ws/install/my_robot_bringup/share/my_robot_bringup/package.zsh'
[0.500s] Level 1:colcon.colcon_core.environment:create_file_with_runtime_dependencies(/home/dung/ros_ws/install/my_robot_bringup/share/colcon-core/packages/my_robot_bringup)
[0.501s] Level 1:colcon.colcon_core.environment:create_environment_scripts_only(my_robot_bringup)
[0.501s] Level 1:colcon.colcon_core.environment:checking '/home/dung/ros_ws/install/my_robot_bringup' for CMake module files
[0.501s] Level 1:colcon.colcon_core.environment:checking '/home/dung/ros_ws/install/my_robot_bringup' for CMake config files
[0.502s] Level 1:colcon.colcon_core.shell:create_environment_hook('my_robot_bringup', 'cmake_prefix_path')
[0.502s] INFO:colcon.colcon_core.shell:Creating environment hook '/home/dung/ros_ws/install/my_robot_bringup/share/my_robot_bringup/hook/cmake_prefix_path.ps1'
[0.502s] INFO:colcon.colcon_core.shell:Creating environment descriptor '/home/dung/ros_ws/install/my_robot_bringup/share/my_robot_bringup/hook/cmake_prefix_path.dsv'
[0.503s] INFO:colcon.colcon_core.shell:Creating environment hook '/home/dung/ros_ws/install/my_robot_bringup/share/my_robot_bringup/hook/cmake_prefix_path.sh'
[0.503s] Level 1:colcon.colcon_core.environment:checking '/home/dung/ros_ws/install/my_robot_bringup/bin'
[0.503s] Level 1:colcon.colcon_core.environment:checking '/home/dung/ros_ws/install/my_robot_bringup/lib/pkgconfig/my_robot_bringup.pc'
[0.503s] Level 1:colcon.colcon_core.environment:checking '/home/dung/ros_ws/install/my_robot_bringup/lib/python3.10/site-packages'
[0.504s] Level 1:colcon.colcon_core.environment:checking '/home/dung/ros_ws/install/my_robot_bringup/bin'
[0.504s] INFO:colcon.colcon_core.shell:Creating package script '/home/dung/ros_ws/install/my_robot_bringup/share/my_robot_bringup/package.ps1'
[0.504s] INFO:colcon.colcon_core.shell:Creating package descriptor '/home/dung/ros_ws/install/my_robot_bringup/share/my_robot_bringup/package.dsv'
[0.505s] INFO:colcon.colcon_core.shell:Creating package script '/home/dung/ros_ws/install/my_robot_bringup/share/my_robot_bringup/package.sh'
[0.506s] INFO:colcon.colcon_core.shell:Creating package script '/home/dung/ros_ws/install/my_robot_bringup/share/my_robot_bringup/package.bash'
[0.506s] INFO:colcon.colcon_core.shell:Creating package script '/home/dung/ros_ws/install/my_robot_bringup/share/my_robot_bringup/package.zsh'
[0.506s] Level 1:colcon.colcon_core.environment:create_file_with_runtime_dependencies(/home/dung/ros_ws/install/my_robot_bringup/share/colcon-core/packages/my_robot_bringup)
[0.544s] DEBUG:colcon.colcon_core.event_handler.log_command:Invoked command in '/home/dung/ros_ws/build/my_robot_firmware' returned '0': CMAKE_PREFIX_PATH=${CMAKE_PREFIX_PATH}:/home/dung/ros_ws/install/keyboard_teleop:/opt/ros/humble /usr/bin/cmake --build /home/dung/ros_ws/build/my_robot_firmware -- -j12 -l12
[0.545s] DEBUG:colcon.colcon_core.event_handler.log_command:Invoking command in '/home/dung/ros_ws/build/my_robot_firmware': CMAKE_PREFIX_PATH=${CMAKE_PREFIX_PATH}:/home/dung/ros_ws/install/keyboard_teleop:/opt/ros/humble /usr/bin/cmake --install /home/dung/ros_ws/build/my_robot_firmware
[0.549s] DEBUG:colcon.colcon_core.event_handler.log_command:Invoked command in '/home/dung/ros_ws/build/my_robot_localization' returned '0': CMAKE_PREFIX_PATH=${CMAKE_PREFIX_PATH}:/home/dung/ros_ws/install/keyboard_teleop:/opt/ros/humble /usr/bin/cmake --build /home/dung/ros_ws/build/my_robot_localization -- -j12 -l12
[0.550s] DEBUG:colcon.colcon_core.event_handler.log_command:Invoking command in '/home/dung/ros_ws/build/my_robot_localization': CMAKE_PREFIX_PATH=${CMAKE_PREFIX_PATH}:/home/dung/ros_ws/install/keyboard_teleop:/opt/ros/humble /usr/bin/cmake --install /home/dung/ros_ws/build/my_robot_localization
[0.603s] DEBUG:colcon.colcon_core.event_handler.log_command:Invoked command in '/home/dung/ros_ws/build/myrobot_controller' returned '0': CMAKE_PREFIX_PATH=${CMAKE_PREFIX_PATH}:/home/dung/ros_ws/install/keyboard_teleop:/opt/ros/humble /usr/bin/cmake --build /home/dung/ros_ws/build/myrobot_controller -- -j12 -l12
[0.604s] DEBUG:colcon.colcon_core.event_handler.log_command:Invoking command in '/home/dung/ros_ws/build/myrobot_controller': CMAKE_PREFIX_PATH=${CMAKE_PREFIX_PATH}:/home/dung/ros_ws/install/keyboard_teleop:/opt/ros/humble /usr/bin/cmake --install /home/dung/ros_ws/build/myrobot_controller
[0.606s] Level 1:colcon.colcon_core.environment:create_environment_scripts_only(my_robot_firmware)
[0.606s] Level 1:colcon.colcon_core.environment:checking '/home/dung/ros_ws/install/my_robot_firmware' for CMake module files
[0.606s] DEBUG:colcon.colcon_core.event_handler.log_command:Invoked command in '/home/dung/ros_ws/build/my_robot_firmware' returned '0': CMAKE_PREFIX_PATH=${CMAKE_PREFIX_PATH}:/home/dung/ros_ws/install/keyboard_teleop:/opt/ros/humble /usr/bin/cmake --install /home/dung/ros_ws/build/my_robot_firmware
[0.607s] Level 1:colcon.colcon_core.environment:checking '/home/dung/ros_ws/install/my_robot_firmware' for CMake config files
[0.607s] Level 1:colcon.colcon_core.shell:create_environment_hook('my_robot_firmware', 'cmake_prefix_path')
[0.608s] INFO:colcon.colcon_core.shell:Creating environment hook '/home/dung/ros_ws/install/my_robot_firmware/share/my_robot_firmware/hook/cmake_prefix_path.ps1'
[0.608s] INFO:colcon.colcon_core.shell:Creating environment descriptor '/home/dung/ros_ws/install/my_robot_firmware/share/my_robot_firmware/hook/cmake_prefix_path.dsv'
[0.609s] INFO:colcon.colcon_core.shell:Creating environment hook '/home/dung/ros_ws/install/my_robot_firmware/share/my_robot_firmware/hook/cmake_prefix_path.sh'
[0.609s] Level 1:colcon.colcon_core.environment:checking '/home/dung/ros_ws/install/my_robot_firmware/lib'
[0.609s] Level 1:colcon.colcon_core.environment:checking '/home/dung/ros_ws/install/my_robot_firmware/bin'
[0.609s] Level 1:colcon.colcon_core.environment:checking '/home/dung/ros_ws/install/my_robot_firmware/lib/pkgconfig/my_robot_firmware.pc'
[0.610s] Level 1:colcon.colcon_core.environment:checking '/home/dung/ros_ws/install/my_robot_firmware/lib/python3.10/site-packages'
[0.610s] Level 1:colcon.colcon_core.environment:checking '/home/dung/ros_ws/install/my_robot_firmware/bin'
[0.610s] INFO:colcon.colcon_core.shell:Creating package script '/home/dung/ros_ws/install/my_robot_firmware/share/my_robot_firmware/package.ps1'
[0.611s] INFO:colcon.colcon_core.shell:Creating package descriptor '/home/dung/ros_ws/install/my_robot_firmware/share/my_robot_firmware/package.dsv'
[0.611s] INFO:colcon.colcon_core.shell:Creating package script '/home/dung/ros_ws/install/my_robot_firmware/share/my_robot_firmware/package.sh'
[0.611s] INFO:colcon.colcon_core.shell:Creating package script '/home/dung/ros_ws/install/my_robot_firmware/share/my_robot_firmware/package.bash'
[0.612s] INFO:colcon.colcon_core.shell:Creating package script '/home/dung/ros_ws/install/my_robot_firmware/share/my_robot_firmware/package.zsh'
[0.612s] Level 1:colcon.colcon_core.environment:create_file_with_runtime_dependencies(/home/dung/ros_ws/install/my_robot_firmware/share/colcon-core/packages/my_robot_firmware)
[0.613s] Level 1:colcon.colcon_core.environment:create_environment_scripts_only(my_robot_firmware)
[0.614s] Level 1:colcon.colcon_core.environment:checking '/home/dung/ros_ws/install/my_robot_firmware' for CMake module files
[0.614s] Level 1:colcon.colcon_core.environment:checking '/home/dung/ros_ws/install/my_robot_firmware' for CMake config files
[0.614s] Level 1:colcon.colcon_core.shell:create_environment_hook('my_robot_firmware', 'cmake_prefix_path')
[0.614s] INFO:colcon.colcon_core.shell:Creating environment hook '/home/dung/ros_ws/install/my_robot_firmware/share/my_robot_firmware/hook/cmake_prefix_path.ps1'
[0.615s] INFO:colcon.colcon_core.shell:Creating environment descriptor '/home/dung/ros_ws/install/my_robot_firmware/share/my_robot_firmware/hook/cmake_prefix_path.dsv'
[0.615s] INFO:colcon.colcon_core.shell:Creating environment hook '/home/dung/ros_ws/install/my_robot_firmware/share/my_robot_firmware/hook/cmake_prefix_path.sh'
[0.615s] Level 1:colcon.colcon_core.environment:checking '/home/dung/ros_ws/install/my_robot_firmware/lib'
[0.615s] Level 1:colcon.colcon_core.environment:checking '/home/dung/ros_ws/install/my_robot_firmware/bin'
[0.615s] Level 1:colcon.colcon_core.environment:checking '/home/dung/ros_ws/install/my_robot_firmware/lib/pkgconfig/my_robot_firmware.pc'
[0.615s] Level 1:colcon.colcon_core.environment:checking '/home/dung/ros_ws/install/my_robot_firmware/lib/python3.10/site-packages'
[0.616s] Level 1:colcon.colcon_core.environment:checking '/home/dung/ros_ws/install/my_robot_firmware/bin'
[0.616s] INFO:colcon.colcon_core.shell:Creating package script '/home/dung/ros_ws/install/my_robot_firmware/share/my_robot_firmware/package.ps1'
[0.616s] INFO:colcon.colcon_core.shell:Creating package descriptor '/home/dung/ros_ws/install/my_robot_firmware/share/my_robot_firmware/package.dsv'
[0.617s] INFO:colcon.colcon_core.shell:Creating package script '/home/dung/ros_ws/install/my_robot_firmware/share/my_robot_firmware/package.sh'
[0.617s] INFO:colcon.colcon_core.shell:Creating package script '/home/dung/ros_ws/install/my_robot_firmware/share/my_robot_firmware/package.bash'
[0.617s] INFO:colcon.colcon_core.shell:Creating package script '/home/dung/ros_ws/install/my_robot_firmware/share/my_robot_firmware/package.zsh'
[0.617s] Level 1:colcon.colcon_core.environment:create_file_with_runtime_dependencies(/home/dung/ros_ws/install/my_robot_firmware/share/colcon-core/packages/my_robot_firmware)
[0.618s] Level 1:colcon.colcon_core.environment:create_environment_scripts_only(my_robot_localization)
[0.618s] Level 1:colcon.colcon_core.environment:checking '/home/dung/ros_ws/install/my_robot_localization' for CMake module files
[0.619s] Level 1:colcon.colcon_core.environment:checking '/home/dung/ros_ws/install/my_robot_localization' for CMake config files
[0.619s] DEBUG:colcon.colcon_core.event_handler.log_command:Invoked command in '/home/dung/ros_ws/build/my_robot_localization' returned '0': CMAKE_PREFIX_PATH=${CMAKE_PREFIX_PATH}:/home/dung/ros_ws/install/keyboard_teleop:/opt/ros/humble /usr/bin/cmake --install /home/dung/ros_ws/build/my_robot_localization
[0.619s] Level 1:colcon.colcon_core.shell:create_environment_hook('my_robot_localization', 'cmake_prefix_path')
[0.620s] INFO:colcon.colcon_core.shell:Creating environment hook '/home/dung/ros_ws/install/my_robot_localization/share/my_robot_localization/hook/cmake_prefix_path.ps1'
[0.620s] INFO:colcon.colcon_core.shell:Creating environment descriptor '/home/dung/ros_ws/install/my_robot_localization/share/my_robot_localization/hook/cmake_prefix_path.dsv'
[0.620s] INFO:colcon.colcon_core.shell:Creating environment hook '/home/dung/ros_ws/install/my_robot_localization/share/my_robot_localization/hook/cmake_prefix_path.sh'
[0.621s] Level 1:colcon.colcon_core.environment:checking '/home/dung/ros_ws/install/my_robot_localization/lib'
[0.621s] Level 1:colcon.colcon_core.environment:checking '/home/dung/ros_ws/install/my_robot_localization/bin'
[0.621s] Level 1:colcon.colcon_core.environment:checking '/home/dung/ros_ws/install/my_robot_localization/lib/pkgconfig/my_robot_localization.pc'
[0.621s] Level 1:colcon.colcon_core.environment:checking '/home/dung/ros_ws/install/my_robot_localization/lib/python3.10/site-packages'
[0.622s] Level 1:colcon.colcon_core.environment:checking '/home/dung/ros_ws/install/my_robot_localization/bin'
[0.622s] INFO:colcon.colcon_core.shell:Creating package script '/home/dung/ros_ws/install/my_robot_localization/share/my_robot_localization/package.ps1'
[0.622s] INFO:colcon.colcon_core.shell:Creating package descriptor '/home/dung/ros_ws/install/my_robot_localization/share/my_robot_localization/package.dsv'
[0.622s] INFO:colcon.colcon_core.shell:Creating package script '/home/dung/ros_ws/install/my_robot_localization/share/my_robot_localization/package.sh'
[0.623s] INFO:colcon.colcon_core.shell:Creating package script '/home/dung/ros_ws/install/my_robot_localization/share/my_robot_localization/package.bash'
[0.623s] INFO:colcon.colcon_core.shell:Creating package script '/home/dung/ros_ws/install/my_robot_localization/share/my_robot_localization/package.zsh'
[0.623s] Level 1:colcon.colcon_core.environment:create_file_with_runtime_dependencies(/home/dung/ros_ws/install/my_robot_localization/share/colcon-core/packages/my_robot_localization)
[0.623s] Level 1:colcon.colcon_core.environment:create_environment_scripts_only(my_robot_localization)
[0.624s] Level 1:colcon.colcon_core.environment:checking '/home/dung/ros_ws/install/my_robot_localization' for CMake module files
[0.624s] Level 1:colcon.colcon_core.environment:checking '/home/dung/ros_ws/install/my_robot_localization' for CMake config files
[0.624s] Level 1:colcon.colcon_core.shell:create_environment_hook('my_robot_localization', 'cmake_prefix_path')
[0.624s] INFO:colcon.colcon_core.shell:Creating environment hook '/home/dung/ros_ws/install/my_robot_localization/share/my_robot_localization/hook/cmake_prefix_path.ps1'
[0.625s] INFO:colcon.colcon_core.shell:Creating environment descriptor '/home/dung/ros_ws/install/my_robot_localization/share/my_robot_localization/hook/cmake_prefix_path.dsv'
[0.625s] INFO:colcon.colcon_core.shell:Creating environment hook '/home/dung/ros_ws/install/my_robot_localization/share/my_robot_localization/hook/cmake_prefix_path.sh'
[0.625s] Level 1:colcon.colcon_core.environment:checking '/home/dung/ros_ws/install/my_robot_localization/lib'
[0.625s] Level 1:colcon.colcon_core.environment:checking '/home/dung/ros_ws/install/my_robot_localization/bin'
[0.625s] Level 1:colcon.colcon_core.environment:checking '/home/dung/ros_ws/install/my_robot_localization/lib/pkgconfig/my_robot_localization.pc'
[0.625s] Level 1:colcon.colcon_core.environment:checking '/home/dung/ros_ws/install/my_robot_localization/lib/python3.10/site-packages'
[0.626s] Level 1:colcon.colcon_core.environment:checking '/home/dung/ros_ws/install/my_robot_localization/bin'
[0.626s] INFO:colcon.colcon_core.shell:Creating package script '/home/dung/ros_ws/install/my_robot_localization/share/my_robot_localization/package.ps1'
[0.626s] INFO:colcon.colcon_core.shell:Creating package descriptor '/home/dung/ros_ws/install/my_robot_localization/share/my_robot_localization/package.dsv'
[0.626s] INFO:colcon.colcon_core.shell:Creating package script '/home/dung/ros_ws/install/my_robot_localization/share/my_robot_localization/package.sh'
[0.627s] INFO:colcon.colcon_core.shell:Creating package script '/home/dung/ros_ws/install/my_robot_localization/share/my_robot_localization/package.bash'
[0.627s] INFO:colcon.colcon_core.shell:Creating package script '/home/dung/ros_ws/install/my_robot_localization/share/my_robot_localization/package.zsh'
[0.627s] Level 1:colcon.colcon_core.environment:create_file_with_runtime_dependencies(/home/dung/ros_ws/install/my_robot_localization/share/colcon-core/packages/my_robot_localization)
[0.628s] DEBUG:colcon.colcon_core.event_handler.log_command:Invoked command in '/home/dung/ros_ws/build/my_robot_planning' returned '0': CMAKE_PREFIX_PATH=${CMAKE_PREFIX_PATH}:/home/dung/ros_ws/install/keyboard_teleop:/opt/ros/humble /usr/bin/cmake --build /home/dung/ros_ws/build/my_robot_planning -- -j12 -l12
[0.630s] DEBUG:colcon.colcon_core.event_handler.log_command:Invoking command in '/home/dung/ros_ws/build/my_robot_planning': CMAKE_PREFIX_PATH=${CMAKE_PREFIX_PATH}:/home/dung/ros_ws/install/keyboard_teleop:/opt/ros/humble /usr/bin/cmake --install /home/dung/ros_ws/build/my_robot_planning
[0.630s] DEBUG:colcon.colcon_core.event_handler.log_command:Invoked command in '/home/dung/ros_ws/build/my_robot_msgs' returned '0': CMAKE_PREFIX_PATH=${CMAKE_PREFIX_PATH}:/home/dung/ros_ws/install/keyboard_teleop:/opt/ros/humble /usr/bin/cmake --build /home/dung/ros_ws/build/my_robot_msgs -- -j12 -l12
[0.632s] DEBUG:colcon.colcon_core.event_handler.log_command:Invoking command in '/home/dung/ros_ws/build/my_robot_msgs': CMAKE_PREFIX_PATH=${CMAKE_PREFIX_PATH}:/home/dung/ros_ws/install/keyboard_teleop:/opt/ros/humble /usr/bin/cmake --install /home/dung/ros_ws/build/my_robot_msgs
[0.651s] DEBUG:colcon.colcon_core.event_handler.log_command:Invoked command in '/home/dung/ros_ws/build/my_robot_navi' returned '0': CMAKE_PREFIX_PATH=${CMAKE_PREFIX_PATH}:/home/dung/ros_ws/install/keyboard_teleop:/opt/ros/humble /usr/bin/cmake --build /home/dung/ros_ws/build/my_robot_navi -- -j12 -l12
[0.652s] DEBUG:colcon.colcon_core.event_handler.log_command:Invoking command in '/home/dung/ros_ws/build/my_robot_navi': CMAKE_PREFIX_PATH=${CMAKE_PREFIX_PATH}:/home/dung/ros_ws/install/keyboard_teleop:/opt/ros/humble /usr/bin/cmake --install /home/dung/ros_ws/build/my_robot_navi
[0.654s] Level 1:colcon.colcon_core.environment:create_environment_scripts_only(myrobot_controller)
[0.655s] Level 1:colcon.colcon_core.environment:checking '/home/dung/ros_ws/install/myrobot_controller' for CMake module files
[0.655s] DEBUG:colcon.colcon_core.event_handler.log_command:Invoked command in '/home/dung/ros_ws/build/myrobot_controller' returned '0': CMAKE_PREFIX_PATH=${CMAKE_PREFIX_PATH}:/home/dung/ros_ws/install/keyboard_teleop:/opt/ros/humble /usr/bin/cmake --install /home/dung/ros_ws/build/myrobot_controller
[0.656s] Level 1:colcon.colcon_core.environment:checking '/home/dung/ros_ws/install/myrobot_controller' for CMake config files
[0.657s] Level 1:colcon.colcon_core.shell:create_environment_hook('myrobot_controller', 'cmake_prefix_path')
[0.657s] INFO:colcon.colcon_core.shell:Creating environment hook '/home/dung/ros_ws/install/myrobot_controller/share/myrobot_controller/hook/cmake_prefix_path.ps1'
[0.657s] INFO:colcon.colcon_core.shell:Creating environment descriptor '/home/dung/ros_ws/install/myrobot_controller/share/myrobot_controller/hook/cmake_prefix_path.dsv'
[0.658s] INFO:colcon.colcon_core.shell:Creating environment hook '/home/dung/ros_ws/install/myrobot_controller/share/myrobot_controller/hook/cmake_prefix_path.sh'
[0.659s] Level 1:colcon.colcon_core.environment:checking '/home/dung/ros_ws/install/myrobot_controller/lib'
[0.659s] Level 1:colcon.colcon_core.environment:checking '/home/dung/ros_ws/install/myrobot_controller/bin'
[0.659s] Level 1:colcon.colcon_core.environment:checking '/home/dung/ros_ws/install/myrobot_controller/lib/pkgconfig/myrobot_controller.pc'
[0.660s] Level 1:colcon.colcon_core.environment:checking '/home/dung/ros_ws/install/myrobot_controller/lib/python3.10/site-packages'
[0.660s] Level 1:colcon.colcon_core.environment:checking '/home/dung/ros_ws/install/myrobot_controller/bin'
[0.661s] INFO:colcon.colcon_core.shell:Creating package script '/home/dung/ros_ws/install/myrobot_controller/share/myrobot_controller/package.ps1'
[0.662s] INFO:colcon.colcon_core.shell:Creating package descriptor '/home/dung/ros_ws/install/myrobot_controller/share/myrobot_controller/package.dsv'
[0.662s] INFO:colcon.colcon_core.shell:Creating package script '/home/dung/ros_ws/install/myrobot_controller/share/myrobot_controller/package.sh'
[0.663s] INFO:colcon.colcon_core.shell:Creating package script '/home/dung/ros_ws/install/myrobot_controller/share/myrobot_controller/package.bash'
[0.663s] INFO:colcon.colcon_core.shell:Creating package script '/home/dung/ros_ws/install/myrobot_controller/share/myrobot_controller/package.zsh'
[0.663s] Level 1:colcon.colcon_core.environment:create_file_with_runtime_dependencies(/home/dung/ros_ws/install/myrobot_controller/share/colcon-core/packages/myrobot_controller)
[0.664s] Level 1:colcon.colcon_core.environment:create_environment_scripts_only(myrobot_controller)
[0.664s] Level 1:colcon.colcon_core.environment:checking '/home/dung/ros_ws/install/myrobot_controller' for CMake module files
[0.665s] Level 1:colcon.colcon_core.environment:checking '/home/dung/ros_ws/install/myrobot_controller' for CMake config files
[0.665s] Level 1:colcon.colcon_core.shell:create_environment_hook('myrobot_controller', 'cmake_prefix_path')
[0.665s] INFO:colcon.colcon_core.shell:Creating environment hook '/home/dung/ros_ws/install/myrobot_controller/share/myrobot_controller/hook/cmake_prefix_path.ps1'
[0.665s] INFO:colcon.colcon_core.shell:Creating environment descriptor '/home/dung/ros_ws/install/myrobot_controller/share/myrobot_controller/hook/cmake_prefix_path.dsv'
[0.666s] INFO:colcon.colcon_core.shell:Creating environment hook '/home/dung/ros_ws/install/myrobot_controller/share/myrobot_controller/hook/cmake_prefix_path.sh'
[0.666s] Level 1:colcon.colcon_core.environment:checking '/home/dung/ros_ws/install/myrobot_controller/lib'
[0.666s] Level 1:colcon.colcon_core.environment:checking '/home/dung/ros_ws/install/myrobot_controller/bin'
[0.666s] Level 1:colcon.colcon_core.environment:checking '/home/dung/ros_ws/install/myrobot_controller/lib/pkgconfig/myrobot_controller.pc'
[0.666s] Level 1:colcon.colcon_core.environment:checking '/home/dung/ros_ws/install/myrobot_controller/lib/python3.10/site-packages'
[0.667s] Level 1:colcon.colcon_core.environment:checking '/home/dung/ros_ws/install/myrobot_controller/bin'
[0.667s] INFO:colcon.colcon_core.shell:Creating package script '/home/dung/ros_ws/install/myrobot_controller/share/myrobot_controller/package.ps1'
[0.668s] INFO:colcon.colcon_core.shell:Creating package descriptor '/home/dung/ros_ws/install/myrobot_controller/share/myrobot_controller/package.dsv'
[0.668s] INFO:colcon.colcon_core.shell:Creating package script '/home/dung/ros_ws/install/myrobot_controller/share/myrobot_controller/package.sh'
[0.669s] INFO:colcon.colcon_core.shell:Creating package script '/home/dung/ros_ws/install/myrobot_controller/share/myrobot_controller/package.bash'
[0.669s] INFO:colcon.colcon_core.shell:Creating package script '/home/dung/ros_ws/install/myrobot_controller/share/myrobot_controller/package.zsh'
[0.669s] Level 1:colcon.colcon_core.environment:create_file_with_runtime_dependencies(/home/dung/ros_ws/install/myrobot_controller/share/colcon-core/packages/myrobot_controller)
[0.670s] DEBUG:colcon.colcon_core.event_handler.log_command:Invoked command in '/home/dung/ros_ws/build/my_robot_utils' returned '0': CMAKE_PREFIX_PATH=${CMAKE_PREFIX_PATH}:/home/dung/ros_ws/install/keyboard_teleop:/opt/ros/humble /usr/bin/cmake --build /home/dung/ros_ws/build/my_robot_utils -- -j12 -l12
[0.672s] DEBUG:colcon.colcon_core.event_handler.log_command:Invoking command in '/home/dung/ros_ws/build/my_robot_utils': CMAKE_PREFIX_PATH=${CMAKE_PREFIX_PATH}:/home/dung/ros_ws/install/keyboard_teleop:/opt/ros/humble /usr/bin/cmake --install /home/dung/ros_ws/build/my_robot_utils
[0.682s] Level 1:colcon.colcon_core.environment:create_environment_scripts_only(my_robot_planning)
[0.683s] Level 1:colcon.colcon_core.environment:checking '/home/dung/ros_ws/install/my_robot_planning' for CMake module files
[0.683s] DEBUG:colcon.colcon_core.event_handler.log_command:Invoked command in '/home/dung/ros_ws/build/my_robot_planning' returned '0': CMAKE_PREFIX_PATH=${CMAKE_PREFIX_PATH}:/home/dung/ros_ws/install/keyboard_teleop:/opt/ros/humble /usr/bin/cmake --install /home/dung/ros_ws/build/my_robot_planning
[0.683s] Level 1:colcon.colcon_core.environment:checking '/home/dung/ros_ws/install/my_robot_planning' for CMake config files
[0.683s] Level 1:colcon.colcon_core.shell:create_environment_hook('my_robot_planning', 'cmake_prefix_path')
[0.684s] INFO:colcon.colcon_core.shell:Creating environment hook '/home/dung/ros_ws/install/my_robot_planning/share/my_robot_planning/hook/cmake_prefix_path.ps1'
[0.684s] INFO:colcon.colcon_core.shell:Creating environment descriptor '/home/dung/ros_ws/install/my_robot_planning/share/my_robot_planning/hook/cmake_prefix_path.dsv'
[0.684s] INFO:colcon.colcon_core.shell:Creating environment hook '/home/dung/ros_ws/install/my_robot_planning/share/my_robot_planning/hook/cmake_prefix_path.sh'
[0.685s] Level 1:colcon.colcon_core.environment:checking '/home/dung/ros_ws/install/my_robot_planning/lib'
[0.685s] Level 1:colcon.colcon_core.shell:create_environment_hook('my_robot_planning', 'ld_library_path_lib')
[0.685s] INFO:colcon.colcon_core.shell:Creating environment hook '/home/dung/ros_ws/install/my_robot_planning/share/my_robot_planning/hook/ld_library_path_lib.ps1'
[0.686s] INFO:colcon.colcon_core.shell:Creating environment descriptor '/home/dung/ros_ws/install/my_robot_planning/share/my_robot_planning/hook/ld_library_path_lib.dsv'
[0.687s] INFO:colcon.colcon_core.shell:Creating environment hook '/home/dung/ros_ws/install/my_robot_planning/share/my_robot_planning/hook/ld_library_path_lib.sh'
[0.687s] Level 1:colcon.colcon_core.environment:checking '/home/dung/ros_ws/install/my_robot_planning/bin'
[0.687s] Level 1:colcon.colcon_core.environment:checking '/home/dung/ros_ws/install/my_robot_planning/lib/pkgconfig/my_robot_planning.pc'
[0.687s] Level 1:colcon.colcon_core.environment:checking '/home/dung/ros_ws/install/my_robot_planning/lib/python3.10/site-packages'
[0.687s] Level 1:colcon.colcon_core.environment:checking '/home/dung/ros_ws/install/my_robot_planning/bin'
[0.688s] INFO:colcon.colcon_core.shell:Creating package script '/home/dung/ros_ws/install/my_robot_planning/share/my_robot_planning/package.ps1'
[0.688s] INFO:colcon.colcon_core.shell:Creating package descriptor '/home/dung/ros_ws/install/my_robot_planning/share/my_robot_planning/package.dsv'
[0.688s] INFO:colcon.colcon_core.shell:Creating package script '/home/dung/ros_ws/install/my_robot_planning/share/my_robot_planning/package.sh'
[0.688s] INFO:colcon.colcon_core.shell:Creating package script '/home/dung/ros_ws/install/my_robot_planning/share/my_robot_planning/package.bash'
[0.689s] INFO:colcon.colcon_core.shell:Creating package script '/home/dung/ros_ws/install/my_robot_planning/share/my_robot_planning/package.zsh'
[0.689s] Level 1:colcon.colcon_core.environment:create_file_with_runtime_dependencies(/home/dung/ros_ws/install/my_robot_planning/share/colcon-core/packages/my_robot_planning)
[0.689s] Level 1:colcon.colcon_core.environment:create_environment_scripts_only(my_robot_planning)
[0.689s] Level 1:colcon.colcon_core.environment:checking '/home/dung/ros_ws/install/my_robot_planning' for CMake module files
[0.689s] Level 1:colcon.colcon_core.environment:checking '/home/dung/ros_ws/install/my_robot_planning' for CMake config files
[0.690s] Level 1:colcon.colcon_core.shell:create_environment_hook('my_robot_planning', 'cmake_prefix_path')
[0.690s] INFO:colcon.colcon_core.shell:Creating environment hook '/home/dung/ros_ws/install/my_robot_planning/share/my_robot_planning/hook/cmake_prefix_path.ps1'
[0.690s] INFO:colcon.colcon_core.shell:Creating environment descriptor '/home/dung/ros_ws/install/my_robot_planning/share/my_robot_planning/hook/cmake_prefix_path.dsv'
[0.690s] INFO:colcon.colcon_core.shell:Creating environment hook '/home/dung/ros_ws/install/my_robot_planning/share/my_robot_planning/hook/cmake_prefix_path.sh'
[0.691s] Level 1:colcon.colcon_core.environment:checking '/home/dung/ros_ws/install/my_robot_planning/lib'
[0.691s] Level 1:colcon.colcon_core.shell:create_environment_hook('my_robot_planning', 'ld_library_path_lib')
[0.691s] INFO:colcon.colcon_core.shell:Creating environment hook '/home/dung/ros_ws/install/my_robot_planning/share/my_robot_planning/hook/ld_library_path_lib.ps1'
[0.691s] INFO:colcon.colcon_core.shell:Creating environment descriptor '/home/dung/ros_ws/install/my_robot_planning/share/my_robot_planning/hook/ld_library_path_lib.dsv'
[0.691s] INFO:colcon.colcon_core.shell:Creating environment hook '/home/dung/ros_ws/install/my_robot_planning/share/my_robot_planning/hook/ld_library_path_lib.sh'
[0.692s] Level 1:colcon.colcon_core.environment:checking '/home/dung/ros_ws/install/my_robot_planning/bin'
[0.692s] Level 1:colcon.colcon_core.environment:checking '/home/dung/ros_ws/install/my_robot_planning/lib/pkgconfig/my_robot_planning.pc'
[0.692s] Level 1:colcon.colcon_core.environment:checking '/home/dung/ros_ws/install/my_robot_planning/lib/python3.10/site-packages'
[0.692s] Level 1:colcon.colcon_core.environment:checking '/home/dung/ros_ws/install/my_robot_planning/bin'
[0.692s] INFO:colcon.colcon_core.shell:Creating package script '/home/dung/ros_ws/install/my_robot_planning/share/my_robot_planning/package.ps1'
[0.693s] INFO:colcon.colcon_core.shell:Creating package descriptor '/home/dung/ros_ws/install/my_robot_planning/share/my_robot_planning/package.dsv'
[0.693s] INFO:colcon.colcon_core.shell:Creating package script '/home/dung/ros_ws/install/my_robot_planning/share/my_robot_planning/package.sh'
[0.693s] INFO:colcon.colcon_core.shell:Creating package script '/home/dung/ros_ws/install/my_robot_planning/share/my_robot_planning/package.bash'
[0.693s] INFO:colcon.colcon_core.shell:Creating package script '/home/dung/ros_ws/install/my_robot_planning/share/my_robot_planning/package.zsh'
[0.693s] Level 1:colcon.colcon_core.environment:create_file_with_runtime_dependencies(/home/dung/ros_ws/install/my_robot_planning/share/colcon-core/packages/my_robot_planning)
[0.694s] Level 1:colcon.colcon_core.environment:create_environment_scripts_only(my_robot_msgs)
[0.694s] Level 1:colcon.colcon_core.environment:checking '/home/dung/ros_ws/install/my_robot_msgs' for CMake module files
[0.694s] DEBUG:colcon.colcon_core.event_handler.log_command:Invoked command in '/home/dung/ros_ws/build/my_robot_msgs' returned '0': CMAKE_PREFIX_PATH=${CMAKE_PREFIX_PATH}:/home/dung/ros_ws/install/keyboard_teleop:/opt/ros/humble /usr/bin/cmake --install /home/dung/ros_ws/build/my_robot_msgs
[0.695s] Level 1:colcon.colcon_core.environment:checking '/home/dung/ros_ws/install/my_robot_msgs' for CMake config files
[0.695s] Level 1:colcon.colcon_core.shell:create_environment_hook('my_robot_msgs', 'cmake_prefix_path')
[0.695s] INFO:colcon.colcon_core.shell:Creating environment hook '/home/dung/ros_ws/install/my_robot_msgs/share/my_robot_msgs/hook/cmake_prefix_path.ps1'
[0.695s] INFO:colcon.colcon_core.shell:Creating environment descriptor '/home/dung/ros_ws/install/my_robot_msgs/share/my_robot_msgs/hook/cmake_prefix_path.dsv'
[0.696s] INFO:colcon.colcon_core.shell:Creating environment hook '/home/dung/ros_ws/install/my_robot_msgs/share/my_robot_msgs/hook/cmake_prefix_path.sh'
[0.696s] Level 1:colcon.colcon_core.environment:checking '/home/dung/ros_ws/install/my_robot_msgs/lib'
[0.696s] Level 1:colcon.colcon_core.shell:create_environment_hook('my_robot_msgs', 'ld_library_path_lib')
[0.696s] INFO:colcon.colcon_core.shell:Creating environment hook '/home/dung/ros_ws/install/my_robot_msgs/share/my_robot_msgs/hook/ld_library_path_lib.ps1'
[0.696s] INFO:colcon.colcon_core.shell:Creating environment descriptor '/home/dung/ros_ws/install/my_robot_msgs/share/my_robot_msgs/hook/ld_library_path_lib.dsv'
[0.696s] INFO:colcon.colcon_core.shell:Creating environment hook '/home/dung/ros_ws/install/my_robot_msgs/share/my_robot_msgs/hook/ld_library_path_lib.sh'
[0.697s] Level 1:colcon.colcon_core.environment:checking '/home/dung/ros_ws/install/my_robot_msgs/bin'
[0.697s] Level 1:colcon.colcon_core.environment:checking '/home/dung/ros_ws/install/my_robot_msgs/lib/pkgconfig/my_robot_msgs.pc'
[0.697s] Level 1:colcon.colcon_core.environment:checking '/home/dung/ros_ws/install/my_robot_msgs/lib/python3.10/site-packages'
[0.697s] Level 1:colcon.colcon_core.environment:checking '/home/dung/ros_ws/install/my_robot_msgs/bin'
[0.697s] INFO:colcon.colcon_core.shell:Creating package script '/home/dung/ros_ws/install/my_robot_msgs/share/my_robot_msgs/package.ps1'
[0.697s] INFO:colcon.colcon_core.shell:Creating package descriptor '/home/dung/ros_ws/install/my_robot_msgs/share/my_robot_msgs/package.dsv'
[0.698s] INFO:colcon.colcon_core.shell:Creating package script '/home/dung/ros_ws/install/my_robot_msgs/share/my_robot_msgs/package.sh'
[0.698s] INFO:colcon.colcon_core.shell:Creating package script '/home/dung/ros_ws/install/my_robot_msgs/share/my_robot_msgs/package.bash'
[0.698s] INFO:colcon.colcon_core.shell:Creating package script '/home/dung/ros_ws/install/my_robot_msgs/share/my_robot_msgs/package.zsh'
[0.698s] Level 1:colcon.colcon_core.environment:create_file_with_runtime_dependencies(/home/dung/ros_ws/install/my_robot_msgs/share/colcon-core/packages/my_robot_msgs)
[0.699s] Level 1:colcon.colcon_core.environment:create_environment_scripts_only(my_robot_msgs)
[0.699s] Level 1:colcon.colcon_core.environment:checking '/home/dung/ros_ws/install/my_robot_msgs' for CMake module files
[0.699s] Level 1:colcon.colcon_core.environment:checking '/home/dung/ros_ws/install/my_robot_msgs' for CMake config files
[0.699s] Level 1:colcon.colcon_core.shell:create_environment_hook('my_robot_msgs', 'cmake_prefix_path')
[0.699s] INFO:colcon.colcon_core.shell:Creating environment hook '/home/dung/ros_ws/install/my_robot_msgs/share/my_robot_msgs/hook/cmake_prefix_path.ps1'
[0.700s] INFO:colcon.colcon_core.shell:Creating environment descriptor '/home/dung/ros_ws/install/my_robot_msgs/share/my_robot_msgs/hook/cmake_prefix_path.dsv'
[0.700s] INFO:colcon.colcon_core.shell:Creating environment hook '/home/dung/ros_ws/install/my_robot_msgs/share/my_robot_msgs/hook/cmake_prefix_path.sh'
[0.700s] Level 1:colcon.colcon_core.environment:checking '/home/dung/ros_ws/install/my_robot_msgs/lib'
[0.700s] Level 1:colcon.colcon_core.shell:create_environment_hook('my_robot_msgs', 'ld_library_path_lib')
[0.700s] INFO:colcon.colcon_core.shell:Creating environment hook '/home/dung/ros_ws/install/my_robot_msgs/share/my_robot_msgs/hook/ld_library_path_lib.ps1'
[0.700s] INFO:colcon.colcon_core.shell:Creating environment descriptor '/home/dung/ros_ws/install/my_robot_msgs/share/my_robot_msgs/hook/ld_library_path_lib.dsv'
[0.701s] INFO:colcon.colcon_core.shell:Creating environment hook '/home/dung/ros_ws/install/my_robot_msgs/share/my_robot_msgs/hook/ld_library_path_lib.sh'
[0.701s] Level 1:colcon.colcon_core.environment:checking '/home/dung/ros_ws/install/my_robot_msgs/bin'
[0.701s] Level 1:colcon.colcon_core.environment:checking '/home/dung/ros_ws/install/my_robot_msgs/lib/pkgconfig/my_robot_msgs.pc'
[0.701s] Level 1:colcon.colcon_core.environment:checking '/home/dung/ros_ws/install/my_robot_msgs/lib/python3.10/site-packages'
[0.701s] Level 1:colcon.colcon_core.environment:checking '/home/dung/ros_ws/install/my_robot_msgs/bin'
[0.702s] INFO:colcon.colcon_core.shell:Creating package script '/home/dung/ros_ws/install/my_robot_msgs/share/my_robot_msgs/package.ps1'
[0.702s] INFO:colcon.colcon_core.shell:Creating package descriptor '/home/dung/ros_ws/install/my_robot_msgs/share/my_robot_msgs/package.dsv'
[0.702s] INFO:colcon.colcon_core.shell:Creating package script '/home/dung/ros_ws/install/my_robot_msgs/share/my_robot_msgs/package.sh'
[0.702s] INFO:colcon.colcon_core.shell:Creating package script '/home/dung/ros_ws/install/my_robot_msgs/share/my_robot_msgs/package.bash'
[0.702s] INFO:colcon.colcon_core.shell:Creating package script '/home/dung/ros_ws/install/my_robot_msgs/share/my_robot_msgs/package.zsh'
[0.703s] Level 1:colcon.colcon_core.environment:create_file_with_runtime_dependencies(/home/dung/ros_ws/install/my_robot_msgs/share/colcon-core/packages/my_robot_msgs)
[0.703s] INFO:colcon.colcon_ros.task.ament_python.build:Building ROS package in '/home/dung/ros_ws/src/keyboard_teleop' with build type 'ament_python'
[0.703s] Level 1:colcon.colcon_core.shell:create_environment_hook('keyboard_teleop', 'ament_prefix_path')
[0.703s] INFO:colcon.colcon_core.shell:Creating environment hook '/home/dung/ros_ws/install/keyboard_teleop/share/keyboard_teleop/hook/ament_prefix_path.ps1'
[0.704s] INFO:colcon.colcon_core.shell:Creating environment descriptor '/home/dung/ros_ws/install/keyboard_teleop/share/keyboard_teleop/hook/ament_prefix_path.dsv'
[0.704s] INFO:colcon.colcon_core.shell:Creating environment hook '/home/dung/ros_ws/install/keyboard_teleop/share/keyboard_teleop/hook/ament_prefix_path.sh'
[0.704s] INFO:colcon.colcon_core.shell:Skip shell extension 'powershell' for command environment: Not usable outside of PowerShell
[0.704s] DEBUG:colcon.colcon_core.shell:Skip shell extension 'dsv' for command environment
[0.707s] Level 1:colcon.colcon_core.environment:create_environment_scripts_only(my_robot_navi)
[0.707s] Level 1:colcon.colcon_core.environment:checking '/home/dung/ros_ws/install/my_robot_navi' for CMake module files
[0.707s] DEBUG:colcon.colcon_core.event_handler.log_command:Invoked command in '/home/dung/ros_ws/build/my_robot_navi' returned '0': CMAKE_PREFIX_PATH=${CMAKE_PREFIX_PATH}:/home/dung/ros_ws/install/keyboard_teleop:/opt/ros/humble /usr/bin/cmake --install /home/dung/ros_ws/build/my_robot_navi
[0.707s] Level 1:colcon.colcon_core.environment:checking '/home/dung/ros_ws/install/my_robot_navi' for CMake config files
[0.708s] Level 1:colcon.colcon_core.shell:create_environment_hook('my_robot_navi', 'cmake_prefix_path')
[0.708s] INFO:colcon.colcon_core.shell:Creating environment hook '/home/dung/ros_ws/install/my_robot_navi/share/my_robot_navi/hook/cmake_prefix_path.ps1'
[0.708s] INFO:colcon.colcon_core.shell:Creating environment descriptor '/home/dung/ros_ws/install/my_robot_navi/share/my_robot_navi/hook/cmake_prefix_path.dsv'
[0.708s] INFO:colcon.colcon_core.shell:Creating environment hook '/home/dung/ros_ws/install/my_robot_navi/share/my_robot_navi/hook/cmake_prefix_path.sh'
[0.709s] Level 1:colcon.colcon_core.environment:checking '/home/dung/ros_ws/install/my_robot_navi/lib'
[0.709s] Level 1:colcon.colcon_core.environment:checking '/home/dung/ros_ws/install/my_robot_navi/bin'
[0.709s] Level 1:colcon.colcon_core.environment:checking '/home/dung/ros_ws/install/my_robot_navi/lib/pkgconfig/my_robot_navi.pc'
[0.709s] Level 1:colcon.colcon_core.environment:checking '/home/dung/ros_ws/install/my_robot_navi/lib/python3.10/site-packages'
[0.709s] Level 1:colcon.colcon_core.environment:checking '/home/dung/ros_ws/install/my_robot_navi/bin'
[0.709s] INFO:colcon.colcon_core.shell:Creating package script '/home/dung/ros_ws/install/my_robot_navi/share/my_robot_navi/package.ps1'
[0.710s] INFO:colcon.colcon_core.shell:Creating package descriptor '/home/dung/ros_ws/install/my_robot_navi/share/my_robot_navi/package.dsv'
[0.710s] INFO:colcon.colcon_core.shell:Creating package script '/home/dung/ros_ws/install/my_robot_navi/share/my_robot_navi/package.sh'
[0.710s] INFO:colcon.colcon_core.shell:Creating package script '/home/dung/ros_ws/install/my_robot_navi/share/my_robot_navi/package.bash'
[0.710s] INFO:colcon.colcon_core.shell:Creating package script '/home/dung/ros_ws/install/my_robot_navi/share/my_robot_navi/package.zsh'
[0.710s] Level 1:colcon.colcon_core.environment:create_file_with_runtime_dependencies(/home/dung/ros_ws/install/my_robot_navi/share/colcon-core/packages/my_robot_navi)
[0.711s] Level 1:colcon.colcon_core.environment:create_environment_scripts_only(my_robot_navi)
[0.711s] Level 1:colcon.colcon_core.environment:checking '/home/dung/ros_ws/install/my_robot_navi' for CMake module files
[0.711s] Level 1:colcon.colcon_core.environment:checking '/home/dung/ros_ws/install/my_robot_navi' for CMake config files
[0.711s] Level 1:colcon.colcon_core.shell:create_environment_hook('my_robot_navi', 'cmake_prefix_path')
[0.711s] INFO:colcon.colcon_core.shell:Creating environment hook '/home/dung/ros_ws/install/my_robot_navi/share/my_robot_navi/hook/cmake_prefix_path.ps1'
[0.711s] INFO:colcon.colcon_core.shell:Creating environment descriptor '/home/dung/ros_ws/install/my_robot_navi/share/my_robot_navi/hook/cmake_prefix_path.dsv'
[0.712s] INFO:colcon.colcon_core.shell:Creating environment hook '/home/dung/ros_ws/install/my_robot_navi/share/my_robot_navi/hook/cmake_prefix_path.sh'
[0.712s] Level 1:colcon.colcon_core.environment:checking '/home/dung/ros_ws/install/my_robot_navi/lib'
[0.712s] Level 1:colcon.colcon_core.environment:checking '/home/dung/ros_ws/install/my_robot_navi/bin'
[0.712s] Level 1:colcon.colcon_core.environment:checking '/home/dung/ros_ws/install/my_robot_navi/lib/pkgconfig/my_robot_navi.pc'
[0.712s] Level 1:colcon.colcon_core.environment:checking '/home/dung/ros_ws/install/my_robot_navi/lib/python3.10/site-packages'
[0.712s] Level 1:colcon.colcon_core.environment:checking '/home/dung/ros_ws/install/my_robot_navi/bin'
[0.712s] INFO:colcon.colcon_core.shell:Creating package script '/home/dung/ros_ws/install/my_robot_navi/share/my_robot_navi/package.ps1'
[0.713s] INFO:colcon.colcon_core.shell:Creating package descriptor '/home/dung/ros_ws/install/my_robot_navi/share/my_robot_navi/package.dsv'
[0.713s] INFO:colcon.colcon_core.shell:Creating package script '/home/dung/ros_ws/install/my_robot_navi/share/my_robot_navi/package.sh'
[0.713s] INFO:colcon.colcon_core.shell:Creating package script '/home/dung/ros_ws/install/my_robot_navi/share/my_robot_navi/package.bash'
[0.713s] INFO:colcon.colcon_core.shell:Creating package script '/home/dung/ros_ws/install/my_robot_navi/share/my_robot_navi/package.zsh'
[0.714s] Level 1:colcon.colcon_core.environment:create_file_with_runtime_dependencies(/home/dung/ros_ws/install/my_robot_navi/share/colcon-core/packages/my_robot_navi)
[0.881s] INFO:colcon.colcon_core.task.python.build:Building Python package in '/home/dung/ros_ws/src/keyboard_teleop'
[0.882s] INFO:colcon.colcon_core.shell:Skip shell extension 'powershell' for command environment: Not usable outside of PowerShell
[0.882s] DEBUG:colcon.colcon_core.shell:Skip shell extension 'dsv' for command environment
[0.888s] Level 1:colcon.colcon_core.environment:create_environment_scripts_only(my_robot_utils)
[0.888s] Level 1:colcon.colcon_core.environment:checking '/home/dung/ros_ws/install/my_robot_utils' for CMake module files
[0.889s] DEBUG:colcon.colcon_core.event_handler.log_command:Invoked command in '/home/dung/ros_ws/build/my_robot_utils' returned '0': CMAKE_PREFIX_PATH=${CMAKE_PREFIX_PATH}:/home/dung/ros_ws/install/keyboard_teleop:/opt/ros/humble /usr/bin/cmake --install /home/dung/ros_ws/build/my_robot_utils
[0.890s] Level 1:colcon.colcon_core.environment:checking '/home/dung/ros_ws/install/my_robot_utils' for CMake config files
[0.890s] Level 1:colcon.colcon_core.shell:create_environment_hook('my_robot_utils', 'cmake_prefix_path')
[0.891s] INFO:colcon.colcon_core.shell:Creating environment hook '/home/dung/ros_ws/install/my_robot_utils/share/my_robot_utils/hook/cmake_prefix_path.ps1'
[0.891s] INFO:colcon.colcon_core.shell:Creating environment descriptor '/home/dung/ros_ws/install/my_robot_utils/share/my_robot_utils/hook/cmake_prefix_path.dsv'
[0.892s] INFO:colcon.colcon_core.shell:Creating environment hook '/home/dung/ros_ws/install/my_robot_utils/share/my_robot_utils/hook/cmake_prefix_path.sh'
[0.893s] Level 1:colcon.colcon_core.environment:checking '/home/dung/ros_ws/install/my_robot_utils/lib'
[0.893s] Level 1:colcon.colcon_core.environment:checking '/home/dung/ros_ws/install/my_robot_utils/bin'
[0.893s] Level 1:colcon.colcon_core.environment:checking '/home/dung/ros_ws/install/my_robot_utils/lib/pkgconfig/my_robot_utils.pc'
[0.893s] Level 1:colcon.colcon_core.environment:checking '/home/dung/ros_ws/install/my_robot_utils/lib/python3.10/site-packages'
[0.894s] Level 1:colcon.colcon_core.environment:checking '/home/dung/ros_ws/install/my_robot_utils/bin'
[0.894s] INFO:colcon.colcon_core.shell:Creating package script '/home/dung/ros_ws/install/my_robot_utils/share/my_robot_utils/package.ps1'
[0.895s] INFO:colcon.colcon_core.shell:Creating package descriptor '/home/dung/ros_ws/install/my_robot_utils/share/my_robot_utils/package.dsv'
[0.895s] INFO:colcon.colcon_core.shell:Creating package script '/home/dung/ros_ws/install/my_robot_utils/share/my_robot_utils/package.sh'
[0.895s] INFO:colcon.colcon_core.shell:Creating package script '/home/dung/ros_ws/install/my_robot_utils/share/my_robot_utils/package.bash'
[0.896s] INFO:colcon.colcon_core.shell:Creating package script '/home/dung/ros_ws/install/my_robot_utils/share/my_robot_utils/package.zsh'
[0.896s] Level 1:colcon.colcon_core.environment:create_file_with_runtime_dependencies(/home/dung/ros_ws/install/my_robot_utils/share/colcon-core/packages/my_robot_utils)
[0.896s] Level 1:colcon.colcon_core.environment:create_environment_scripts_only(my_robot_utils)
[0.896s] Level 1:colcon.colcon_core.environment:checking '/home/dung/ros_ws/install/my_robot_utils' for CMake module files
[0.897s] Level 1:colcon.colcon_core.environment:checking '/home/dung/ros_ws/install/my_robot_utils' for CMake config files
[0.897s] Level 1:colcon.colcon_core.shell:create_environment_hook('my_robot_utils', 'cmake_prefix_path')
[0.897s] INFO:colcon.colcon_core.shell:Creating environment hook '/home/dung/ros_ws/install/my_robot_utils/share/my_robot_utils/hook/cmake_prefix_path.ps1'
[0.897s] INFO:colcon.colcon_core.shell:Creating environment descriptor '/home/dung/ros_ws/install/my_robot_utils/share/my_robot_utils/hook/cmake_prefix_path.dsv'
[0.897s] INFO:colcon.colcon_core.shell:Creating environment hook '/home/dung/ros_ws/install/my_robot_utils/share/my_robot_utils/hook/cmake_prefix_path.sh'
[0.898s] Level 1:colcon.colcon_core.environment:checking '/home/dung/ros_ws/install/my_robot_utils/lib'
[0.898s] Level 1:colcon.colcon_core.environment:checking '/home/dung/ros_ws/install/my_robot_utils/bin'
[0.898s] Level 1:colcon.colcon_core.environment:checking '/home/dung/ros_ws/install/my_robot_utils/lib/pkgconfig/my_robot_utils.pc'
[0.898s] Level 1:colcon.colcon_core.environment:checking '/home/dung/ros_ws/install/my_robot_utils/lib/python3.10/site-packages'
[0.898s] Level 1:colcon.colcon_core.environment:checking '/home/dung/ros_ws/install/my_robot_utils/bin'
[0.898s] INFO:colcon.colcon_core.shell:Creating package script '/home/dung/ros_ws/install/my_robot_utils/share/my_robot_utils/package.ps1'
[0.899s] INFO:colcon.colcon_core.shell:Creating package descriptor '/home/dung/ros_ws/install/my_robot_utils/share/my_robot_utils/package.dsv'
[0.899s] INFO:colcon.colcon_core.shell:Creating package script '/home/dung/ros_ws/install/my_robot_utils/share/my_robot_utils/package.sh'
[0.899s] INFO:colcon.colcon_core.shell:Creating package script '/home/dung/ros_ws/install/my_robot_utils/share/my_robot_utils/package.bash'
[0.899s] INFO:colcon.colcon_core.shell:Creating package script '/home/dung/ros_ws/install/my_robot_utils/share/my_robot_utils/package.zsh'
[0.900s] Level 1:colcon.colcon_core.environment:create_file_with_runtime_dependencies(/home/dung/ros_ws/install/my_robot_utils/share/colcon-core/packages/my_robot_utils)
[1.135s] DEBUG:colcon.colcon_core.event_handler.log_command:Invoking command in '/home/dung/ros_ws/src/keyboard_teleop': CMAKE_PREFIX_PATH=/home/dung/ros_ws/install/my_robot_msgs:/home/dung/ros_ws/install/myrobot_controller:/home/dung/ros_ws/install/my_robot_utils:/home/dung/ros_ws/install/my_robot_planning:/home/dung/ros_ws/install/my_robot_navi:/home/dung/ros_ws/install/my_robot_motion:/home/dung/ros_ws/install/my_robot_mapping:/home/dung/ros_ws/install/my_robot_localization:/home/dung/ros_ws/install/my_robot_firmware:/home/dung/ros_ws/install/my_robot_bringup:/home/dung/ros_ws/install/my_robot_description LD_LIBRARY_PATH=/home/dung/ros_ws/install/my_robot_msgs/lib:/home/dung/ros_ws/install/my_robot_planning/lib:/home/dung/ros_ws/install/my_robot_motion/lib:/opt/ros/humble/opt/rviz_ogre_vendor/lib:/opt/ros/humble/lib/x86_64-linux-gnu:/opt/ros/humble/lib PYTHONPATH=/home/dung/ros_ws/build/keyboard_teleop/prefix_override:/usr/lib/python3/dist-packages/colcon_core/task/python/colcon_distutils_commands:/home/dung/ros_ws/install/keyboard_teleop/lib/python3.10/site-packages:${PYTHONPATH} /usr/bin/python3 -W ignore:setup.py install is deprecated -W ignore:easy_install command is deprecated setup.py egg_info --egg-base ../../build/keyboard_teleop build --build-base /home/dung/ros_ws/build/keyboard_teleop/build install --record /home/dung/ros_ws/build/keyboard_teleop/install.log --single-version-externally-managed install_data
[1.344s] Level 1:colcon.colcon_core.environment:checking '/home/dung/ros_ws/install/keyboard_teleop' for CMake module files
[1.344s] DEBUG:colcon.colcon_core.event_handler.log_command:Invoked command in '/home/dung/ros_ws/src/keyboard_teleop' returned '0': CMAKE_PREFIX_PATH=/home/dung/ros_ws/install/my_robot_msgs:/home/dung/ros_ws/install/myrobot_controller:/home/dung/ros_ws/install/my_robot_utils:/home/dung/ros_ws/install/my_robot_planning:/home/dung/ros_ws/install/my_robot_navi:/home/dung/ros_ws/install/my_robot_motion:/home/dung/ros_ws/install/my_robot_mapping:/home/dung/ros_ws/install/my_robot_localization:/home/dung/ros_ws/install/my_robot_firmware:/home/dung/ros_ws/install/my_robot_bringup:/home/dung/ros_ws/install/my_robot_description LD_LIBRARY_PATH=/home/dung/ros_ws/install/my_robot_msgs/lib:/home/dung/ros_ws/install/my_robot_planning/lib:/home/dung/ros_ws/install/my_robot_motion/lib:/opt/ros/humble/opt/rviz_ogre_vendor/lib:/opt/ros/humble/lib/x86_64-linux-gnu:/opt/ros/humble/lib PYTHONPATH=/home/dung/ros_ws/build/keyboard_teleop/prefix_override:/usr/lib/python3/dist-packages/colcon_core/task/python/colcon_distutils_commands:/home/dung/ros_ws/install/keyboard_teleop/lib/python3.10/site-packages:${PYTHONPATH} /usr/bin/python3 -W ignore:setup.py install is deprecated -W ignore:easy_install command is deprecated setup.py egg_info --egg-base ../../build/keyboard_teleop build --build-base /home/dung/ros_ws/build/keyboard_teleop/build install --record /home/dung/ros_ws/build/keyboard_teleop/install.log --single-version-externally-managed install_data
[1.344s] Level 1:colcon.colcon_core.environment:checking '/home/dung/ros_ws/install/keyboard_teleop' for CMake config files
[1.344s] Level 1:colcon.colcon_core.environment:checking '/home/dung/ros_ws/install/keyboard_teleop/lib'
[1.345s] Level 1:colcon.colcon_core.environment:checking '/home/dung/ros_ws/install/keyboard_teleop/bin'
[1.345s] Level 1:colcon.colcon_core.environment:checking '/home/dung/ros_ws/install/keyboard_teleop/lib/pkgconfig/keyboard_teleop.pc'
[1.345s] Level 1:colcon.colcon_core.environment:checking '/home/dung/ros_ws/install/keyboard_teleop/lib/python3.10/site-packages'
[1.345s] Level 1:colcon.colcon_core.shell:create_environment_hook('keyboard_teleop', 'pythonpath')
[1.345s] INFO:colcon.colcon_core.shell:Creating environment hook '/home/dung/ros_ws/install/keyboard_teleop/share/keyboard_teleop/hook/pythonpath.ps1'
[1.345s] INFO:colcon.colcon_core.shell:Creating environment descriptor '/home/dung/ros_ws/install/keyboard_teleop/share/keyboard_teleop/hook/pythonpath.dsv'
[1.345s] INFO:colcon.colcon_core.shell:Creating environment hook '/home/dung/ros_ws/install/keyboard_teleop/share/keyboard_teleop/hook/pythonpath.sh'
[1.346s] Level 1:colcon.colcon_core.environment:checking '/home/dung/ros_ws/install/keyboard_teleop/bin'
[1.346s] Level 1:colcon.colcon_core.environment:create_environment_scripts_only(keyboard_teleop)
[1.346s] INFO:colcon.colcon_core.shell:Creating package script '/home/dung/ros_ws/install/keyboard_teleop/share/keyboard_teleop/package.ps1'
[1.346s] INFO:colcon.colcon_core.shell:Creating package descriptor '/home/dung/ros_ws/install/keyboard_teleop/share/keyboard_teleop/package.dsv'
[1.347s] INFO:colcon.colcon_core.shell:Creating package script '/home/dung/ros_ws/install/keyboard_teleop/share/keyboard_teleop/package.sh'
[1.347s] INFO:colcon.colcon_core.shell:Creating package script '/home/dung/ros_ws/install/keyboard_teleop/share/keyboard_teleop/package.bash'
[1.347s] INFO:colcon.colcon_core.shell:Creating package script '/home/dung/ros_ws/install/keyboard_teleop/share/keyboard_teleop/package.zsh'
[1.347s] Level 1:colcon.colcon_core.environment:create_file_with_runtime_dependencies(/home/dung/ros_ws/install/keyboard_teleop/share/colcon-core/packages/keyboard_teleop)
[1.347s] DEBUG:colcon.colcon_parallel_executor.executor.parallel:closing loop
[1.348s] DEBUG:colcon.colcon_parallel_executor.executor.parallel:loop closed
[1.348s] DEBUG:colcon.colcon_parallel_executor.executor.parallel:run_until_complete finished with '0'
[1.348s] DEBUG:colcon.colcon_core.event_reactor:joining thread
[1.351s] INFO:colcon.colcon_core.plugin_system:Skipping extension 'colcon_notification.desktop_notification.terminal_notifier': Not used on non-Darwin systems
[1.351s] INFO:colcon.colcon_core.plugin_system:Skipping extension 'colcon_notification.desktop_notification.win32': Not used on non-Windows systems
[1.351s] INFO:colcon.colcon_notification.desktop_notification:Sending desktop notification using 'notify2'
[1.357s] DEBUG:colcon.colcon_core.event_reactor:joined thread
[1.357s] INFO:colcon.colcon_core.shell:Creating prefix script '/home/dung/ros_ws/install/local_setup.ps1'
[1.358s] INFO:colcon.colcon_core.shell:Creating prefix util module '/home/dung/ros_ws/install/_local_setup_util_ps1.py'
[1.359s] INFO:colcon.colcon_core.shell:Creating prefix chain script '/home/dung/ros_ws/install/setup.ps1'
[1.359s] INFO:colcon.colcon_core.shell:Creating prefix script '/home/dung/ros_ws/install/local_setup.sh'
[1.360s] INFO:colcon.colcon_core.shell:Creating prefix util module '/home/dung/ros_ws/install/_local_setup_util_sh.py'
[1.360s] INFO:colcon.colcon_core.shell:Creating prefix chain script '/home/dung/ros_ws/install/setup.sh'
[1.361s] INFO:colcon.colcon_core.shell:Creating prefix script '/home/dung/ros_ws/install/local_setup.bash'
[1.361s] INFO:colcon.colcon_core.shell:Creating prefix chain script '/home/dung/ros_ws/install/setup.bash'
[1.362s] INFO:colcon.colcon_core.shell:Creating prefix script '/home/dung/ros_ws/install/local_setup.zsh'
[1.362s] INFO:colcon.colcon_core.shell:Creating prefix chain script '/home/dung/ros_ws/install/setup.zsh'
