[0.063s] DEBUG:colcon:Command line arguments: ['/usr/bin/colcon', 'build']
[0.063s] DEBUG:colcon:Parsed command line arguments: Namespace(log_base=None, log_level=None, verb_name='build', build_base='build', install_base='install', merge_install=False, symlink_install=False, test_result_base=None, continue_on_error=False, executor='parallel', parallel_workers=12, event_handlers=None, ignore_user_meta=False, metas=['./colcon.meta'], base_paths=['.'], packages_ignore=None, packages_ignore_regex=None, paths=None, packages_up_to=None, packages_up_to_regex=None, packages_above=None, packages_above_and_dependencies=None, packages_above_depth=None, packages_select_by_dep=None, packages_skip_by_dep=None, packages_skip_up_to=None, packages_select_build_failed=False, packages_skip_build_finished=False, packages_select_test_failures=False, packages_skip_test_passed=False, packages_select=None, packages_skip=None, packages_select_regex=None, packages_skip_regex=None, packages_start=None, packages_end=None, allow_overriding=[], cmake_args=None, cmake_target=None, cmake_target_skip_unavailable=False, cmake_clean_cache=False, cmake_clean_first=False, cmake_force_configure=False, ament_cmake_args=None, catkin_cmake_args=None, catkin_skip_building_tests=False, mixin_files=None, mixin=None, verb_parser=<colcon_mixin.mixin.mixin_argument.MixinArgumentDecorator object at 0x79ffb0a64790>, verb_extension=<colcon_core.verb.build.BuildVerb object at 0x79ffb0b6d660>, main=<bound method BuildVerb.main of <colcon_core.verb.build.BuildVerb object at 0x79ffb0b6d660>>, mixin_verb=('build',))
[0.154s] Level 1:colcon.colcon_core.package_discovery:discover_packages(colcon_meta) check parameters
[0.154s] Level 1:colcon.colcon_core.package_discovery:discover_packages(recursive) check parameters
[0.154s] Level 1:colcon.colcon_core.package_discovery:discover_packages(ignore) check parameters
[0.154s] Level 1:colcon.colcon_core.package_discovery:discover_packages(path) check parameters
[0.154s] Level 1:colcon.colcon_core.package_discovery:discover_packages(colcon_meta) discover
[0.154s] Level 1:colcon.colcon_core.package_discovery:discover_packages(recursive) discover
[0.154s] INFO:colcon.colcon_core.package_discovery:Crawling recursively for packages in '/home/dung/ros_ws'
[0.154s] Level 1:colcon.colcon_core.package_identification:_identify(.) by extensions ['ignore', 'ignore_ament_install']
[0.154s] Level 1:colcon.colcon_core.package_identification:_identify(.) by extension 'ignore'
[0.154s] Level 1:colcon.colcon_core.package_identification:_identify(.) by extension 'ignore_ament_install'
[0.154s] Level 1:colcon.colcon_core.package_identification:_identify(.) by extensions ['colcon_pkg']
[0.154s] Level 1:colcon.colcon_core.package_identification:_identify(.) by extension 'colcon_pkg'
[0.154s] Level 1:colcon.colcon_core.package_identification:_identify(.) by extensions ['colcon_meta']
[0.154s] Level 1:colcon.colcon_core.package_identification:_identify(.) by extension 'colcon_meta'
[0.154s] Level 1:colcon.colcon_core.package_identification:_identify(.) by extensions ['ros']
[0.154s] Level 1:colcon.colcon_core.package_identification:_identify(.) by extension 'ros'
[0.160s] Level 1:colcon.colcon_core.package_identification:_identify(.) by extensions ['cmake', 'python']
[0.160s] Level 1:colcon.colcon_core.package_identification:_identify(.) by extension 'cmake'
[0.161s] Level 1:colcon.colcon_core.package_identification:_identify(.) by extension 'python'
[0.161s] Level 1:colcon.colcon_core.package_identification:_identify(.) by extensions ['python_setup_py']
[0.161s] Level 1:colcon.colcon_core.package_identification:_identify(.) by extension 'python_setup_py'
[0.161s] Level 1:colcon.colcon_core.package_identification:_identify(build) by extensions ['ignore', 'ignore_ament_install']
[0.161s] Level 1:colcon.colcon_core.package_identification:_identify(build) by extension 'ignore'
[0.161s] Level 1:colcon.colcon_core.package_identification:_identify(build) ignored
[0.161s] Level 1:colcon.colcon_core.package_identification:_identify(install) by extensions ['ignore', 'ignore_ament_install']
[0.161s] Level 1:colcon.colcon_core.package_identification:_identify(install) by extension 'ignore'
[0.161s] Level 1:colcon.colcon_core.package_identification:_identify(install) ignored
[0.161s] Level 1:colcon.colcon_core.package_identification:_identify(log) by extensions ['ignore', 'ignore_ament_install']
[0.161s] Level 1:colcon.colcon_core.package_identification:_identify(log) by extension 'ignore'
[0.161s] Level 1:colcon.colcon_core.package_identification:_identify(log) ignored
[0.161s] Level 1:colcon.colcon_core.package_identification:_identify(src) by extensions ['ignore', 'ignore_ament_install']
[0.161s] Level 1:colcon.colcon_core.package_identification:_identify(src) by extension 'ignore'
[0.161s] Level 1:colcon.colcon_core.package_identification:_identify(src) by extension 'ignore_ament_install'
[0.161s] Level 1:colcon.colcon_core.package_identification:_identify(src) by extensions ['colcon_pkg']
[0.161s] Level 1:colcon.colcon_core.package_identification:_identify(src) by extension 'colcon_pkg'
[0.161s] Level 1:colcon.colcon_core.package_identification:_identify(src) by extensions ['colcon_meta']
[0.161s] Level 1:colcon.colcon_core.package_identification:_identify(src) by extension 'colcon_meta'
[0.161s] Level 1:colcon.colcon_core.package_identification:_identify(src) by extensions ['ros']
[0.161s] Level 1:colcon.colcon_core.package_identification:_identify(src) by extension 'ros'
[0.161s] Level 1:colcon.colcon_core.package_identification:_identify(src) by extensions ['cmake', 'python']
[0.161s] Level 1:colcon.colcon_core.package_identification:_identify(src) by extension 'cmake'
[0.161s] Level 1:colcon.colcon_core.package_identification:_identify(src) by extension 'python'
[0.161s] Level 1:colcon.colcon_core.package_identification:_identify(src) by extensions ['python_setup_py']
[0.161s] Level 1:colcon.colcon_core.package_identification:_identify(src) by extension 'python_setup_py'
[0.161s] Level 1:colcon.colcon_core.package_identification:_identify(src/keyboard_teleop) by extensions ['ignore', 'ignore_ament_install']
[0.161s] Level 1:colcon.colcon_core.package_identification:_identify(src/keyboard_teleop) by extension 'ignore'
[0.161s] Level 1:colcon.colcon_core.package_identification:_identify(src/keyboard_teleop) by extension 'ignore_ament_install'
[0.161s] Level 1:colcon.colcon_core.package_identification:_identify(src/keyboard_teleop) by extensions ['colcon_pkg']
[0.161s] Level 1:colcon.colcon_core.package_identification:_identify(src/keyboard_teleop) by extension 'colcon_pkg'
[0.161s] Level 1:colcon.colcon_core.package_identification:_identify(src/keyboard_teleop) by extensions ['colcon_meta']
[0.161s] Level 1:colcon.colcon_core.package_identification:_identify(src/keyboard_teleop) by extension 'colcon_meta'
[0.161s] Level 1:colcon.colcon_core.package_identification:_identify(src/keyboard_teleop) by extensions ['ros']
[0.162s] Level 1:colcon.colcon_core.package_identification:_identify(src/keyboard_teleop) by extension 'ros'
[0.163s] DEBUG:colcon.colcon_core.package_identification:Package 'src/keyboard_teleop' with type 'ros.ament_python' and name 'keyboard_teleop'
[0.163s] Level 1:colcon.colcon_core.package_identification:_identify(src/my_robot_bringup) by extensions ['ignore', 'ignore_ament_install']
[0.163s] Level 1:colcon.colcon_core.package_identification:_identify(src/my_robot_bringup) by extension 'ignore'
[0.163s] Level 1:colcon.colcon_core.package_identification:_identify(src/my_robot_bringup) by extension 'ignore_ament_install'
[0.163s] Level 1:colcon.colcon_core.package_identification:_identify(src/my_robot_bringup) by extensions ['colcon_pkg']
[0.163s] Level 1:colcon.colcon_core.package_identification:_identify(src/my_robot_bringup) by extension 'colcon_pkg'
[0.163s] Level 1:colcon.colcon_core.package_identification:_identify(src/my_robot_bringup) by extensions ['colcon_meta']
[0.163s] Level 1:colcon.colcon_core.package_identification:_identify(src/my_robot_bringup) by extension 'colcon_meta'
[0.163s] Level 1:colcon.colcon_core.package_identification:_identify(src/my_robot_bringup) by extensions ['ros']
[0.163s] Level 1:colcon.colcon_core.package_identification:_identify(src/my_robot_bringup) by extension 'ros'
[0.164s] DEBUG:colcon.colcon_core.package_identification:Package 'src/my_robot_bringup' with type 'ros.ament_cmake' and name 'my_robot_bringup'
[0.164s] Level 1:colcon.colcon_core.package_identification:_identify(src/my_robot_description) by extensions ['ignore', 'ignore_ament_install']
[0.164s] Level 1:colcon.colcon_core.package_identification:_identify(src/my_robot_description) by extension 'ignore'
[0.164s] Level 1:colcon.colcon_core.package_identification:_identify(src/my_robot_description) by extension 'ignore_ament_install'
[0.164s] Level 1:colcon.colcon_core.package_identification:_identify(src/my_robot_description) by extensions ['colcon_pkg']
[0.164s] Level 1:colcon.colcon_core.package_identification:_identify(src/my_robot_description) by extension 'colcon_pkg'
[0.164s] Level 1:colcon.colcon_core.package_identification:_identify(src/my_robot_description) by extensions ['colcon_meta']
[0.164s] Level 1:colcon.colcon_core.package_identification:_identify(src/my_robot_description) by extension 'colcon_meta'
[0.164s] Level 1:colcon.colcon_core.package_identification:_identify(src/my_robot_description) by extensions ['ros']
[0.164s] Level 1:colcon.colcon_core.package_identification:_identify(src/my_robot_description) by extension 'ros'
[0.166s] DEBUG:colcon.colcon_core.package_identification:Package 'src/my_robot_description' with type 'ros.ament_cmake' and name 'my_robot_description'
[0.166s] Level 1:colcon.colcon_core.package_identification:_identify(src/my_robot_firmware) by extensions ['ignore', 'ignore_ament_install']
[0.166s] Level 1:colcon.colcon_core.package_identification:_identify(src/my_robot_firmware) by extension 'ignore'
[0.166s] Level 1:colcon.colcon_core.package_identification:_identify(src/my_robot_firmware) by extension 'ignore_ament_install'
[0.166s] Level 1:colcon.colcon_core.package_identification:_identify(src/my_robot_firmware) by extensions ['colcon_pkg']
[0.166s] Level 1:colcon.colcon_core.package_identification:_identify(src/my_robot_firmware) by extension 'colcon_pkg'
[0.166s] Level 1:colcon.colcon_core.package_identification:_identify(src/my_robot_firmware) by extensions ['colcon_meta']
[0.166s] Level 1:colcon.colcon_core.package_identification:_identify(src/my_robot_firmware) by extension 'colcon_meta'
[0.166s] Level 1:colcon.colcon_core.package_identification:_identify(src/my_robot_firmware) by extensions ['ros']
[0.166s] Level 1:colcon.colcon_core.package_identification:_identify(src/my_robot_firmware) by extension 'ros'
[0.166s] DEBUG:colcon.colcon_core.package_identification:Package 'src/my_robot_firmware' with type 'ros.ament_cmake' and name 'my_robot_firmware'
[0.166s] Level 1:colcon.colcon_core.package_identification:_identify(src/my_robot_localization) by extensions ['ignore', 'ignore_ament_install']
[0.166s] Level 1:colcon.colcon_core.package_identification:_identify(src/my_robot_localization) by extension 'ignore'
[0.166s] Level 1:colcon.colcon_core.package_identification:_identify(src/my_robot_localization) by extension 'ignore_ament_install'
[0.166s] Level 1:colcon.colcon_core.package_identification:_identify(src/my_robot_localization) by extensions ['colcon_pkg']
[0.166s] Level 1:colcon.colcon_core.package_identification:_identify(src/my_robot_localization) by extension 'colcon_pkg'
[0.167s] Level 1:colcon.colcon_core.package_identification:_identify(src/my_robot_localization) by extensions ['colcon_meta']
[0.167s] Level 1:colcon.colcon_core.package_identification:_identify(src/my_robot_localization) by extension 'colcon_meta'
[0.167s] Level 1:colcon.colcon_core.package_identification:_identify(src/my_robot_localization) by extensions ['ros']
[0.167s] Level 1:colcon.colcon_core.package_identification:_identify(src/my_robot_localization) by extension 'ros'
[0.167s] DEBUG:colcon.colcon_core.package_identification:Package 'src/my_robot_localization' with type 'ros.ament_cmake' and name 'my_robot_localization'
[0.167s] Level 1:colcon.colcon_core.package_identification:_identify(src/my_robot_mapping) by extensions ['ignore', 'ignore_ament_install']
[0.167s] Level 1:colcon.colcon_core.package_identification:_identify(src/my_robot_mapping) by extension 'ignore'
[0.167s] Level 1:colcon.colcon_core.package_identification:_identify(src/my_robot_mapping) by extension 'ignore_ament_install'
[0.167s] Level 1:colcon.colcon_core.package_identification:_identify(src/my_robot_mapping) by extensions ['colcon_pkg']
[0.167s] Level 1:colcon.colcon_core.package_identification:_identify(src/my_robot_mapping) by extension 'colcon_pkg'
[0.167s] Level 1:colcon.colcon_core.package_identification:_identify(src/my_robot_mapping) by extensions ['colcon_meta']
[0.167s] Level 1:colcon.colcon_core.package_identification:_identify(src/my_robot_mapping) by extension 'colcon_meta'
[0.167s] Level 1:colcon.colcon_core.package_identification:_identify(src/my_robot_mapping) by extensions ['ros']
[0.167s] Level 1:colcon.colcon_core.package_identification:_identify(src/my_robot_mapping) by extension 'ros'
[0.168s] DEBUG:colcon.colcon_core.package_identification:Package 'src/my_robot_mapping' with type 'ros.ament_cmake' and name 'my_robot_mapping'
[0.168s] Level 1:colcon.colcon_core.package_identification:_identify(src/my_robot_motion) by extensions ['ignore', 'ignore_ament_install']
[0.168s] Level 1:colcon.colcon_core.package_identification:_identify(src/my_robot_motion) by extension 'ignore'
[0.168s] Level 1:colcon.colcon_core.package_identification:_identify(src/my_robot_motion) by extension 'ignore_ament_install'
[0.168s] Level 1:colcon.colcon_core.package_identification:_identify(src/my_robot_motion) by extensions ['colcon_pkg']
[0.168s] Level 1:colcon.colcon_core.package_identification:_identify(src/my_robot_motion) by extension 'colcon_pkg'
[0.168s] Level 1:colcon.colcon_core.package_identification:_identify(src/my_robot_motion) by extensions ['colcon_meta']
[0.168s] Level 1:colcon.colcon_core.package_identification:_identify(src/my_robot_motion) by extension 'colcon_meta'
[0.168s] Level 1:colcon.colcon_core.package_identification:_identify(src/my_robot_motion) by extensions ['ros']
[0.168s] Level 1:colcon.colcon_core.package_identification:_identify(src/my_robot_motion) by extension 'ros'
[0.174s] DEBUG:colcon.colcon_core.package_identification:Package 'src/my_robot_motion' with type 'ros.ament_cmake' and name 'my_robot_motion'
[0.174s] Level 1:colcon.colcon_core.package_identification:_identify(src/my_robot_msgs) by extensions ['ignore', 'ignore_ament_install']
[0.174s] Level 1:colcon.colcon_core.package_identification:_identify(src/my_robot_msgs) by extension 'ignore'
[0.174s] Level 1:colcon.colcon_core.package_identification:_identify(src/my_robot_msgs) by extension 'ignore_ament_install'
[0.174s] Level 1:colcon.colcon_core.package_identification:_identify(src/my_robot_msgs) by extensions ['colcon_pkg']
[0.174s] Level 1:colcon.colcon_core.package_identification:_identify(src/my_robot_msgs) by extension 'colcon_pkg'
[0.174s] Level 1:colcon.colcon_core.package_identification:_identify(src/my_robot_msgs) by extensions ['colcon_meta']
[0.174s] Level 1:colcon.colcon_core.package_identification:_identify(src/my_robot_msgs) by extension 'colcon_meta'
[0.174s] Level 1:colcon.colcon_core.package_identification:_identify(src/my_robot_msgs) by extensions ['ros']
[0.174s] Level 1:colcon.colcon_core.package_identification:_identify(src/my_robot_msgs) by extension 'ros'
[0.175s] DEBUG:colcon.colcon_core.package_identification:Package 'src/my_robot_msgs' with type 'ros.ament_cmake' and name 'my_robot_msgs'
[0.175s] Level 1:colcon.colcon_core.package_identification:_identify(src/my_robot_navi) by extensions ['ignore', 'ignore_ament_install']
[0.175s] Level 1:colcon.colcon_core.package_identification:_identify(src/my_robot_navi) by extension 'ignore'
[0.175s] Level 1:colcon.colcon_core.package_identification:_identify(src/my_robot_navi) by extension 'ignore_ament_install'
[0.175s] Level 1:colcon.colcon_core.package_identification:_identify(src/my_robot_navi) by extensions ['colcon_pkg']
[0.175s] Level 1:colcon.colcon_core.package_identification:_identify(src/my_robot_navi) by extension 'colcon_pkg'
[0.175s] Level 1:colcon.colcon_core.package_identification:_identify(src/my_robot_navi) by extensions ['colcon_meta']
[0.175s] Level 1:colcon.colcon_core.package_identification:_identify(src/my_robot_navi) by extension 'colcon_meta'
[0.175s] Level 1:colcon.colcon_core.package_identification:_identify(src/my_robot_navi) by extensions ['ros']
[0.175s] Level 1:colcon.colcon_core.package_identification:_identify(src/my_robot_navi) by extension 'ros'
[0.175s] DEBUG:colcon.colcon_core.package_identification:Package 'src/my_robot_navi' with type 'ros.ament_cmake' and name 'my_robot_navi'
[0.175s] Level 1:colcon.colcon_core.package_identification:_identify(src/my_robot_planning) by extensions ['ignore', 'ignore_ament_install']
[0.176s] Level 1:colcon.colcon_core.package_identification:_identify(src/my_robot_planning) by extension 'ignore'
[0.176s] Level 1:colcon.colcon_core.package_identification:_identify(src/my_robot_planning) by extension 'ignore_ament_install'
[0.176s] Level 1:colcon.colcon_core.package_identification:_identify(src/my_robot_planning) by extensions ['colcon_pkg']
[0.176s] Level 1:colcon.colcon_core.package_identification:_identify(src/my_robot_planning) by extension 'colcon_pkg'
[0.176s] Level 1:colcon.colcon_core.package_identification:_identify(src/my_robot_planning) by extensions ['colcon_meta']
[0.176s] Level 1:colcon.colcon_core.package_identification:_identify(src/my_robot_planning) by extension 'colcon_meta'
[0.176s] Level 1:colcon.colcon_core.package_identification:_identify(src/my_robot_planning) by extensions ['ros']
[0.176s] Level 1:colcon.colcon_core.package_identification:_identify(src/my_robot_planning) by extension 'ros'
[0.176s] DEBUG:colcon.colcon_core.package_identification:Package 'src/my_robot_planning' with type 'ros.ament_cmake' and name 'my_robot_planning'
[0.176s] Level 1:colcon.colcon_core.package_identification:_identify(src/my_robot_utils) by extensions ['ignore', 'ignore_ament_install']
[0.176s] Level 1:colcon.colcon_core.package_identification:_identify(src/my_robot_utils) by extension 'ignore'
[0.176s] Level 1:colcon.colcon_core.package_identification:_identify(src/my_robot_utils) by extension 'ignore_ament_install'
[0.176s] Level 1:colcon.colcon_core.package_identification:_identify(src/my_robot_utils) by extensions ['colcon_pkg']
[0.176s] Level 1:colcon.colcon_core.package_identification:_identify(src/my_robot_utils) by extension 'colcon_pkg'
[0.177s] Level 1:colcon.colcon_core.package_identification:_identify(src/my_robot_utils) by extensions ['colcon_meta']
[0.177s] Level 1:colcon.colcon_core.package_identification:_identify(src/my_robot_utils) by extension 'colcon_meta'
[0.177s] Level 1:colcon.colcon_core.package_identification:_identify(src/my_robot_utils) by extensions ['ros']
[0.177s] Level 1:colcon.colcon_core.package_identification:_identify(src/my_robot_utils) by extension 'ros'
[0.177s] DEBUG:colcon.colcon_core.package_identification:Package 'src/my_robot_utils' with type 'ros.ament_cmake' and name 'my_robot_utils'
[0.177s] Level 1:colcon.colcon_core.package_identification:_identify(src/myrobot_controller) by extensions ['ignore', 'ignore_ament_install']
[0.177s] Level 1:colcon.colcon_core.package_identification:_identify(src/myrobot_controller) by extension 'ignore'
[0.177s] Level 1:colcon.colcon_core.package_identification:_identify(src/myrobot_controller) by extension 'ignore_ament_install'
[0.177s] Level 1:colcon.colcon_core.package_identification:_identify(src/myrobot_controller) by extensions ['colcon_pkg']
[0.177s] Level 1:colcon.colcon_core.package_identification:_identify(src/myrobot_controller) by extension 'colcon_pkg'
[0.177s] Level 1:colcon.colcon_core.package_identification:_identify(src/myrobot_controller) by extensions ['colcon_meta']
[0.177s] Level 1:colcon.colcon_core.package_identification:_identify(src/myrobot_controller) by extension 'colcon_meta'
[0.177s] Level 1:colcon.colcon_core.package_identification:_identify(src/myrobot_controller) by extensions ['ros']
[0.177s] Level 1:colcon.colcon_core.package_identification:_identify(src/myrobot_controller) by extension 'ros'
[0.178s] DEBUG:colcon.colcon_core.package_identification:Package 'src/myrobot_controller' with type 'ros.ament_cmake' and name 'myrobot_controller'
[0.178s] Level 1:colcon.colcon_core.package_discovery:discover_packages(recursive) using defaults
[0.178s] Level 1:colcon.colcon_core.package_discovery:discover_packages(ignore) discover
[0.178s] Level 1:colcon.colcon_core.package_discovery:discover_packages(ignore) using defaults
[0.178s] Level 1:colcon.colcon_core.package_discovery:discover_packages(path) discover
[0.178s] Level 1:colcon.colcon_core.package_discovery:discover_packages(path) using defaults
[0.191s] Level 1:colcon.colcon_core.package_discovery:discover_packages(prefix_path) check parameters
[0.191s] Level 1:colcon.colcon_core.package_discovery:discover_packages(prefix_path) discover
[0.192s] DEBUG:colcon.colcon_installed_package_information.package_discovery:Found 12 installed packages in /home/dung/ros_ws/install
[0.193s] DEBUG:colcon.colcon_installed_package_information.package_discovery:Found 377 installed packages in /opt/ros/humble
[0.194s] Level 1:colcon.colcon_core.package_discovery:discover_packages(prefix_path) using defaults
[0.217s] Level 5:colcon.colcon_core.verb:set package 'my_robot_description' build argument 'cmake_args' from command line to 'None'
[0.217s] Level 5:colcon.colcon_core.verb:set package 'my_robot_description' build argument 'cmake_target' from command line to 'None'
[0.217s] Level 5:colcon.colcon_core.verb:set package 'my_robot_description' build argument 'cmake_target_skip_unavailable' from command line to 'False'
[0.217s] Level 5:colcon.colcon_core.verb:set package 'my_robot_description' build argument 'cmake_clean_cache' from command line to 'False'
[0.218s] Level 5:colcon.colcon_core.verb:set package 'my_robot_description' build argument 'cmake_clean_first' from command line to 'False'
[0.218s] Level 5:colcon.colcon_core.verb:set package 'my_robot_description' build argument 'cmake_force_configure' from command line to 'False'
[0.218s] Level 5:colcon.colcon_core.verb:set package 'my_robot_description' build argument 'ament_cmake_args' from command line to 'None'
[0.218s] Level 5:colcon.colcon_core.verb:set package 'my_robot_description' build argument 'catkin_cmake_args' from command line to 'None'
[0.218s] Level 5:colcon.colcon_core.verb:set package 'my_robot_description' build argument 'catkin_skip_building_tests' from command line to 'False'
[0.218s] DEBUG:colcon.colcon_core.verb:Building package 'my_robot_description' with the following arguments: {'ament_cmake_args': None, 'build_base': '/home/dung/ros_ws/build/my_robot_description', 'catkin_cmake_args': None, 'catkin_skip_building_tests': False, 'cmake_args': None, 'cmake_clean_cache': False, 'cmake_clean_first': False, 'cmake_force_configure': False, 'cmake_target': None, 'cmake_target_skip_unavailable': False, 'install_base': '/home/dung/ros_ws/install/my_robot_description', 'merge_install': False, 'path': '/home/dung/ros_ws/src/my_robot_description', 'symlink_install': False, 'test_result_base': None}
[0.218s] Level 5:colcon.colcon_core.verb:set package 'my_robot_firmware' build argument 'cmake_args' from command line to 'None'
[0.218s] Level 5:colcon.colcon_core.verb:set package 'my_robot_firmware' build argument 'cmake_target' from command line to 'None'
[0.218s] Level 5:colcon.colcon_core.verb:set package 'my_robot_firmware' build argument 'cmake_target_skip_unavailable' from command line to 'False'
[0.218s] Level 5:colcon.colcon_core.verb:set package 'my_robot_firmware' build argument 'cmake_clean_cache' from command line to 'False'
[0.218s] Level 5:colcon.colcon_core.verb:set package 'my_robot_firmware' build argument 'cmake_clean_first' from command line to 'False'
[0.218s] Level 5:colcon.colcon_core.verb:set package 'my_robot_firmware' build argument 'cmake_force_configure' from command line to 'False'
[0.218s] Level 5:colcon.colcon_core.verb:set package 'my_robot_firmware' build argument 'ament_cmake_args' from command line to 'None'
[0.218s] Level 5:colcon.colcon_core.verb:set package 'my_robot_firmware' build argument 'catkin_cmake_args' from command line to 'None'
[0.218s] Level 5:colcon.colcon_core.verb:set package 'my_robot_firmware' build argument 'catkin_skip_building_tests' from command line to 'False'
[0.218s] DEBUG:colcon.colcon_core.verb:Building package 'my_robot_firmware' with the following arguments: {'ament_cmake_args': None, 'build_base': '/home/dung/ros_ws/build/my_robot_firmware', 'catkin_cmake_args': None, 'catkin_skip_building_tests': False, 'cmake_args': None, 'cmake_clean_cache': False, 'cmake_clean_first': False, 'cmake_force_configure': False, 'cmake_target': None, 'cmake_target_skip_unavailable': False, 'install_base': '/home/dung/ros_ws/install/my_robot_firmware', 'merge_install': False, 'path': '/home/dung/ros_ws/src/my_robot_firmware', 'symlink_install': False, 'test_result_base': None}
[0.218s] Level 5:colcon.colcon_core.verb:set package 'my_robot_localization' build argument 'cmake_args' from command line to 'None'
[0.218s] Level 5:colcon.colcon_core.verb:set package 'my_robot_localization' build argument 'cmake_target' from command line to 'None'
[0.218s] Level 5:colcon.colcon_core.verb:set package 'my_robot_localization' build argument 'cmake_target_skip_unavailable' from command line to 'False'
[0.218s] Level 5:colcon.colcon_core.verb:set package 'my_robot_localization' build argument 'cmake_clean_cache' from command line to 'False'
[0.218s] Level 5:colcon.colcon_core.verb:set package 'my_robot_localization' build argument 'cmake_clean_first' from command line to 'False'
[0.218s] Level 5:colcon.colcon_core.verb:set package 'my_robot_localization' build argument 'cmake_force_configure' from command line to 'False'
[0.218s] Level 5:colcon.colcon_core.verb:set package 'my_robot_localization' build argument 'ament_cmake_args' from command line to 'None'
[0.218s] Level 5:colcon.colcon_core.verb:set package 'my_robot_localization' build argument 'catkin_cmake_args' from command line to 'None'
[0.218s] Level 5:colcon.colcon_core.verb:set package 'my_robot_localization' build argument 'catkin_skip_building_tests' from command line to 'False'
[0.218s] DEBUG:colcon.colcon_core.verb:Building package 'my_robot_localization' with the following arguments: {'ament_cmake_args': None, 'build_base': '/home/dung/ros_ws/build/my_robot_localization', 'catkin_cmake_args': None, 'catkin_skip_building_tests': False, 'cmake_args': None, 'cmake_clean_cache': False, 'cmake_clean_first': False, 'cmake_force_configure': False, 'cmake_target': None, 'cmake_target_skip_unavailable': False, 'install_base': '/home/dung/ros_ws/install/my_robot_localization', 'merge_install': False, 'path': '/home/dung/ros_ws/src/my_robot_localization', 'symlink_install': False, 'test_result_base': None}
[0.218s] Level 5:colcon.colcon_core.verb:set package 'my_robot_mapping' build argument 'cmake_args' from command line to 'None'
[0.218s] Level 5:colcon.colcon_core.verb:set package 'my_robot_mapping' build argument 'cmake_target' from command line to 'None'
[0.218s] Level 5:colcon.colcon_core.verb:set package 'my_robot_mapping' build argument 'cmake_target_skip_unavailable' from command line to 'False'
[0.218s] Level 5:colcon.colcon_core.verb:set package 'my_robot_mapping' build argument 'cmake_clean_cache' from command line to 'False'
[0.218s] Level 5:colcon.colcon_core.verb:set package 'my_robot_mapping' build argument 'cmake_clean_first' from command line to 'False'
[0.218s] Level 5:colcon.colcon_core.verb:set package 'my_robot_mapping' build argument 'cmake_force_configure' from command line to 'False'
[0.218s] Level 5:colcon.colcon_core.verb:set package 'my_robot_mapping' build argument 'ament_cmake_args' from command line to 'None'
[0.218s] Level 5:colcon.colcon_core.verb:set package 'my_robot_mapping' build argument 'catkin_cmake_args' from command line to 'None'
[0.218s] Level 5:colcon.colcon_core.verb:set package 'my_robot_mapping' build argument 'catkin_skip_building_tests' from command line to 'False'
[0.218s] DEBUG:colcon.colcon_core.verb:Building package 'my_robot_mapping' with the following arguments: {'ament_cmake_args': None, 'build_base': '/home/dung/ros_ws/build/my_robot_mapping', 'catkin_cmake_args': None, 'catkin_skip_building_tests': False, 'cmake_args': None, 'cmake_clean_cache': False, 'cmake_clean_first': False, 'cmake_force_configure': False, 'cmake_target': None, 'cmake_target_skip_unavailable': False, 'install_base': '/home/dung/ros_ws/install/my_robot_mapping', 'merge_install': False, 'path': '/home/dung/ros_ws/src/my_robot_mapping', 'symlink_install': False, 'test_result_base': None}
[0.219s] Level 5:colcon.colcon_core.verb:set package 'my_robot_motion' build argument 'cmake_args' from command line to 'None'
[0.219s] Level 5:colcon.colcon_core.verb:set package 'my_robot_motion' build argument 'cmake_target' from command line to 'None'
[0.219s] Level 5:colcon.colcon_core.verb:set package 'my_robot_motion' build argument 'cmake_target_skip_unavailable' from command line to 'False'
[0.219s] Level 5:colcon.colcon_core.verb:set package 'my_robot_motion' build argument 'cmake_clean_cache' from command line to 'False'
[0.219s] Level 5:colcon.colcon_core.verb:set package 'my_robot_motion' build argument 'cmake_clean_first' from command line to 'False'
[0.219s] Level 5:colcon.colcon_core.verb:set package 'my_robot_motion' build argument 'cmake_force_configure' from command line to 'False'
[0.219s] Level 5:colcon.colcon_core.verb:set package 'my_robot_motion' build argument 'ament_cmake_args' from command line to 'None'
[0.219s] Level 5:colcon.colcon_core.verb:set package 'my_robot_motion' build argument 'catkin_cmake_args' from command line to 'None'
[0.219s] Level 5:colcon.colcon_core.verb:set package 'my_robot_motion' build argument 'catkin_skip_building_tests' from command line to 'False'
[0.219s] DEBUG:colcon.colcon_core.verb:Building package 'my_robot_motion' with the following arguments: {'ament_cmake_args': None, 'build_base': '/home/dung/ros_ws/build/my_robot_motion', 'catkin_cmake_args': None, 'catkin_skip_building_tests': False, 'cmake_args': None, 'cmake_clean_cache': False, 'cmake_clean_first': False, 'cmake_force_configure': False, 'cmake_target': None, 'cmake_target_skip_unavailable': False, 'install_base': '/home/dung/ros_ws/install/my_robot_motion', 'merge_install': False, 'path': '/home/dung/ros_ws/src/my_robot_motion', 'symlink_install': False, 'test_result_base': None}
[0.219s] Level 5:colcon.colcon_core.verb:set package 'my_robot_msgs' build argument 'cmake_args' from command line to 'None'
[0.219s] Level 5:colcon.colcon_core.verb:set package 'my_robot_msgs' build argument 'cmake_target' from command line to 'None'
[0.219s] Level 5:colcon.colcon_core.verb:set package 'my_robot_msgs' build argument 'cmake_target_skip_unavailable' from command line to 'False'
[0.219s] Level 5:colcon.colcon_core.verb:set package 'my_robot_msgs' build argument 'cmake_clean_cache' from command line to 'False'
[0.219s] Level 5:colcon.colcon_core.verb:set package 'my_robot_msgs' build argument 'cmake_clean_first' from command line to 'False'
[0.219s] Level 5:colcon.colcon_core.verb:set package 'my_robot_msgs' build argument 'cmake_force_configure' from command line to 'False'
[0.219s] Level 5:colcon.colcon_core.verb:set package 'my_robot_msgs' build argument 'ament_cmake_args' from command line to 'None'
[0.219s] Level 5:colcon.colcon_core.verb:set package 'my_robot_msgs' build argument 'catkin_cmake_args' from command line to 'None'
[0.219s] Level 5:colcon.colcon_core.verb:set package 'my_robot_msgs' build argument 'catkin_skip_building_tests' from command line to 'False'
[0.219s] DEBUG:colcon.colcon_core.verb:Building package 'my_robot_msgs' with the following arguments: {'ament_cmake_args': None, 'build_base': '/home/dung/ros_ws/build/my_robot_msgs', 'catkin_cmake_args': None, 'catkin_skip_building_tests': False, 'cmake_args': None, 'cmake_clean_cache': False, 'cmake_clean_first': False, 'cmake_force_configure': False, 'cmake_target': None, 'cmake_target_skip_unavailable': False, 'install_base': '/home/dung/ros_ws/install/my_robot_msgs', 'merge_install': False, 'path': '/home/dung/ros_ws/src/my_robot_msgs', 'symlink_install': False, 'test_result_base': None}
[0.219s] Level 5:colcon.colcon_core.verb:set package 'my_robot_navi' build argument 'cmake_args' from command line to 'None'
[0.219s] Level 5:colcon.colcon_core.verb:set package 'my_robot_navi' build argument 'cmake_target' from command line to 'None'
[0.219s] Level 5:colcon.colcon_core.verb:set package 'my_robot_navi' build argument 'cmake_target_skip_unavailable' from command line to 'False'
[0.219s] Level 5:colcon.colcon_core.verb:set package 'my_robot_navi' build argument 'cmake_clean_cache' from command line to 'False'
[0.219s] Level 5:colcon.colcon_core.verb:set package 'my_robot_navi' build argument 'cmake_clean_first' from command line to 'False'
[0.219s] Level 5:colcon.colcon_core.verb:set package 'my_robot_navi' build argument 'cmake_force_configure' from command line to 'False'
[0.219s] Level 5:colcon.colcon_core.verb:set package 'my_robot_navi' build argument 'ament_cmake_args' from command line to 'None'
[0.219s] Level 5:colcon.colcon_core.verb:set package 'my_robot_navi' build argument 'catkin_cmake_args' from command line to 'None'
[0.219s] Level 5:colcon.colcon_core.verb:set package 'my_robot_navi' build argument 'catkin_skip_building_tests' from command line to 'False'
[0.219s] DEBUG:colcon.colcon_core.verb:Building package 'my_robot_navi' with the following arguments: {'ament_cmake_args': None, 'build_base': '/home/dung/ros_ws/build/my_robot_navi', 'catkin_cmake_args': None, 'catkin_skip_building_tests': False, 'cmake_args': None, 'cmake_clean_cache': False, 'cmake_clean_first': False, 'cmake_force_configure': False, 'cmake_target': None, 'cmake_target_skip_unavailable': False, 'install_base': '/home/dung/ros_ws/install/my_robot_navi', 'merge_install': False, 'path': '/home/dung/ros_ws/src/my_robot_navi', 'symlink_install': False, 'test_result_base': None}
[0.219s] Level 5:colcon.colcon_core.verb:set package 'my_robot_planning' build argument 'cmake_args' from command line to 'None'
[0.220s] Level 5:colcon.colcon_core.verb:set package 'my_robot_planning' build argument 'cmake_target' from command line to 'None'
[0.220s] Level 5:colcon.colcon_core.verb:set package 'my_robot_planning' build argument 'cmake_target_skip_unavailable' from command line to 'False'
[0.220s] Level 5:colcon.colcon_core.verb:set package 'my_robot_planning' build argument 'cmake_clean_cache' from command line to 'False'
[0.220s] Level 5:colcon.colcon_core.verb:set package 'my_robot_planning' build argument 'cmake_clean_first' from command line to 'False'
[0.220s] Level 5:colcon.colcon_core.verb:set package 'my_robot_planning' build argument 'cmake_force_configure' from command line to 'False'
[0.220s] Level 5:colcon.colcon_core.verb:set package 'my_robot_planning' build argument 'ament_cmake_args' from command line to 'None'
[0.220s] Level 5:colcon.colcon_core.verb:set package 'my_robot_planning' build argument 'catkin_cmake_args' from command line to 'None'
[0.220s] Level 5:colcon.colcon_core.verb:set package 'my_robot_planning' build argument 'catkin_skip_building_tests' from command line to 'False'
[0.220s] DEBUG:colcon.colcon_core.verb:Building package 'my_robot_planning' with the following arguments: {'ament_cmake_args': None, 'build_base': '/home/dung/ros_ws/build/my_robot_planning', 'catkin_cmake_args': None, 'catkin_skip_building_tests': False, 'cmake_args': None, 'cmake_clean_cache': False, 'cmake_clean_first': False, 'cmake_force_configure': False, 'cmake_target': None, 'cmake_target_skip_unavailable': False, 'install_base': '/home/dung/ros_ws/install/my_robot_planning', 'merge_install': False, 'path': '/home/dung/ros_ws/src/my_robot_planning', 'symlink_install': False, 'test_result_base': None}
[0.220s] Level 5:colcon.colcon_core.verb:set package 'my_robot_utils' build argument 'cmake_args' from command line to 'None'
[0.220s] Level 5:colcon.colcon_core.verb:set package 'my_robot_utils' build argument 'cmake_target' from command line to 'None'
[0.220s] Level 5:colcon.colcon_core.verb:set package 'my_robot_utils' build argument 'cmake_target_skip_unavailable' from command line to 'False'
[0.220s] Level 5:colcon.colcon_core.verb:set package 'my_robot_utils' build argument 'cmake_clean_cache' from command line to 'False'
[0.220s] Level 5:colcon.colcon_core.verb:set package 'my_robot_utils' build argument 'cmake_clean_first' from command line to 'False'
[0.220s] Level 5:colcon.colcon_core.verb:set package 'my_robot_utils' build argument 'cmake_force_configure' from command line to 'False'
[0.220s] Level 5:colcon.colcon_core.verb:set package 'my_robot_utils' build argument 'ament_cmake_args' from command line to 'None'
[0.220s] Level 5:colcon.colcon_core.verb:set package 'my_robot_utils' build argument 'catkin_cmake_args' from command line to 'None'
[0.220s] Level 5:colcon.colcon_core.verb:set package 'my_robot_utils' build argument 'catkin_skip_building_tests' from command line to 'False'
[0.220s] DEBUG:colcon.colcon_core.verb:Building package 'my_robot_utils' with the following arguments: {'ament_cmake_args': None, 'build_base': '/home/dung/ros_ws/build/my_robot_utils', 'catkin_cmake_args': None, 'catkin_skip_building_tests': False, 'cmake_args': None, 'cmake_clean_cache': False, 'cmake_clean_first': False, 'cmake_force_configure': False, 'cmake_target': None, 'cmake_target_skip_unavailable': False, 'install_base': '/home/dung/ros_ws/install/my_robot_utils', 'merge_install': False, 'path': '/home/dung/ros_ws/src/my_robot_utils', 'symlink_install': False, 'test_result_base': None}
[0.220s] Level 5:colcon.colcon_core.verb:set package 'myrobot_controller' build argument 'cmake_args' from command line to 'None'
[0.220s] Level 5:colcon.colcon_core.verb:set package 'myrobot_controller' build argument 'cmake_target' from command line to 'None'
[0.220s] Level 5:colcon.colcon_core.verb:set package 'myrobot_controller' build argument 'cmake_target_skip_unavailable' from command line to 'False'
[0.220s] Level 5:colcon.colcon_core.verb:set package 'myrobot_controller' build argument 'cmake_clean_cache' from command line to 'False'
[0.220s] Level 5:colcon.colcon_core.verb:set package 'myrobot_controller' build argument 'cmake_clean_first' from command line to 'False'
[0.220s] Level 5:colcon.colcon_core.verb:set package 'myrobot_controller' build argument 'cmake_force_configure' from command line to 'False'
[0.220s] Level 5:colcon.colcon_core.verb:set package 'myrobot_controller' build argument 'ament_cmake_args' from command line to 'None'
[0.220s] Level 5:colcon.colcon_core.verb:set package 'myrobot_controller' build argument 'catkin_cmake_args' from command line to 'None'
[0.220s] Level 5:colcon.colcon_core.verb:set package 'myrobot_controller' build argument 'catkin_skip_building_tests' from command line to 'False'
[0.220s] DEBUG:colcon.colcon_core.verb:Building package 'myrobot_controller' with the following arguments: {'ament_cmake_args': None, 'build_base': '/home/dung/ros_ws/build/myrobot_controller', 'catkin_cmake_args': None, 'catkin_skip_building_tests': False, 'cmake_args': None, 'cmake_clean_cache': False, 'cmake_clean_first': False, 'cmake_force_configure': False, 'cmake_target': None, 'cmake_target_skip_unavailable': False, 'install_base': '/home/dung/ros_ws/install/myrobot_controller', 'merge_install': False, 'path': '/home/dung/ros_ws/src/myrobot_controller', 'symlink_install': False, 'test_result_base': None}
[0.220s] Level 5:colcon.colcon_core.verb:set package 'keyboard_teleop' build argument 'cmake_args' from command line to 'None'
[0.220s] Level 5:colcon.colcon_core.verb:set package 'keyboard_teleop' build argument 'cmake_target' from command line to 'None'
[0.220s] Level 5:colcon.colcon_core.verb:set package 'keyboard_teleop' build argument 'cmake_target_skip_unavailable' from command line to 'False'
[0.220s] Level 5:colcon.colcon_core.verb:set package 'keyboard_teleop' build argument 'cmake_clean_cache' from command line to 'False'
[0.220s] Level 5:colcon.colcon_core.verb:set package 'keyboard_teleop' build argument 'cmake_clean_first' from command line to 'False'
[0.220s] Level 5:colcon.colcon_core.verb:set package 'keyboard_teleop' build argument 'cmake_force_configure' from command line to 'False'
[0.220s] Level 5:colcon.colcon_core.verb:set package 'keyboard_teleop' build argument 'ament_cmake_args' from command line to 'None'
[0.220s] Level 5:colcon.colcon_core.verb:set package 'keyboard_teleop' build argument 'catkin_cmake_args' from command line to 'None'
[0.220s] Level 5:colcon.colcon_core.verb:set package 'keyboard_teleop' build argument 'catkin_skip_building_tests' from command line to 'False'
[0.220s] DEBUG:colcon.colcon_core.verb:Building package 'keyboard_teleop' with the following arguments: {'ament_cmake_args': None, 'build_base': '/home/dung/ros_ws/build/keyboard_teleop', 'catkin_cmake_args': None, 'catkin_skip_building_tests': False, 'cmake_args': None, 'cmake_clean_cache': False, 'cmake_clean_first': False, 'cmake_force_configure': False, 'cmake_target': None, 'cmake_target_skip_unavailable': False, 'install_base': '/home/dung/ros_ws/install/keyboard_teleop', 'merge_install': False, 'path': '/home/dung/ros_ws/src/keyboard_teleop', 'symlink_install': False, 'test_result_base': None}
[0.221s] Level 5:colcon.colcon_core.verb:set package 'my_robot_bringup' build argument 'cmake_args' from command line to 'None'
[0.221s] Level 5:colcon.colcon_core.verb:set package 'my_robot_bringup' build argument 'cmake_target' from command line to 'None'
[0.221s] Level 5:colcon.colcon_core.verb:set package 'my_robot_bringup' build argument 'cmake_target_skip_unavailable' from command line to 'False'
[0.221s] Level 5:colcon.colcon_core.verb:set package 'my_robot_bringup' build argument 'cmake_clean_cache' from command line to 'False'
[0.221s] Level 5:colcon.colcon_core.verb:set package 'my_robot_bringup' build argument 'cmake_clean_first' from command line to 'False'
[0.221s] Level 5:colcon.colcon_core.verb:set package 'my_robot_bringup' build argument 'cmake_force_configure' from command line to 'False'
[0.221s] Level 5:colcon.colcon_core.verb:set package 'my_robot_bringup' build argument 'ament_cmake_args' from command line to 'None'
[0.221s] Level 5:colcon.colcon_core.verb:set package 'my_robot_bringup' build argument 'catkin_cmake_args' from command line to 'None'
[0.221s] Level 5:colcon.colcon_core.verb:set package 'my_robot_bringup' build argument 'catkin_skip_building_tests' from command line to 'False'
[0.221s] DEBUG:colcon.colcon_core.verb:Building package 'my_robot_bringup' with the following arguments: {'ament_cmake_args': None, 'build_base': '/home/dung/ros_ws/build/my_robot_bringup', 'catkin_cmake_args': None, 'catkin_skip_building_tests': False, 'cmake_args': None, 'cmake_clean_cache': False, 'cmake_clean_first': False, 'cmake_force_configure': False, 'cmake_target': None, 'cmake_target_skip_unavailable': False, 'install_base': '/home/dung/ros_ws/install/my_robot_bringup', 'merge_install': False, 'path': '/home/dung/ros_ws/src/my_robot_bringup', 'symlink_install': False, 'test_result_base': None}
[0.221s] INFO:colcon.colcon_core.executor:Executing jobs using 'parallel' executor
[0.221s] DEBUG:colcon.colcon_parallel_executor.executor.parallel:run_until_complete
[0.222s] INFO:colcon.colcon_ros.task.ament_cmake.build:Building ROS package in '/home/dung/ros_ws/src/my_robot_description' with build type 'ament_cmake'
[0.222s] INFO:colcon.colcon_cmake.task.cmake.build:Building CMake package in '/home/dung/ros_ws/src/my_robot_description'
[0.223s] INFO:colcon.colcon_core.plugin_system:Skipping extension 'colcon_core.shell.bat': Not used on non-Windows systems
[0.223s] INFO:colcon.colcon_core.shell:Skip shell extension 'powershell' for command environment: Not usable outside of PowerShell
[0.223s] DEBUG:colcon.colcon_core.shell:Skip shell extension 'dsv' for command environment
[0.225s] INFO:colcon.colcon_ros.task.ament_cmake.build:Building ROS package in '/home/dung/ros_ws/src/my_robot_msgs' with build type 'ament_cmake'
[0.225s] INFO:colcon.colcon_cmake.task.cmake.build:Building CMake package in '/home/dung/ros_ws/src/my_robot_msgs'
[0.226s] INFO:colcon.colcon_core.shell:Skip shell extension 'powershell' for command environment: Not usable outside of PowerShell
[0.226s] DEBUG:colcon.colcon_core.shell:Skip shell extension 'dsv' for command environment
[0.228s] INFO:colcon.colcon_ros.task.ament_cmake.build:Building ROS package in '/home/dung/ros_ws/src/my_robot_firmware' with build type 'ament_cmake'
[0.228s] INFO:colcon.colcon_cmake.task.cmake.build:Building CMake package in '/home/dung/ros_ws/src/my_robot_firmware'
[0.228s] INFO:colcon.colcon_core.shell:Skip shell extension 'powershell' for command environment: Not usable outside of PowerShell
[0.228s] DEBUG:colcon.colcon_core.shell:Skip shell extension 'dsv' for command environment
[0.230s] INFO:colcon.colcon_ros.task.ament_cmake.build:Building ROS package in '/home/dung/ros_ws/src/my_robot_localization' with build type 'ament_cmake'
[0.230s] INFO:colcon.colcon_cmake.task.cmake.build:Building CMake package in '/home/dung/ros_ws/src/my_robot_localization'
[0.230s] INFO:colcon.colcon_core.shell:Skip shell extension 'powershell' for command environment: Not usable outside of PowerShell
[0.230s] DEBUG:colcon.colcon_core.shell:Skip shell extension 'dsv' for command environment
[0.232s] INFO:colcon.colcon_ros.task.ament_cmake.build:Building ROS package in '/home/dung/ros_ws/src/my_robot_mapping' with build type 'ament_cmake'
[0.232s] INFO:colcon.colcon_cmake.task.cmake.build:Building CMake package in '/home/dung/ros_ws/src/my_robot_mapping'
[0.232s] INFO:colcon.colcon_core.shell:Skip shell extension 'powershell' for command environment: Not usable outside of PowerShell
[0.232s] DEBUG:colcon.colcon_core.shell:Skip shell extension 'dsv' for command environment
[0.234s] INFO:colcon.colcon_ros.task.ament_cmake.build:Building ROS package in '/home/dung/ros_ws/src/my_robot_motion' with build type 'ament_cmake'
[0.234s] INFO:colcon.colcon_cmake.task.cmake.build:Building CMake package in '/home/dung/ros_ws/src/my_robot_motion'
[0.234s] INFO:colcon.colcon_core.shell:Skip shell extension 'powershell' for command environment: Not usable outside of PowerShell
[0.234s] DEBUG:colcon.colcon_core.shell:Skip shell extension 'dsv' for command environment
[0.236s] INFO:colcon.colcon_ros.task.ament_cmake.build:Building ROS package in '/home/dung/ros_ws/src/my_robot_navi' with build type 'ament_cmake'
[0.236s] INFO:colcon.colcon_cmake.task.cmake.build:Building CMake package in '/home/dung/ros_ws/src/my_robot_navi'
[0.237s] INFO:colcon.colcon_core.shell:Skip shell extension 'powershell' for command environment: Not usable outside of PowerShell
[0.237s] DEBUG:colcon.colcon_core.shell:Skip shell extension 'dsv' for command environment
[0.238s] INFO:colcon.colcon_ros.task.ament_cmake.build:Building ROS package in '/home/dung/ros_ws/src/my_robot_planning' with build type 'ament_cmake'
[0.239s] INFO:colcon.colcon_cmake.task.cmake.build:Building CMake package in '/home/dung/ros_ws/src/my_robot_planning'
[0.239s] INFO:colcon.colcon_core.shell:Skip shell extension 'powershell' for command environment: Not usable outside of PowerShell
[0.239s] DEBUG:colcon.colcon_core.shell:Skip shell extension 'dsv' for command environment
[0.241s] INFO:colcon.colcon_ros.task.ament_cmake.build:Building ROS package in '/home/dung/ros_ws/src/my_robot_utils' with build type 'ament_cmake'
[0.241s] INFO:colcon.colcon_cmake.task.cmake.build:Building CMake package in '/home/dung/ros_ws/src/my_robot_utils'
[0.241s] INFO:colcon.colcon_core.shell:Skip shell extension 'powershell' for command environment: Not usable outside of PowerShell
[0.241s] DEBUG:colcon.colcon_core.shell:Skip shell extension 'dsv' for command environment
[0.243s] INFO:colcon.colcon_ros.task.ament_cmake.build:Building ROS package in '/home/dung/ros_ws/src/myrobot_controller' with build type 'ament_cmake'
[0.243s] INFO:colcon.colcon_cmake.task.cmake.build:Building CMake package in '/home/dung/ros_ws/src/myrobot_controller'
[0.243s] INFO:colcon.colcon_core.shell:Skip shell extension 'powershell' for command environment: Not usable outside of PowerShell
[0.243s] DEBUG:colcon.colcon_core.shell:Skip shell extension 'dsv' for command environment
[0.248s] DEBUG:colcon.colcon_core.event_handler.log_command:Invoking command in '/home/dung/ros_ws/build/my_robot_description': CMAKE_PREFIX_PATH=${CMAKE_PREFIX_PATH}:/home/dung/ros_ws/install/keyboard_teleop:/opt/ros/humble /usr/bin/cmake --build /home/dung/ros_ws/build/my_robot_description -- -j12 -l12
[0.250s] DEBUG:colcon.colcon_core.event_handler.log_command:Invoking command in '/home/dung/ros_ws/build/my_robot_msgs': CMAKE_PREFIX_PATH=${CMAKE_PREFIX_PATH}:/home/dung/ros_ws/install/keyboard_teleop:/opt/ros/humble /usr/bin/cmake --build /home/dung/ros_ws/build/my_robot_msgs -- -j12 -l12
[0.251s] DEBUG:colcon.colcon_core.event_handler.log_command:Invoking command in '/home/dung/ros_ws/build/my_robot_firmware': CMAKE_PREFIX_PATH=${CMAKE_PREFIX_PATH}:/home/dung/ros_ws/install/keyboard_teleop:/opt/ros/humble /usr/bin/cmake --build /home/dung/ros_ws/build/my_robot_firmware -- -j12 -l12
[0.252s] DEBUG:colcon.colcon_core.event_handler.log_command:Invoking command in '/home/dung/ros_ws/build/my_robot_localization': CMAKE_PREFIX_PATH=${CMAKE_PREFIX_PATH}:/home/dung/ros_ws/install/keyboard_teleop:/opt/ros/humble /usr/bin/cmake --build /home/dung/ros_ws/build/my_robot_localization -- -j12 -l12
[0.254s] DEBUG:colcon.colcon_core.event_handler.log_command:Invoking command in '/home/dung/ros_ws/build/my_robot_mapping': CMAKE_PREFIX_PATH=${CMAKE_PREFIX_PATH}:/home/dung/ros_ws/install/keyboard_teleop:/opt/ros/humble /usr/bin/cmake --build /home/dung/ros_ws/build/my_robot_mapping -- -j12 -l12
[0.256s] DEBUG:colcon.colcon_core.event_handler.log_command:Invoking command in '/home/dung/ros_ws/build/my_robot_motion': CMAKE_PREFIX_PATH=${CMAKE_PREFIX_PATH}:/home/dung/ros_ws/install/keyboard_teleop:/opt/ros/humble /usr/bin/cmake --build /home/dung/ros_ws/build/my_robot_motion -- -j12 -l12
[0.271s] DEBUG:colcon.colcon_core.event_handler.log_command:Invoking command in '/home/dung/ros_ws/build/my_robot_navi': CMAKE_PREFIX_PATH=${CMAKE_PREFIX_PATH}:/home/dung/ros_ws/install/keyboard_teleop:/opt/ros/humble /usr/bin/cmake --build /home/dung/ros_ws/build/my_robot_navi -- -j12 -l12
[0.274s] DEBUG:colcon.colcon_core.event_handler.log_command:Invoking command in '/home/dung/ros_ws/build/my_robot_planning': CMAKE_PREFIX_PATH=${CMAKE_PREFIX_PATH}:/home/dung/ros_ws/install/keyboard_teleop:/opt/ros/humble /usr/bin/cmake --build /home/dung/ros_ws/build/my_robot_planning -- -j12 -l12
[0.277s] DEBUG:colcon.colcon_core.event_handler.log_command:Invoking command in '/home/dung/ros_ws/build/my_robot_utils': CMAKE_PREFIX_PATH=${CMAKE_PREFIX_PATH}:/home/dung/ros_ws/install/keyboard_teleop:/opt/ros/humble /usr/bin/cmake --build /home/dung/ros_ws/build/my_robot_utils -- -j12 -l12
[0.281s] DEBUG:colcon.colcon_core.event_handler.log_command:Invoking command in '/home/dung/ros_ws/build/myrobot_controller': CMAKE_PREFIX_PATH=${CMAKE_PREFIX_PATH}:/home/dung/ros_ws/install/keyboard_teleop:/opt/ros/humble /usr/bin/cmake --build /home/dung/ros_ws/build/myrobot_controller -- -j12 -l12
[0.287s] DEBUG:colcon.colcon_core.event_handler.log_command:Invoked command in '/home/dung/ros_ws/build/my_robot_description' returned '0': CMAKE_PREFIX_PATH=${CMAKE_PREFIX_PATH}:/home/dung/ros_ws/install/keyboard_teleop:/opt/ros/humble /usr/bin/cmake --build /home/dung/ros_ws/build/my_robot_description -- -j12 -l12
[0.298s] DEBUG:colcon.colcon_core.event_handler.log_command:Invoking command in '/home/dung/ros_ws/build/my_robot_description': CMAKE_PREFIX_PATH=${CMAKE_PREFIX_PATH}:/home/dung/ros_ws/install/keyboard_teleop:/opt/ros/humble /usr/bin/cmake --install /home/dung/ros_ws/build/my_robot_description
[0.298s] DEBUG:colcon.colcon_core.event_handler.log_command:Invoked command in '/home/dung/ros_ws/build/my_robot_mapping' returned '0': CMAKE_PREFIX_PATH=${CMAKE_PREFIX_PATH}:/home/dung/ros_ws/install/keyboard_teleop:/opt/ros/humble /usr/bin/cmake --build /home/dung/ros_ws/build/my_robot_mapping -- -j12 -l12
[0.299s] DEBUG:colcon.colcon_core.event_handler.log_command:Invoking command in '/home/dung/ros_ws/build/my_robot_mapping': CMAKE_PREFIX_PATH=${CMAKE_PREFIX_PATH}:/home/dung/ros_ws/install/keyboard_teleop:/opt/ros/humble /usr/bin/cmake --install /home/dung/ros_ws/build/my_robot_mapping
[0.312s] DEBUG:colcon.colcon_core.event_handler.log_command:Invoked command in '/home/dung/ros_ws/build/my_robot_motion' returned '0': CMAKE_PREFIX_PATH=${CMAKE_PREFIX_PATH}:/home/dung/ros_ws/install/keyboard_teleop:/opt/ros/humble /usr/bin/cmake --build /home/dung/ros_ws/build/my_robot_motion -- -j12 -l12
[0.318s] DEBUG:colcon.colcon_core.event_handler.log_command:Invoking command in '/home/dung/ros_ws/build/my_robot_motion': CMAKE_PREFIX_PATH=${CMAKE_PREFIX_PATH}:/home/dung/ros_ws/install/keyboard_teleop:/opt/ros/humble /usr/bin/cmake --install /home/dung/ros_ws/build/my_robot_motion
[0.359s] Level 1:colcon.colcon_core.environment:create_environment_scripts_only(my_robot_description)
[0.362s] DEBUG:colcon.colcon_core.event_handler.log_command:Invoked command in '/home/dung/ros_ws/build/my_robot_description' returned '0': CMAKE_PREFIX_PATH=${CMAKE_PREFIX_PATH}:/home/dung/ros_ws/install/keyboard_teleop:/opt/ros/humble /usr/bin/cmake --install /home/dung/ros_ws/build/my_robot_description
[0.365s] Level 1:colcon.colcon_core.environment:checking '/home/dung/ros_ws/install/my_robot_description' for CMake module files
[0.366s] Level 1:colcon.colcon_core.environment:checking '/home/dung/ros_ws/install/my_robot_description' for CMake config files
[0.366s] Level 1:colcon.colcon_core.shell:create_environment_hook('my_robot_description', 'cmake_prefix_path')
[0.367s] INFO:colcon.colcon_core.shell:Creating environment hook '/home/dung/ros_ws/install/my_robot_description/share/my_robot_description/hook/cmake_prefix_path.ps1'
[0.367s] INFO:colcon.colcon_core.shell:Creating environment descriptor '/home/dung/ros_ws/install/my_robot_description/share/my_robot_description/hook/cmake_prefix_path.dsv'
[0.368s] INFO:colcon.colcon_core.shell:Creating environment hook '/home/dung/ros_ws/install/my_robot_description/share/my_robot_description/hook/cmake_prefix_path.sh'
[0.369s] Level 1:colcon.colcon_core.environment:checking '/home/dung/ros_ws/install/my_robot_description/bin'
[0.369s] Level 1:colcon.colcon_core.environment:checking '/home/dung/ros_ws/install/my_robot_description/lib/pkgconfig/my_robot_description.pc'
[0.369s] Level 1:colcon.colcon_core.environment:checking '/home/dung/ros_ws/install/my_robot_description/lib/python3.10/site-packages'
[0.370s] Level 1:colcon.colcon_core.environment:checking '/home/dung/ros_ws/install/my_robot_description/bin'
[0.370s] INFO:colcon.colcon_core.shell:Creating package script '/home/dung/ros_ws/install/my_robot_description/share/my_robot_description/package.ps1'
[0.371s] INFO:colcon.colcon_core.shell:Creating package descriptor '/home/dung/ros_ws/install/my_robot_description/share/my_robot_description/package.dsv'
[0.371s] INFO:colcon.colcon_core.shell:Creating package script '/home/dung/ros_ws/install/my_robot_description/share/my_robot_description/package.sh'
[0.372s] INFO:colcon.colcon_core.shell:Creating package script '/home/dung/ros_ws/install/my_robot_description/share/my_robot_description/package.bash'
[0.373s] INFO:colcon.colcon_core.shell:Creating package script '/home/dung/ros_ws/install/my_robot_description/share/my_robot_description/package.zsh'
[0.374s] Level 1:colcon.colcon_core.environment:create_file_with_runtime_dependencies(/home/dung/ros_ws/install/my_robot_description/share/colcon-core/packages/my_robot_description)
[0.374s] Level 1:colcon.colcon_core.environment:create_environment_scripts_only(my_robot_description)
[0.374s] Level 1:colcon.colcon_core.environment:checking '/home/dung/ros_ws/install/my_robot_description' for CMake module files
[0.375s] Level 1:colcon.colcon_core.environment:checking '/home/dung/ros_ws/install/my_robot_description' for CMake config files
[0.375s] Level 1:colcon.colcon_core.shell:create_environment_hook('my_robot_description', 'cmake_prefix_path')
[0.376s] INFO:colcon.colcon_core.shell:Creating environment hook '/home/dung/ros_ws/install/my_robot_description/share/my_robot_description/hook/cmake_prefix_path.ps1'
[0.376s] INFO:colcon.colcon_core.shell:Creating environment descriptor '/home/dung/ros_ws/install/my_robot_description/share/my_robot_description/hook/cmake_prefix_path.dsv'
[0.376s] INFO:colcon.colcon_core.shell:Creating environment hook '/home/dung/ros_ws/install/my_robot_description/share/my_robot_description/hook/cmake_prefix_path.sh'
[0.377s] Level 1:colcon.colcon_core.environment:checking '/home/dung/ros_ws/install/my_robot_description/bin'
[0.377s] Level 1:colcon.colcon_core.environment:checking '/home/dung/ros_ws/install/my_robot_description/lib/pkgconfig/my_robot_description.pc'
[0.377s] Level 1:colcon.colcon_core.environment:checking '/home/dung/ros_ws/install/my_robot_description/lib/python3.10/site-packages'
[0.377s] Level 1:colcon.colcon_core.environment:checking '/home/dung/ros_ws/install/my_robot_description/bin'
[0.378s] INFO:colcon.colcon_core.shell:Creating package script '/home/dung/ros_ws/install/my_robot_description/share/my_robot_description/package.ps1'
[0.378s] INFO:colcon.colcon_core.shell:Creating package descriptor '/home/dung/ros_ws/install/my_robot_description/share/my_robot_description/package.dsv'
[0.379s] INFO:colcon.colcon_core.shell:Creating package script '/home/dung/ros_ws/install/my_robot_description/share/my_robot_description/package.sh'
[0.379s] INFO:colcon.colcon_core.shell:Creating package script '/home/dung/ros_ws/install/my_robot_description/share/my_robot_description/package.bash'
[0.379s] INFO:colcon.colcon_core.shell:Creating package script '/home/dung/ros_ws/install/my_robot_description/share/my_robot_description/package.zsh'
[0.380s] Level 1:colcon.colcon_core.environment:create_file_with_runtime_dependencies(/home/dung/ros_ws/install/my_robot_description/share/colcon-core/packages/my_robot_description)
[0.380s] INFO:colcon.colcon_ros.task.ament_cmake.build:Building ROS package in '/home/dung/ros_ws/src/my_robot_bringup' with build type 'ament_cmake'
[0.380s] INFO:colcon.colcon_cmake.task.cmake.build:Building CMake package in '/home/dung/ros_ws/src/my_robot_bringup'
[0.381s] INFO:colcon.colcon_core.shell:Skip shell extension 'powershell' for command environment: Not usable outside of PowerShell
[0.381s] DEBUG:colcon.colcon_core.shell:Skip shell extension 'dsv' for command environment
[0.385s] Level 1:colcon.colcon_core.environment:create_environment_scripts_only(my_robot_mapping)
[0.385s] Level 1:colcon.colcon_core.environment:checking '/home/dung/ros_ws/install/my_robot_mapping' for CMake module files
[0.386s] DEBUG:colcon.colcon_core.event_handler.log_command:Invoked command in '/home/dung/ros_ws/build/my_robot_mapping' returned '0': CMAKE_PREFIX_PATH=${CMAKE_PREFIX_PATH}:/home/dung/ros_ws/install/keyboard_teleop:/opt/ros/humble /usr/bin/cmake --install /home/dung/ros_ws/build/my_robot_mapping
[0.386s] Level 1:colcon.colcon_core.environment:checking '/home/dung/ros_ws/install/my_robot_mapping' for CMake config files
[0.386s] Level 1:colcon.colcon_core.shell:create_environment_hook('my_robot_mapping', 'cmake_prefix_path')
[0.387s] INFO:colcon.colcon_core.shell:Creating environment hook '/home/dung/ros_ws/install/my_robot_mapping/share/my_robot_mapping/hook/cmake_prefix_path.ps1'
[0.387s] INFO:colcon.colcon_core.shell:Creating environment descriptor '/home/dung/ros_ws/install/my_robot_mapping/share/my_robot_mapping/hook/cmake_prefix_path.dsv'
[0.388s] INFO:colcon.colcon_core.shell:Creating environment hook '/home/dung/ros_ws/install/my_robot_mapping/share/my_robot_mapping/hook/cmake_prefix_path.sh'
[0.388s] Level 1:colcon.colcon_core.environment:checking '/home/dung/ros_ws/install/my_robot_mapping/bin'
[0.388s] Level 1:colcon.colcon_core.environment:checking '/home/dung/ros_ws/install/my_robot_mapping/lib/pkgconfig/my_robot_mapping.pc'
[0.388s] Level 1:colcon.colcon_core.environment:checking '/home/dung/ros_ws/install/my_robot_mapping/lib/python3.10/site-packages'
[0.389s] Level 1:colcon.colcon_core.environment:checking '/home/dung/ros_ws/install/my_robot_mapping/bin'
[0.389s] INFO:colcon.colcon_core.shell:Creating package script '/home/dung/ros_ws/install/my_robot_mapping/share/my_robot_mapping/package.ps1'
[0.389s] INFO:colcon.colcon_core.shell:Creating package descriptor '/home/dung/ros_ws/install/my_robot_mapping/share/my_robot_mapping/package.dsv'
[0.390s] INFO:colcon.colcon_core.shell:Creating package script '/home/dung/ros_ws/install/my_robot_mapping/share/my_robot_mapping/package.sh'
[0.390s] INFO:colcon.colcon_core.shell:Creating package script '/home/dung/ros_ws/install/my_robot_mapping/share/my_robot_mapping/package.bash'
[0.390s] INFO:colcon.colcon_core.shell:Creating package script '/home/dung/ros_ws/install/my_robot_mapping/share/my_robot_mapping/package.zsh'
[0.391s] Level 1:colcon.colcon_core.environment:create_file_with_runtime_dependencies(/home/dung/ros_ws/install/my_robot_mapping/share/colcon-core/packages/my_robot_mapping)
[0.391s] Level 1:colcon.colcon_core.environment:create_environment_scripts_only(my_robot_mapping)
[0.392s] Level 1:colcon.colcon_core.environment:checking '/home/dung/ros_ws/install/my_robot_mapping' for CMake module files
[0.392s] Level 1:colcon.colcon_core.environment:checking '/home/dung/ros_ws/install/my_robot_mapping' for CMake config files
[0.392s] Level 1:colcon.colcon_core.shell:create_environment_hook('my_robot_mapping', 'cmake_prefix_path')
[0.392s] INFO:colcon.colcon_core.shell:Creating environment hook '/home/dung/ros_ws/install/my_robot_mapping/share/my_robot_mapping/hook/cmake_prefix_path.ps1'
[0.393s] INFO:colcon.colcon_core.shell:Creating environment descriptor '/home/dung/ros_ws/install/my_robot_mapping/share/my_robot_mapping/hook/cmake_prefix_path.dsv'
[0.393s] INFO:colcon.colcon_core.shell:Creating environment hook '/home/dung/ros_ws/install/my_robot_mapping/share/my_robot_mapping/hook/cmake_prefix_path.sh'
[0.394s] Level 1:colcon.colcon_core.environment:checking '/home/dung/ros_ws/install/my_robot_mapping/bin'
[0.394s] Level 1:colcon.colcon_core.environment:checking '/home/dung/ros_ws/install/my_robot_mapping/lib/pkgconfig/my_robot_mapping.pc'
[0.394s] Level 1:colcon.colcon_core.environment:checking '/home/dung/ros_ws/install/my_robot_mapping/lib/python3.10/site-packages'
[0.394s] Level 1:colcon.colcon_core.environment:checking '/home/dung/ros_ws/install/my_robot_mapping/bin'
[0.395s] INFO:colcon.colcon_core.shell:Creating package script '/home/dung/ros_ws/install/my_robot_mapping/share/my_robot_mapping/package.ps1'
[0.395s] INFO:colcon.colcon_core.shell:Creating package descriptor '/home/dung/ros_ws/install/my_robot_mapping/share/my_robot_mapping/package.dsv'
[0.395s] INFO:colcon.colcon_core.shell:Creating package script '/home/dung/ros_ws/install/my_robot_mapping/share/my_robot_mapping/package.sh'
[0.396s] INFO:colcon.colcon_core.shell:Creating package script '/home/dung/ros_ws/install/my_robot_mapping/share/my_robot_mapping/package.bash'
[0.396s] INFO:colcon.colcon_core.shell:Creating package script '/home/dung/ros_ws/install/my_robot_mapping/share/my_robot_mapping/package.zsh'
[0.397s] Level 1:colcon.colcon_core.environment:create_file_with_runtime_dependencies(/home/dung/ros_ws/install/my_robot_mapping/share/colcon-core/packages/my_robot_mapping)
[0.397s] Level 1:colcon.colcon_core.environment:create_environment_scripts_only(my_robot_motion)
[0.397s] Level 1:colcon.colcon_core.environment:checking '/home/dung/ros_ws/install/my_robot_motion' for CMake module files
[0.398s] DEBUG:colcon.colcon_core.event_handler.log_command:Invoked command in '/home/dung/ros_ws/build/my_robot_motion' returned '0': CMAKE_PREFIX_PATH=${CMAKE_PREFIX_PATH}:/home/dung/ros_ws/install/keyboard_teleop:/opt/ros/humble /usr/bin/cmake --install /home/dung/ros_ws/build/my_robot_motion
[0.398s] Level 1:colcon.colcon_core.environment:checking '/home/dung/ros_ws/install/my_robot_motion' for CMake config files
[0.399s] Level 1:colcon.colcon_core.shell:create_environment_hook('my_robot_motion', 'cmake_prefix_path')
[0.399s] INFO:colcon.colcon_core.shell:Creating environment hook '/home/dung/ros_ws/install/my_robot_motion/share/my_robot_motion/hook/cmake_prefix_path.ps1'
[0.399s] INFO:colcon.colcon_core.shell:Creating environment descriptor '/home/dung/ros_ws/install/my_robot_motion/share/my_robot_motion/hook/cmake_prefix_path.dsv'
[0.399s] INFO:colcon.colcon_core.shell:Creating environment hook '/home/dung/ros_ws/install/my_robot_motion/share/my_robot_motion/hook/cmake_prefix_path.sh'
[0.400s] Level 1:colcon.colcon_core.environment:checking '/home/dung/ros_ws/install/my_robot_motion/lib'
[0.400s] Level 1:colcon.colcon_core.shell:create_environment_hook('my_robot_motion', 'ld_library_path_lib')
[0.400s] INFO:colcon.colcon_core.shell:Creating environment hook '/home/dung/ros_ws/install/my_robot_motion/share/my_robot_motion/hook/ld_library_path_lib.ps1'
[0.401s] INFO:colcon.colcon_core.shell:Creating environment descriptor '/home/dung/ros_ws/install/my_robot_motion/share/my_robot_motion/hook/ld_library_path_lib.dsv'
[0.401s] INFO:colcon.colcon_core.shell:Creating environment hook '/home/dung/ros_ws/install/my_robot_motion/share/my_robot_motion/hook/ld_library_path_lib.sh'
[0.401s] Level 1:colcon.colcon_core.environment:checking '/home/dung/ros_ws/install/my_robot_motion/bin'
[0.401s] Level 1:colcon.colcon_core.environment:checking '/home/dung/ros_ws/install/my_robot_motion/lib/pkgconfig/my_robot_motion.pc'
[0.401s] Level 1:colcon.colcon_core.environment:checking '/home/dung/ros_ws/install/my_robot_motion/lib/python3.10/site-packages'
[0.402s] Level 1:colcon.colcon_core.environment:checking '/home/dung/ros_ws/install/my_robot_motion/bin'
[0.402s] INFO:colcon.colcon_core.shell:Creating package script '/home/dung/ros_ws/install/my_robot_motion/share/my_robot_motion/package.ps1'
[0.403s] INFO:colcon.colcon_core.shell:Creating package descriptor '/home/dung/ros_ws/install/my_robot_motion/share/my_robot_motion/package.dsv'
[0.403s] INFO:colcon.colcon_core.shell:Creating package script '/home/dung/ros_ws/install/my_robot_motion/share/my_robot_motion/package.sh'
[0.403s] INFO:colcon.colcon_core.shell:Creating package script '/home/dung/ros_ws/install/my_robot_motion/share/my_robot_motion/package.bash'
[0.404s] INFO:colcon.colcon_core.shell:Creating package script '/home/dung/ros_ws/install/my_robot_motion/share/my_robot_motion/package.zsh'
[0.404s] Level 1:colcon.colcon_core.environment:create_file_with_runtime_dependencies(/home/dung/ros_ws/install/my_robot_motion/share/colcon-core/packages/my_robot_motion)
[0.404s] Level 1:colcon.colcon_core.environment:create_environment_scripts_only(my_robot_motion)
[0.405s] Level 1:colcon.colcon_core.environment:checking '/home/dung/ros_ws/install/my_robot_motion' for CMake module files
[0.405s] Level 1:colcon.colcon_core.environment:checking '/home/dung/ros_ws/install/my_robot_motion' for CMake config files
[0.405s] Level 1:colcon.colcon_core.shell:create_environment_hook('my_robot_motion', 'cmake_prefix_path')
[0.406s] INFO:colcon.colcon_core.shell:Creating environment hook '/home/dung/ros_ws/install/my_robot_motion/share/my_robot_motion/hook/cmake_prefix_path.ps1'
[0.406s] INFO:colcon.colcon_core.shell:Creating environment descriptor '/home/dung/ros_ws/install/my_robot_motion/share/my_robot_motion/hook/cmake_prefix_path.dsv'
[0.406s] INFO:colcon.colcon_core.shell:Creating environment hook '/home/dung/ros_ws/install/my_robot_motion/share/my_robot_motion/hook/cmake_prefix_path.sh'
[0.407s] Level 1:colcon.colcon_core.environment:checking '/home/dung/ros_ws/install/my_robot_motion/lib'
[0.407s] Level 1:colcon.colcon_core.shell:create_environment_hook('my_robot_motion', 'ld_library_path_lib')
[0.407s] INFO:colcon.colcon_core.shell:Creating environment hook '/home/dung/ros_ws/install/my_robot_motion/share/my_robot_motion/hook/ld_library_path_lib.ps1'
[0.407s] INFO:colcon.colcon_core.shell:Creating environment descriptor '/home/dung/ros_ws/install/my_robot_motion/share/my_robot_motion/hook/ld_library_path_lib.dsv'
[0.408s] INFO:colcon.colcon_core.shell:Creating environment hook '/home/dung/ros_ws/install/my_robot_motion/share/my_robot_motion/hook/ld_library_path_lib.sh'
[0.408s] Level 1:colcon.colcon_core.environment:checking '/home/dung/ros_ws/install/my_robot_motion/bin'
[0.408s] Level 1:colcon.colcon_core.environment:checking '/home/dung/ros_ws/install/my_robot_motion/lib/pkgconfig/my_robot_motion.pc'
[0.408s] Level 1:colcon.colcon_core.environment:checking '/home/dung/ros_ws/install/my_robot_motion/lib/python3.10/site-packages'
[0.409s] Level 1:colcon.colcon_core.environment:checking '/home/dung/ros_ws/install/my_robot_motion/bin'
[0.409s] INFO:colcon.colcon_core.shell:Creating package script '/home/dung/ros_ws/install/my_robot_motion/share/my_robot_motion/package.ps1'
[0.409s] INFO:colcon.colcon_core.shell:Creating package descriptor '/home/dung/ros_ws/install/my_robot_motion/share/my_robot_motion/package.dsv'
[0.410s] INFO:colcon.colcon_core.shell:Creating package script '/home/dung/ros_ws/install/my_robot_motion/share/my_robot_motion/package.sh'
[0.410s] INFO:colcon.colcon_core.shell:Creating package script '/home/dung/ros_ws/install/my_robot_motion/share/my_robot_motion/package.bash'
[0.411s] INFO:colcon.colcon_core.shell:Creating package script '/home/dung/ros_ws/install/my_robot_motion/share/my_robot_motion/package.zsh'
[0.411s] Level 1:colcon.colcon_core.environment:create_file_with_runtime_dependencies(/home/dung/ros_ws/install/my_robot_motion/share/colcon-core/packages/my_robot_motion)
[0.414s] DEBUG:colcon.colcon_core.event_handler.log_command:Invoking command in '/home/dung/ros_ws/build/my_robot_bringup': CMAKE_PREFIX_PATH=/home/dung/ros_ws/install/my_robot_description:/home/dung/ros_ws/install/myrobot_controller:/home/dung/ros_ws/install/my_robot_utils:/home/dung/ros_ws/install/my_robot_planning:/home/dung/ros_ws/install/my_robot_navi:/home/dung/ros_ws/install/my_robot_msgs:/home/dung/ros_ws/install/my_robot_motion:/home/dung/ros_ws/install/my_robot_mapping:/home/dung/ros_ws/install/my_robot_localization:/home/dung/ros_ws/install/my_robot_firmware:/home/dung/ros_ws/install/my_robot_bringup:/home/dung/ros_ws/install/keyboard_teleop:/opt/ros/humble /usr/bin/cmake --build /home/dung/ros_ws/build/my_robot_bringup -- -j12 -l12
[0.448s] DEBUG:colcon.colcon_core.event_handler.log_command:Invoked command in '/home/dung/ros_ws/build/my_robot_bringup' returned '0': CMAKE_PREFIX_PATH=/home/dung/ros_ws/install/my_robot_description:/home/dung/ros_ws/install/myrobot_controller:/home/dung/ros_ws/install/my_robot_utils:/home/dung/ros_ws/install/my_robot_planning:/home/dung/ros_ws/install/my_robot_navi:/home/dung/ros_ws/install/my_robot_msgs:/home/dung/ros_ws/install/my_robot_motion:/home/dung/ros_ws/install/my_robot_mapping:/home/dung/ros_ws/install/my_robot_localization:/home/dung/ros_ws/install/my_robot_firmware:/home/dung/ros_ws/install/my_robot_bringup:/home/dung/ros_ws/install/keyboard_teleop:/opt/ros/humble /usr/bin/cmake --build /home/dung/ros_ws/build/my_robot_bringup -- -j12 -l12
[0.449s] DEBUG:colcon.colcon_core.event_handler.log_command:Invoking command in '/home/dung/ros_ws/build/my_robot_bringup': CMAKE_PREFIX_PATH=/home/dung/ros_ws/install/my_robot_description:/home/dung/ros_ws/install/myrobot_controller:/home/dung/ros_ws/install/my_robot_utils:/home/dung/ros_ws/install/my_robot_planning:/home/dung/ros_ws/install/my_robot_navi:/home/dung/ros_ws/install/my_robot_msgs:/home/dung/ros_ws/install/my_robot_motion:/home/dung/ros_ws/install/my_robot_mapping:/home/dung/ros_ws/install/my_robot_localization:/home/dung/ros_ws/install/my_robot_firmware:/home/dung/ros_ws/install/my_robot_bringup:/home/dung/ros_ws/install/keyboard_teleop:/opt/ros/humble /usr/bin/cmake --install /home/dung/ros_ws/build/my_robot_bringup
[0.467s] Level 1:colcon.colcon_core.environment:create_environment_scripts_only(my_robot_bringup)
[0.468s] Level 1:colcon.colcon_core.environment:checking '/home/dung/ros_ws/install/my_robot_bringup' for CMake module files
[0.468s] Level 1:colcon.colcon_core.environment:checking '/home/dung/ros_ws/install/my_robot_bringup' for CMake config files
[0.469s] DEBUG:colcon.colcon_core.event_handler.log_command:Invoked command in '/home/dung/ros_ws/build/my_robot_bringup' returned '0': CMAKE_PREFIX_PATH=/home/dung/ros_ws/install/my_robot_description:/home/dung/ros_ws/install/myrobot_controller:/home/dung/ros_ws/install/my_robot_utils:/home/dung/ros_ws/install/my_robot_planning:/home/dung/ros_ws/install/my_robot_navi:/home/dung/ros_ws/install/my_robot_msgs:/home/dung/ros_ws/install/my_robot_motion:/home/dung/ros_ws/install/my_robot_mapping:/home/dung/ros_ws/install/my_robot_localization:/home/dung/ros_ws/install/my_robot_firmware:/home/dung/ros_ws/install/my_robot_bringup:/home/dung/ros_ws/install/keyboard_teleop:/opt/ros/humble /usr/bin/cmake --install /home/dung/ros_ws/build/my_robot_bringup
[0.469s] Level 1:colcon.colcon_core.shell:create_environment_hook('my_robot_bringup', 'cmake_prefix_path')
[0.469s] INFO:colcon.colcon_core.shell:Creating environment hook '/home/dung/ros_ws/install/my_robot_bringup/share/my_robot_bringup/hook/cmake_prefix_path.ps1'
[0.470s] INFO:colcon.colcon_core.shell:Creating environment descriptor '/home/dung/ros_ws/install/my_robot_bringup/share/my_robot_bringup/hook/cmake_prefix_path.dsv'
[0.470s] INFO:colcon.colcon_core.shell:Creating environment hook '/home/dung/ros_ws/install/my_robot_bringup/share/my_robot_bringup/hook/cmake_prefix_path.sh'
[0.470s] Level 1:colcon.colcon_core.environment:checking '/home/dung/ros_ws/install/my_robot_bringup/bin'
[0.470s] Level 1:colcon.colcon_core.environment:checking '/home/dung/ros_ws/install/my_robot_bringup/lib/pkgconfig/my_robot_bringup.pc'
[0.471s] Level 1:colcon.colcon_core.environment:checking '/home/dung/ros_ws/install/my_robot_bringup/lib/python3.10/site-packages'
[0.471s] Level 1:colcon.colcon_core.environment:checking '/home/dung/ros_ws/install/my_robot_bringup/bin'
[0.471s] INFO:colcon.colcon_core.shell:Creating package script '/home/dung/ros_ws/install/my_robot_bringup/share/my_robot_bringup/package.ps1'
[0.472s] INFO:colcon.colcon_core.shell:Creating package descriptor '/home/dung/ros_ws/install/my_robot_bringup/share/my_robot_bringup/package.dsv'
[0.472s] INFO:colcon.colcon_core.shell:Creating package script '/home/dung/ros_ws/install/my_robot_bringup/share/my_robot_bringup/package.sh'
[0.472s] INFO:colcon.colcon_core.shell:Creating package script '/home/dung/ros_ws/install/my_robot_bringup/share/my_robot_bringup/package.bash'
[0.473s] INFO:colcon.colcon_core.shell:Creating package script '/home/dung/ros_ws/install/my_robot_bringup/share/my_robot_bringup/package.zsh'
[0.473s] Level 1:colcon.colcon_core.environment:create_file_with_runtime_dependencies(/home/dung/ros_ws/install/my_robot_bringup/share/colcon-core/packages/my_robot_bringup)
[0.474s] Level 1:colcon.colcon_core.environment:create_environment_scripts_only(my_robot_bringup)
[0.474s] Level 1:colcon.colcon_core.environment:checking '/home/dung/ros_ws/install/my_robot_bringup' for CMake module files
[0.474s] Level 1:colcon.colcon_core.environment:checking '/home/dung/ros_ws/install/my_robot_bringup' for CMake config files
[0.474s] Level 1:colcon.colcon_core.shell:create_environment_hook('my_robot_bringup', 'cmake_prefix_path')
[0.475s] INFO:colcon.colcon_core.shell:Creating environment hook '/home/dung/ros_ws/install/my_robot_bringup/share/my_robot_bringup/hook/cmake_prefix_path.ps1'
[0.475s] INFO:colcon.colcon_core.shell:Creating environment descriptor '/home/dung/ros_ws/install/my_robot_bringup/share/my_robot_bringup/hook/cmake_prefix_path.dsv'
[0.475s] INFO:colcon.colcon_core.shell:Creating environment hook '/home/dung/ros_ws/install/my_robot_bringup/share/my_robot_bringup/hook/cmake_prefix_path.sh'
[0.476s] Level 1:colcon.colcon_core.environment:checking '/home/dung/ros_ws/install/my_robot_bringup/bin'
[0.476s] Level 1:colcon.colcon_core.environment:checking '/home/dung/ros_ws/install/my_robot_bringup/lib/pkgconfig/my_robot_bringup.pc'
[0.476s] Level 1:colcon.colcon_core.environment:checking '/home/dung/ros_ws/install/my_robot_bringup/lib/python3.10/site-packages'
[0.476s] Level 1:colcon.colcon_core.environment:checking '/home/dung/ros_ws/install/my_robot_bringup/bin'
[0.477s] INFO:colcon.colcon_core.shell:Creating package script '/home/dung/ros_ws/install/my_robot_bringup/share/my_robot_bringup/package.ps1'
[0.477s] INFO:colcon.colcon_core.shell:Creating package descriptor '/home/dung/ros_ws/install/my_robot_bringup/share/my_robot_bringup/package.dsv'
[0.477s] INFO:colcon.colcon_core.shell:Creating package script '/home/dung/ros_ws/install/my_robot_bringup/share/my_robot_bringup/package.sh'
[0.478s] INFO:colcon.colcon_core.shell:Creating package script '/home/dung/ros_ws/install/my_robot_bringup/share/my_robot_bringup/package.bash'
[0.478s] INFO:colcon.colcon_core.shell:Creating package script '/home/dung/ros_ws/install/my_robot_bringup/share/my_robot_bringup/package.zsh'
[0.478s] Level 1:colcon.colcon_core.environment:create_file_with_runtime_dependencies(/home/dung/ros_ws/install/my_robot_bringup/share/colcon-core/packages/my_robot_bringup)
[0.561s] DEBUG:colcon.colcon_core.event_handler.log_command:Invoked command in '/home/dung/ros_ws/build/my_robot_navi' returned '0': CMAKE_PREFIX_PATH=${CMAKE_PREFIX_PATH}:/home/dung/ros_ws/install/keyboard_teleop:/opt/ros/humble /usr/bin/cmake --build /home/dung/ros_ws/build/my_robot_navi -- -j12 -l12
[0.563s] DEBUG:colcon.colcon_core.event_handler.log_command:Invoking command in '/home/dung/ros_ws/build/my_robot_navi': CMAKE_PREFIX_PATH=${CMAKE_PREFIX_PATH}:/home/dung/ros_ws/install/keyboard_teleop:/opt/ros/humble /usr/bin/cmake --install /home/dung/ros_ws/build/my_robot_navi
[0.567s] DEBUG:colcon.colcon_core.event_handler.log_command:Invoked command in '/home/dung/ros_ws/build/myrobot_controller' returned '0': CMAKE_PREFIX_PATH=${CMAKE_PREFIX_PATH}:/home/dung/ros_ws/install/keyboard_teleop:/opt/ros/humble /usr/bin/cmake --build /home/dung/ros_ws/build/myrobot_controller -- -j12 -l12
[0.569s] DEBUG:colcon.colcon_core.event_handler.log_command:Invoking command in '/home/dung/ros_ws/build/myrobot_controller': CMAKE_PREFIX_PATH=${CMAKE_PREFIX_PATH}:/home/dung/ros_ws/install/keyboard_teleop:/opt/ros/humble /usr/bin/cmake --install /home/dung/ros_ws/build/myrobot_controller
[0.577s] DEBUG:colcon.colcon_core.event_handler.log_command:Invoked command in '/home/dung/ros_ws/build/my_robot_localization' returned '0': CMAKE_PREFIX_PATH=${CMAKE_PREFIX_PATH}:/home/dung/ros_ws/install/keyboard_teleop:/opt/ros/humble /usr/bin/cmake --build /home/dung/ros_ws/build/my_robot_localization -- -j12 -l12
[0.581s] DEBUG:colcon.colcon_core.event_handler.log_command:Invoking command in '/home/dung/ros_ws/build/my_robot_localization': CMAKE_PREFIX_PATH=${CMAKE_PREFIX_PATH}:/home/dung/ros_ws/install/keyboard_teleop:/opt/ros/humble /usr/bin/cmake --install /home/dung/ros_ws/build/my_robot_localization
[0.582s] DEBUG:colcon.colcon_core.event_handler.log_command:Invoked command in '/home/dung/ros_ws/build/my_robot_firmware' returned '0': CMAKE_PREFIX_PATH=${CMAKE_PREFIX_PATH}:/home/dung/ros_ws/install/keyboard_teleop:/opt/ros/humble /usr/bin/cmake --build /home/dung/ros_ws/build/my_robot_firmware -- -j12 -l12
[0.584s] DEBUG:colcon.colcon_core.event_handler.log_command:Invoking command in '/home/dung/ros_ws/build/my_robot_firmware': CMAKE_PREFIX_PATH=${CMAKE_PREFIX_PATH}:/home/dung/ros_ws/install/keyboard_teleop:/opt/ros/humble /usr/bin/cmake --install /home/dung/ros_ws/build/my_robot_firmware
[0.587s] DEBUG:colcon.colcon_core.event_handler.log_command:Invoked command in '/home/dung/ros_ws/build/my_robot_utils' returned '0': CMAKE_PREFIX_PATH=${CMAKE_PREFIX_PATH}:/home/dung/ros_ws/install/keyboard_teleop:/opt/ros/humble /usr/bin/cmake --build /home/dung/ros_ws/build/my_robot_utils -- -j12 -l12
[0.590s] DEBUG:colcon.colcon_core.event_handler.log_command:Invoking command in '/home/dung/ros_ws/build/my_robot_utils': CMAKE_PREFIX_PATH=${CMAKE_PREFIX_PATH}:/home/dung/ros_ws/install/keyboard_teleop:/opt/ros/humble /usr/bin/cmake --install /home/dung/ros_ws/build/my_robot_utils
[0.617s] Level 1:colcon.colcon_core.environment:create_environment_scripts_only(my_robot_navi)
[0.617s] Level 1:colcon.colcon_core.environment:checking '/home/dung/ros_ws/install/my_robot_navi' for CMake module files
[0.618s] DEBUG:colcon.colcon_core.event_handler.log_command:Invoked command in '/home/dung/ros_ws/build/my_robot_navi' returned '0': CMAKE_PREFIX_PATH=${CMAKE_PREFIX_PATH}:/home/dung/ros_ws/install/keyboard_teleop:/opt/ros/humble /usr/bin/cmake --install /home/dung/ros_ws/build/my_robot_navi
[0.618s] Level 1:colcon.colcon_core.environment:checking '/home/dung/ros_ws/install/my_robot_navi' for CMake config files
[0.618s] Level 1:colcon.colcon_core.shell:create_environment_hook('my_robot_navi', 'cmake_prefix_path')
[0.619s] INFO:colcon.colcon_core.shell:Creating environment hook '/home/dung/ros_ws/install/my_robot_navi/share/my_robot_navi/hook/cmake_prefix_path.ps1'
[0.619s] INFO:colcon.colcon_core.shell:Creating environment descriptor '/home/dung/ros_ws/install/my_robot_navi/share/my_robot_navi/hook/cmake_prefix_path.dsv'
[0.619s] INFO:colcon.colcon_core.shell:Creating environment hook '/home/dung/ros_ws/install/my_robot_navi/share/my_robot_navi/hook/cmake_prefix_path.sh'
[0.620s] Level 1:colcon.colcon_core.environment:checking '/home/dung/ros_ws/install/my_robot_navi/lib'
[0.620s] Level 1:colcon.colcon_core.environment:checking '/home/dung/ros_ws/install/my_robot_navi/bin'
[0.620s] Level 1:colcon.colcon_core.environment:checking '/home/dung/ros_ws/install/my_robot_navi/lib/pkgconfig/my_robot_navi.pc'
[0.620s] Level 1:colcon.colcon_core.environment:checking '/home/dung/ros_ws/install/my_robot_navi/lib/python3.10/site-packages'
[0.621s] Level 1:colcon.colcon_core.environment:checking '/home/dung/ros_ws/install/my_robot_navi/bin'
[0.621s] INFO:colcon.colcon_core.shell:Creating package script '/home/dung/ros_ws/install/my_robot_navi/share/my_robot_navi/package.ps1'
[0.621s] INFO:colcon.colcon_core.shell:Creating package descriptor '/home/dung/ros_ws/install/my_robot_navi/share/my_robot_navi/package.dsv'
[0.622s] INFO:colcon.colcon_core.shell:Creating package script '/home/dung/ros_ws/install/my_robot_navi/share/my_robot_navi/package.sh'
[0.622s] INFO:colcon.colcon_core.shell:Creating package script '/home/dung/ros_ws/install/my_robot_navi/share/my_robot_navi/package.bash'
[0.622s] INFO:colcon.colcon_core.shell:Creating package script '/home/dung/ros_ws/install/my_robot_navi/share/my_robot_navi/package.zsh'
[0.623s] Level 1:colcon.colcon_core.environment:create_file_with_runtime_dependencies(/home/dung/ros_ws/install/my_robot_navi/share/colcon-core/packages/my_robot_navi)
[0.623s] Level 1:colcon.colcon_core.environment:create_environment_scripts_only(my_robot_navi)
[0.623s] Level 1:colcon.colcon_core.environment:checking '/home/dung/ros_ws/install/my_robot_navi' for CMake module files
[0.624s] Level 1:colcon.colcon_core.environment:checking '/home/dung/ros_ws/install/my_robot_navi' for CMake config files
[0.624s] Level 1:colcon.colcon_core.shell:create_environment_hook('my_robot_navi', 'cmake_prefix_path')
[0.624s] INFO:colcon.colcon_core.shell:Creating environment hook '/home/dung/ros_ws/install/my_robot_navi/share/my_robot_navi/hook/cmake_prefix_path.ps1'
[0.625s] INFO:colcon.colcon_core.shell:Creating environment descriptor '/home/dung/ros_ws/install/my_robot_navi/share/my_robot_navi/hook/cmake_prefix_path.dsv'
[0.625s] INFO:colcon.colcon_core.shell:Creating environment hook '/home/dung/ros_ws/install/my_robot_navi/share/my_robot_navi/hook/cmake_prefix_path.sh'
[0.625s] Level 1:colcon.colcon_core.environment:checking '/home/dung/ros_ws/install/my_robot_navi/lib'
[0.625s] Level 1:colcon.colcon_core.environment:checking '/home/dung/ros_ws/install/my_robot_navi/bin'
[0.625s] Level 1:colcon.colcon_core.environment:checking '/home/dung/ros_ws/install/my_robot_navi/lib/pkgconfig/my_robot_navi.pc'
[0.626s] Level 1:colcon.colcon_core.environment:checking '/home/dung/ros_ws/install/my_robot_navi/lib/python3.10/site-packages'
[0.626s] Level 1:colcon.colcon_core.environment:checking '/home/dung/ros_ws/install/my_robot_navi/bin'
[0.626s] INFO:colcon.colcon_core.shell:Creating package script '/home/dung/ros_ws/install/my_robot_navi/share/my_robot_navi/package.ps1'
[0.627s] INFO:colcon.colcon_core.shell:Creating package descriptor '/home/dung/ros_ws/install/my_robot_navi/share/my_robot_navi/package.dsv'
[0.627s] INFO:colcon.colcon_core.shell:Creating package script '/home/dung/ros_ws/install/my_robot_navi/share/my_robot_navi/package.sh'
[0.628s] INFO:colcon.colcon_core.shell:Creating package script '/home/dung/ros_ws/install/my_robot_navi/share/my_robot_navi/package.bash'
[0.628s] INFO:colcon.colcon_core.shell:Creating package script '/home/dung/ros_ws/install/my_robot_navi/share/my_robot_navi/package.zsh'
[0.628s] Level 1:colcon.colcon_core.environment:create_file_with_runtime_dependencies(/home/dung/ros_ws/install/my_robot_navi/share/colcon-core/packages/my_robot_navi)
[0.629s] Level 1:colcon.colcon_core.environment:create_environment_scripts_only(myrobot_controller)
[0.629s] Level 1:colcon.colcon_core.environment:checking '/home/dung/ros_ws/install/myrobot_controller' for CMake module files
[0.630s] DEBUG:colcon.colcon_core.event_handler.log_command:Invoked command in '/home/dung/ros_ws/build/myrobot_controller' returned '0': CMAKE_PREFIX_PATH=${CMAKE_PREFIX_PATH}:/home/dung/ros_ws/install/keyboard_teleop:/opt/ros/humble /usr/bin/cmake --install /home/dung/ros_ws/build/myrobot_controller
[0.630s] Level 1:colcon.colcon_core.environment:checking '/home/dung/ros_ws/install/myrobot_controller' for CMake config files
[0.630s] Level 1:colcon.colcon_core.shell:create_environment_hook('myrobot_controller', 'cmake_prefix_path')
[0.630s] INFO:colcon.colcon_core.shell:Creating environment hook '/home/dung/ros_ws/install/myrobot_controller/share/myrobot_controller/hook/cmake_prefix_path.ps1'
[0.630s] INFO:colcon.colcon_core.shell:Creating environment descriptor '/home/dung/ros_ws/install/myrobot_controller/share/myrobot_controller/hook/cmake_prefix_path.dsv'
[0.631s] INFO:colcon.colcon_core.shell:Creating environment hook '/home/dung/ros_ws/install/myrobot_controller/share/myrobot_controller/hook/cmake_prefix_path.sh'
[0.631s] Level 1:colcon.colcon_core.environment:checking '/home/dung/ros_ws/install/myrobot_controller/lib'
[0.631s] Level 1:colcon.colcon_core.environment:checking '/home/dung/ros_ws/install/myrobot_controller/bin'
[0.631s] Level 1:colcon.colcon_core.environment:checking '/home/dung/ros_ws/install/myrobot_controller/lib/pkgconfig/myrobot_controller.pc'
[0.631s] Level 1:colcon.colcon_core.environment:checking '/home/dung/ros_ws/install/myrobot_controller/lib/python3.10/site-packages'
[0.632s] Level 1:colcon.colcon_core.environment:checking '/home/dung/ros_ws/install/myrobot_controller/bin'
[0.632s] INFO:colcon.colcon_core.shell:Creating package script '/home/dung/ros_ws/install/myrobot_controller/share/myrobot_controller/package.ps1'
[0.632s] INFO:colcon.colcon_core.shell:Creating package descriptor '/home/dung/ros_ws/install/myrobot_controller/share/myrobot_controller/package.dsv'
[0.633s] INFO:colcon.colcon_core.shell:Creating package script '/home/dung/ros_ws/install/myrobot_controller/share/myrobot_controller/package.sh'
[0.633s] INFO:colcon.colcon_core.shell:Creating package script '/home/dung/ros_ws/install/myrobot_controller/share/myrobot_controller/package.bash'
[0.633s] INFO:colcon.colcon_core.shell:Creating package script '/home/dung/ros_ws/install/myrobot_controller/share/myrobot_controller/package.zsh'
[0.633s] Level 1:colcon.colcon_core.environment:create_file_with_runtime_dependencies(/home/dung/ros_ws/install/myrobot_controller/share/colcon-core/packages/myrobot_controller)
[0.634s] Level 1:colcon.colcon_core.environment:create_environment_scripts_only(myrobot_controller)
[0.634s] Level 1:colcon.colcon_core.environment:checking '/home/dung/ros_ws/install/myrobot_controller' for CMake module files
[0.634s] Level 1:colcon.colcon_core.environment:checking '/home/dung/ros_ws/install/myrobot_controller' for CMake config files
[0.634s] Level 1:colcon.colcon_core.shell:create_environment_hook('myrobot_controller', 'cmake_prefix_path')
[0.634s] INFO:colcon.colcon_core.shell:Creating environment hook '/home/dung/ros_ws/install/myrobot_controller/share/myrobot_controller/hook/cmake_prefix_path.ps1'
[0.635s] INFO:colcon.colcon_core.shell:Creating environment descriptor '/home/dung/ros_ws/install/myrobot_controller/share/myrobot_controller/hook/cmake_prefix_path.dsv'
[0.635s] INFO:colcon.colcon_core.shell:Creating environment hook '/home/dung/ros_ws/install/myrobot_controller/share/myrobot_controller/hook/cmake_prefix_path.sh'
[0.636s] Level 1:colcon.colcon_core.environment:checking '/home/dung/ros_ws/install/myrobot_controller/lib'
[0.636s] Level 1:colcon.colcon_core.environment:checking '/home/dung/ros_ws/install/myrobot_controller/bin'
[0.636s] Level 1:colcon.colcon_core.environment:checking '/home/dung/ros_ws/install/myrobot_controller/lib/pkgconfig/myrobot_controller.pc'
[0.636s] Level 1:colcon.colcon_core.environment:checking '/home/dung/ros_ws/install/myrobot_controller/lib/python3.10/site-packages'
[0.636s] Level 1:colcon.colcon_core.environment:checking '/home/dung/ros_ws/install/myrobot_controller/bin'
[0.636s] INFO:colcon.colcon_core.shell:Creating package script '/home/dung/ros_ws/install/myrobot_controller/share/myrobot_controller/package.ps1'
[0.637s] INFO:colcon.colcon_core.shell:Creating package descriptor '/home/dung/ros_ws/install/myrobot_controller/share/myrobot_controller/package.dsv'
[0.637s] INFO:colcon.colcon_core.shell:Creating package script '/home/dung/ros_ws/install/myrobot_controller/share/myrobot_controller/package.sh'
[0.637s] INFO:colcon.colcon_core.shell:Creating package script '/home/dung/ros_ws/install/myrobot_controller/share/myrobot_controller/package.bash'
[0.638s] INFO:colcon.colcon_core.shell:Creating package script '/home/dung/ros_ws/install/myrobot_controller/share/myrobot_controller/package.zsh'
[0.638s] Level 1:colcon.colcon_core.environment:create_file_with_runtime_dependencies(/home/dung/ros_ws/install/myrobot_controller/share/colcon-core/packages/myrobot_controller)
[0.639s] Level 1:colcon.colcon_core.environment:create_environment_scripts_only(my_robot_firmware)
[0.639s] Level 1:colcon.colcon_core.environment:checking '/home/dung/ros_ws/install/my_robot_firmware' for CMake module files
[0.639s] DEBUG:colcon.colcon_core.event_handler.log_command:Invoked command in '/home/dung/ros_ws/build/my_robot_firmware' returned '0': CMAKE_PREFIX_PATH=${CMAKE_PREFIX_PATH}:/home/dung/ros_ws/install/keyboard_teleop:/opt/ros/humble /usr/bin/cmake --install /home/dung/ros_ws/build/my_robot_firmware
[0.639s] Level 1:colcon.colcon_core.environment:checking '/home/dung/ros_ws/install/my_robot_firmware' for CMake config files
[0.640s] Level 1:colcon.colcon_core.shell:create_environment_hook('my_robot_firmware', 'cmake_prefix_path')
[0.640s] INFO:colcon.colcon_core.shell:Creating environment hook '/home/dung/ros_ws/install/my_robot_firmware/share/my_robot_firmware/hook/cmake_prefix_path.ps1'
[0.640s] INFO:colcon.colcon_core.shell:Creating environment descriptor '/home/dung/ros_ws/install/my_robot_firmware/share/my_robot_firmware/hook/cmake_prefix_path.dsv'
[0.641s] INFO:colcon.colcon_core.shell:Creating environment hook '/home/dung/ros_ws/install/my_robot_firmware/share/my_robot_firmware/hook/cmake_prefix_path.sh'
[0.641s] Level 1:colcon.colcon_core.environment:checking '/home/dung/ros_ws/install/my_robot_firmware/lib'
[0.641s] Level 1:colcon.colcon_core.environment:checking '/home/dung/ros_ws/install/my_robot_firmware/bin'
[0.641s] Level 1:colcon.colcon_core.environment:checking '/home/dung/ros_ws/install/my_robot_firmware/lib/pkgconfig/my_robot_firmware.pc'
[0.642s] Level 1:colcon.colcon_core.environment:checking '/home/dung/ros_ws/install/my_robot_firmware/lib/python3.10/site-packages'
[0.642s] Level 1:colcon.colcon_core.environment:checking '/home/dung/ros_ws/install/my_robot_firmware/bin'
[0.642s] INFO:colcon.colcon_core.shell:Creating package script '/home/dung/ros_ws/install/my_robot_firmware/share/my_robot_firmware/package.ps1'
[0.643s] INFO:colcon.colcon_core.shell:Creating package descriptor '/home/dung/ros_ws/install/my_robot_firmware/share/my_robot_firmware/package.dsv'
[0.643s] INFO:colcon.colcon_core.shell:Creating package script '/home/dung/ros_ws/install/my_robot_firmware/share/my_robot_firmware/package.sh'
[0.643s] INFO:colcon.colcon_core.shell:Creating package script '/home/dung/ros_ws/install/my_robot_firmware/share/my_robot_firmware/package.bash'
[0.643s] INFO:colcon.colcon_core.shell:Creating package script '/home/dung/ros_ws/install/my_robot_firmware/share/my_robot_firmware/package.zsh'
[0.644s] Level 1:colcon.colcon_core.environment:create_file_with_runtime_dependencies(/home/dung/ros_ws/install/my_robot_firmware/share/colcon-core/packages/my_robot_firmware)
[0.644s] Level 1:colcon.colcon_core.environment:create_environment_scripts_only(my_robot_firmware)
[0.644s] Level 1:colcon.colcon_core.environment:checking '/home/dung/ros_ws/install/my_robot_firmware' for CMake module files
[0.645s] Level 1:colcon.colcon_core.environment:checking '/home/dung/ros_ws/install/my_robot_firmware' for CMake config files
[0.645s] Level 1:colcon.colcon_core.shell:create_environment_hook('my_robot_firmware', 'cmake_prefix_path')
[0.645s] INFO:colcon.colcon_core.shell:Creating environment hook '/home/dung/ros_ws/install/my_robot_firmware/share/my_robot_firmware/hook/cmake_prefix_path.ps1'
[0.645s] INFO:colcon.colcon_core.shell:Creating environment descriptor '/home/dung/ros_ws/install/my_robot_firmware/share/my_robot_firmware/hook/cmake_prefix_path.dsv'
[0.646s] INFO:colcon.colcon_core.shell:Creating environment hook '/home/dung/ros_ws/install/my_robot_firmware/share/my_robot_firmware/hook/cmake_prefix_path.sh'
[0.646s] Level 1:colcon.colcon_core.environment:checking '/home/dung/ros_ws/install/my_robot_firmware/lib'
[0.646s] Level 1:colcon.colcon_core.environment:checking '/home/dung/ros_ws/install/my_robot_firmware/bin'
[0.646s] Level 1:colcon.colcon_core.environment:checking '/home/dung/ros_ws/install/my_robot_firmware/lib/pkgconfig/my_robot_firmware.pc'
[0.646s] Level 1:colcon.colcon_core.environment:checking '/home/dung/ros_ws/install/my_robot_firmware/lib/python3.10/site-packages'
[0.647s] Level 1:colcon.colcon_core.environment:checking '/home/dung/ros_ws/install/my_robot_firmware/bin'
[0.647s] INFO:colcon.colcon_core.shell:Creating package script '/home/dung/ros_ws/install/my_robot_firmware/share/my_robot_firmware/package.ps1'
[0.647s] INFO:colcon.colcon_core.shell:Creating package descriptor '/home/dung/ros_ws/install/my_robot_firmware/share/my_robot_firmware/package.dsv'
[0.648s] INFO:colcon.colcon_core.shell:Creating package script '/home/dung/ros_ws/install/my_robot_firmware/share/my_robot_firmware/package.sh'
[0.648s] INFO:colcon.colcon_core.shell:Creating package script '/home/dung/ros_ws/install/my_robot_firmware/share/my_robot_firmware/package.bash'
[0.649s] INFO:colcon.colcon_core.shell:Creating package script '/home/dung/ros_ws/install/my_robot_firmware/share/my_robot_firmware/package.zsh'
[0.649s] Level 1:colcon.colcon_core.environment:create_file_with_runtime_dependencies(/home/dung/ros_ws/install/my_robot_firmware/share/colcon-core/packages/my_robot_firmware)
[0.649s] Level 1:colcon.colcon_core.environment:create_environment_scripts_only(my_robot_utils)
[0.649s] Level 1:colcon.colcon_core.environment:checking '/home/dung/ros_ws/install/my_robot_utils' for CMake module files
[0.650s] DEBUG:colcon.colcon_core.event_handler.log_command:Invoked command in '/home/dung/ros_ws/build/my_robot_utils' returned '0': CMAKE_PREFIX_PATH=${CMAKE_PREFIX_PATH}:/home/dung/ros_ws/install/keyboard_teleop:/opt/ros/humble /usr/bin/cmake --install /home/dung/ros_ws/build/my_robot_utils
[0.650s] Level 1:colcon.colcon_core.environment:checking '/home/dung/ros_ws/install/my_robot_utils' for CMake config files
[0.650s] Level 1:colcon.colcon_core.shell:create_environment_hook('my_robot_utils', 'cmake_prefix_path')
[0.650s] INFO:colcon.colcon_core.shell:Creating environment hook '/home/dung/ros_ws/install/my_robot_utils/share/my_robot_utils/hook/cmake_prefix_path.ps1'
[0.651s] INFO:colcon.colcon_core.shell:Creating environment descriptor '/home/dung/ros_ws/install/my_robot_utils/share/my_robot_utils/hook/cmake_prefix_path.dsv'
[0.651s] INFO:colcon.colcon_core.shell:Creating environment hook '/home/dung/ros_ws/install/my_robot_utils/share/my_robot_utils/hook/cmake_prefix_path.sh'
[0.651s] Level 1:colcon.colcon_core.environment:checking '/home/dung/ros_ws/install/my_robot_utils/lib'
[0.652s] Level 1:colcon.colcon_core.environment:checking '/home/dung/ros_ws/install/my_robot_utils/bin'
[0.652s] Level 1:colcon.colcon_core.environment:checking '/home/dung/ros_ws/install/my_robot_utils/lib/pkgconfig/my_robot_utils.pc'
[0.652s] Level 1:colcon.colcon_core.environment:checking '/home/dung/ros_ws/install/my_robot_utils/lib/python3.10/site-packages'
[0.652s] Level 1:colcon.colcon_core.environment:checking '/home/dung/ros_ws/install/my_robot_utils/bin'
[0.652s] INFO:colcon.colcon_core.shell:Creating package script '/home/dung/ros_ws/install/my_robot_utils/share/my_robot_utils/package.ps1'
[0.653s] INFO:colcon.colcon_core.shell:Creating package descriptor '/home/dung/ros_ws/install/my_robot_utils/share/my_robot_utils/package.dsv'
[0.653s] INFO:colcon.colcon_core.shell:Creating package script '/home/dung/ros_ws/install/my_robot_utils/share/my_robot_utils/package.sh'
[0.653s] INFO:colcon.colcon_core.shell:Creating package script '/home/dung/ros_ws/install/my_robot_utils/share/my_robot_utils/package.bash'
[0.654s] INFO:colcon.colcon_core.shell:Creating package script '/home/dung/ros_ws/install/my_robot_utils/share/my_robot_utils/package.zsh'
[0.654s] Level 1:colcon.colcon_core.environment:create_file_with_runtime_dependencies(/home/dung/ros_ws/install/my_robot_utils/share/colcon-core/packages/my_robot_utils)
[0.654s] Level 1:colcon.colcon_core.environment:create_environment_scripts_only(my_robot_utils)
[0.655s] Level 1:colcon.colcon_core.environment:checking '/home/dung/ros_ws/install/my_robot_utils' for CMake module files
[0.655s] Level 1:colcon.colcon_core.environment:checking '/home/dung/ros_ws/install/my_robot_utils' for CMake config files
[0.655s] Level 1:colcon.colcon_core.shell:create_environment_hook('my_robot_utils', 'cmake_prefix_path')
[0.656s] INFO:colcon.colcon_core.shell:Creating environment hook '/home/dung/ros_ws/install/my_robot_utils/share/my_robot_utils/hook/cmake_prefix_path.ps1'
[0.656s] INFO:colcon.colcon_core.shell:Creating environment descriptor '/home/dung/ros_ws/install/my_robot_utils/share/my_robot_utils/hook/cmake_prefix_path.dsv'
[0.656s] INFO:colcon.colcon_core.shell:Creating environment hook '/home/dung/ros_ws/install/my_robot_utils/share/my_robot_utils/hook/cmake_prefix_path.sh'
[0.657s] Level 1:colcon.colcon_core.environment:checking '/home/dung/ros_ws/install/my_robot_utils/lib'
[0.657s] Level 1:colcon.colcon_core.environment:checking '/home/dung/ros_ws/install/my_robot_utils/bin'
[0.657s] Level 1:colcon.colcon_core.environment:checking '/home/dung/ros_ws/install/my_robot_utils/lib/pkgconfig/my_robot_utils.pc'
[0.657s] Level 1:colcon.colcon_core.environment:checking '/home/dung/ros_ws/install/my_robot_utils/lib/python3.10/site-packages'
[0.657s] Level 1:colcon.colcon_core.environment:checking '/home/dung/ros_ws/install/my_robot_utils/bin'
[0.657s] INFO:colcon.colcon_core.shell:Creating package script '/home/dung/ros_ws/install/my_robot_utils/share/my_robot_utils/package.ps1'
[0.658s] INFO:colcon.colcon_core.shell:Creating package descriptor '/home/dung/ros_ws/install/my_robot_utils/share/my_robot_utils/package.dsv'
[0.658s] INFO:colcon.colcon_core.shell:Creating package script '/home/dung/ros_ws/install/my_robot_utils/share/my_robot_utils/package.sh'
[0.659s] INFO:colcon.colcon_core.shell:Creating package script '/home/dung/ros_ws/install/my_robot_utils/share/my_robot_utils/package.bash'
[0.659s] INFO:colcon.colcon_core.shell:Creating package script '/home/dung/ros_ws/install/my_robot_utils/share/my_robot_utils/package.zsh'
[0.659s] Level 1:colcon.colcon_core.environment:create_file_with_runtime_dependencies(/home/dung/ros_ws/install/my_robot_utils/share/colcon-core/packages/my_robot_utils)
[0.660s] Level 1:colcon.colcon_core.environment:create_environment_scripts_only(my_robot_localization)
[0.660s] Level 1:colcon.colcon_core.environment:checking '/home/dung/ros_ws/install/my_robot_localization' for CMake module files
[0.661s] DEBUG:colcon.colcon_core.event_handler.log_command:Invoked command in '/home/dung/ros_ws/build/my_robot_localization' returned '0': CMAKE_PREFIX_PATH=${CMAKE_PREFIX_PATH}:/home/dung/ros_ws/install/keyboard_teleop:/opt/ros/humble /usr/bin/cmake --install /home/dung/ros_ws/build/my_robot_localization
[0.661s] Level 1:colcon.colcon_core.environment:checking '/home/dung/ros_ws/install/my_robot_localization' for CMake config files
[0.661s] Level 1:colcon.colcon_core.shell:create_environment_hook('my_robot_localization', 'cmake_prefix_path')
[0.661s] INFO:colcon.colcon_core.shell:Creating environment hook '/home/dung/ros_ws/install/my_robot_localization/share/my_robot_localization/hook/cmake_prefix_path.ps1'
[0.662s] INFO:colcon.colcon_core.shell:Creating environment descriptor '/home/dung/ros_ws/install/my_robot_localization/share/my_robot_localization/hook/cmake_prefix_path.dsv'
[0.662s] INFO:colcon.colcon_core.shell:Creating environment hook '/home/dung/ros_ws/install/my_robot_localization/share/my_robot_localization/hook/cmake_prefix_path.sh'
[0.662s] Level 1:colcon.colcon_core.environment:checking '/home/dung/ros_ws/install/my_robot_localization/lib'
[0.662s] Level 1:colcon.colcon_core.environment:checking '/home/dung/ros_ws/install/my_robot_localization/bin'
[0.662s] Level 1:colcon.colcon_core.environment:checking '/home/dung/ros_ws/install/my_robot_localization/lib/pkgconfig/my_robot_localization.pc'
[0.663s] Level 1:colcon.colcon_core.environment:checking '/home/dung/ros_ws/install/my_robot_localization/lib/python3.10/site-packages'
[0.663s] Level 1:colcon.colcon_core.environment:checking '/home/dung/ros_ws/install/my_robot_localization/bin'
[0.663s] INFO:colcon.colcon_core.shell:Creating package script '/home/dung/ros_ws/install/my_robot_localization/share/my_robot_localization/package.ps1'
[0.663s] INFO:colcon.colcon_core.shell:Creating package descriptor '/home/dung/ros_ws/install/my_robot_localization/share/my_robot_localization/package.dsv'
[0.664s] INFO:colcon.colcon_core.shell:Creating package script '/home/dung/ros_ws/install/my_robot_localization/share/my_robot_localization/package.sh'
[0.664s] INFO:colcon.colcon_core.shell:Creating package script '/home/dung/ros_ws/install/my_robot_localization/share/my_robot_localization/package.bash'
[0.664s] INFO:colcon.colcon_core.shell:Creating package script '/home/dung/ros_ws/install/my_robot_localization/share/my_robot_localization/package.zsh'
[0.664s] Level 1:colcon.colcon_core.environment:create_file_with_runtime_dependencies(/home/dung/ros_ws/install/my_robot_localization/share/colcon-core/packages/my_robot_localization)
[0.664s] Level 1:colcon.colcon_core.environment:create_environment_scripts_only(my_robot_localization)
[0.665s] Level 1:colcon.colcon_core.environment:checking '/home/dung/ros_ws/install/my_robot_localization' for CMake module files
[0.665s] Level 1:colcon.colcon_core.environment:checking '/home/dung/ros_ws/install/my_robot_localization' for CMake config files
[0.666s] Level 1:colcon.colcon_core.shell:create_environment_hook('my_robot_localization', 'cmake_prefix_path')
[0.666s] INFO:colcon.colcon_core.shell:Creating environment hook '/home/dung/ros_ws/install/my_robot_localization/share/my_robot_localization/hook/cmake_prefix_path.ps1'
[0.666s] INFO:colcon.colcon_core.shell:Creating environment descriptor '/home/dung/ros_ws/install/my_robot_localization/share/my_robot_localization/hook/cmake_prefix_path.dsv'
[0.666s] INFO:colcon.colcon_core.shell:Creating environment hook '/home/dung/ros_ws/install/my_robot_localization/share/my_robot_localization/hook/cmake_prefix_path.sh'
[0.667s] Level 1:colcon.colcon_core.environment:checking '/home/dung/ros_ws/install/my_robot_localization/lib'
[0.667s] Level 1:colcon.colcon_core.environment:checking '/home/dung/ros_ws/install/my_robot_localization/bin'
[0.667s] Level 1:colcon.colcon_core.environment:checking '/home/dung/ros_ws/install/my_robot_localization/lib/pkgconfig/my_robot_localization.pc'
[0.667s] Level 1:colcon.colcon_core.environment:checking '/home/dung/ros_ws/install/my_robot_localization/lib/python3.10/site-packages'
[0.667s] Level 1:colcon.colcon_core.environment:checking '/home/dung/ros_ws/install/my_robot_localization/bin'
[0.667s] INFO:colcon.colcon_core.shell:Creating package script '/home/dung/ros_ws/install/my_robot_localization/share/my_robot_localization/package.ps1'
[0.668s] INFO:colcon.colcon_core.shell:Creating package descriptor '/home/dung/ros_ws/install/my_robot_localization/share/my_robot_localization/package.dsv'
[0.669s] INFO:colcon.colcon_core.shell:Creating package script '/home/dung/ros_ws/install/my_robot_localization/share/my_robot_localization/package.sh'
[0.669s] INFO:colcon.colcon_core.shell:Creating package script '/home/dung/ros_ws/install/my_robot_localization/share/my_robot_localization/package.bash'
[0.669s] INFO:colcon.colcon_core.shell:Creating package script '/home/dung/ros_ws/install/my_robot_localization/share/my_robot_localization/package.zsh'
[0.669s] Level 1:colcon.colcon_core.environment:create_file_with_runtime_dependencies(/home/dung/ros_ws/install/my_robot_localization/share/colcon-core/packages/my_robot_localization)
[0.673s] DEBUG:colcon.colcon_core.event_handler.log_command:Invoked command in '/home/dung/ros_ws/build/my_robot_planning' returned '0': CMAKE_PREFIX_PATH=${CMAKE_PREFIX_PATH}:/home/dung/ros_ws/install/keyboard_teleop:/opt/ros/humble /usr/bin/cmake --build /home/dung/ros_ws/build/my_robot_planning -- -j12 -l12
[0.674s] DEBUG:colcon.colcon_core.event_handler.log_command:Invoking command in '/home/dung/ros_ws/build/my_robot_planning': CMAKE_PREFIX_PATH=${CMAKE_PREFIX_PATH}:/home/dung/ros_ws/install/keyboard_teleop:/opt/ros/humble /usr/bin/cmake --install /home/dung/ros_ws/build/my_robot_planning
[0.715s] Level 1:colcon.colcon_core.environment:create_environment_scripts_only(my_robot_planning)
[0.715s] Level 1:colcon.colcon_core.environment:checking '/home/dung/ros_ws/install/my_robot_planning' for CMake module files
[0.716s] DEBUG:colcon.colcon_core.event_handler.log_command:Invoked command in '/home/dung/ros_ws/build/my_robot_planning' returned '0': CMAKE_PREFIX_PATH=${CMAKE_PREFIX_PATH}:/home/dung/ros_ws/install/keyboard_teleop:/opt/ros/humble /usr/bin/cmake --install /home/dung/ros_ws/build/my_robot_planning
[0.716s] Level 1:colcon.colcon_core.environment:checking '/home/dung/ros_ws/install/my_robot_planning' for CMake config files
[0.716s] Level 1:colcon.colcon_core.shell:create_environment_hook('my_robot_planning', 'cmake_prefix_path')
[0.716s] INFO:colcon.colcon_core.shell:Creating environment hook '/home/dung/ros_ws/install/my_robot_planning/share/my_robot_planning/hook/cmake_prefix_path.ps1'
[0.717s] INFO:colcon.colcon_core.shell:Creating environment descriptor '/home/dung/ros_ws/install/my_robot_planning/share/my_robot_planning/hook/cmake_prefix_path.dsv'
[0.717s] INFO:colcon.colcon_core.shell:Creating environment hook '/home/dung/ros_ws/install/my_robot_planning/share/my_robot_planning/hook/cmake_prefix_path.sh'
[0.717s] Level 1:colcon.colcon_core.environment:checking '/home/dung/ros_ws/install/my_robot_planning/lib'
[0.717s] Level 1:colcon.colcon_core.shell:create_environment_hook('my_robot_planning', 'ld_library_path_lib')
[0.718s] INFO:colcon.colcon_core.shell:Creating environment hook '/home/dung/ros_ws/install/my_robot_planning/share/my_robot_planning/hook/ld_library_path_lib.ps1'
[0.718s] INFO:colcon.colcon_core.shell:Creating environment descriptor '/home/dung/ros_ws/install/my_robot_planning/share/my_robot_planning/hook/ld_library_path_lib.dsv'
[0.718s] INFO:colcon.colcon_core.shell:Creating environment hook '/home/dung/ros_ws/install/my_robot_planning/share/my_robot_planning/hook/ld_library_path_lib.sh'
[0.718s] Level 1:colcon.colcon_core.environment:checking '/home/dung/ros_ws/install/my_robot_planning/bin'
[0.718s] Level 1:colcon.colcon_core.environment:checking '/home/dung/ros_ws/install/my_robot_planning/lib/pkgconfig/my_robot_planning.pc'
[0.718s] Level 1:colcon.colcon_core.environment:checking '/home/dung/ros_ws/install/my_robot_planning/lib/python3.10/site-packages'
[0.719s] Level 1:colcon.colcon_core.environment:checking '/home/dung/ros_ws/install/my_robot_planning/bin'
[0.719s] INFO:colcon.colcon_core.shell:Creating package script '/home/dung/ros_ws/install/my_robot_planning/share/my_robot_planning/package.ps1'
[0.719s] INFO:colcon.colcon_core.shell:Creating package descriptor '/home/dung/ros_ws/install/my_robot_planning/share/my_robot_planning/package.dsv'
[0.719s] INFO:colcon.colcon_core.shell:Creating package script '/home/dung/ros_ws/install/my_robot_planning/share/my_robot_planning/package.sh'
[0.720s] INFO:colcon.colcon_core.shell:Creating package script '/home/dung/ros_ws/install/my_robot_planning/share/my_robot_planning/package.bash'
[0.720s] INFO:colcon.colcon_core.shell:Creating package script '/home/dung/ros_ws/install/my_robot_planning/share/my_robot_planning/package.zsh'
[0.720s] Level 1:colcon.colcon_core.environment:create_file_with_runtime_dependencies(/home/dung/ros_ws/install/my_robot_planning/share/colcon-core/packages/my_robot_planning)
[0.720s] Level 1:colcon.colcon_core.environment:create_environment_scripts_only(my_robot_planning)
[0.720s] Level 1:colcon.colcon_core.environment:checking '/home/dung/ros_ws/install/my_robot_planning' for CMake module files
[0.721s] Level 1:colcon.colcon_core.environment:checking '/home/dung/ros_ws/install/my_robot_planning' for CMake config files
[0.721s] Level 1:colcon.colcon_core.shell:create_environment_hook('my_robot_planning', 'cmake_prefix_path')
[0.721s] INFO:colcon.colcon_core.shell:Creating environment hook '/home/dung/ros_ws/install/my_robot_planning/share/my_robot_planning/hook/cmake_prefix_path.ps1'
[0.721s] INFO:colcon.colcon_core.shell:Creating environment descriptor '/home/dung/ros_ws/install/my_robot_planning/share/my_robot_planning/hook/cmake_prefix_path.dsv'
[0.721s] INFO:colcon.colcon_core.shell:Creating environment hook '/home/dung/ros_ws/install/my_robot_planning/share/my_robot_planning/hook/cmake_prefix_path.sh'
[0.722s] Level 1:colcon.colcon_core.environment:checking '/home/dung/ros_ws/install/my_robot_planning/lib'
[0.722s] Level 1:colcon.colcon_core.shell:create_environment_hook('my_robot_planning', 'ld_library_path_lib')
[0.722s] INFO:colcon.colcon_core.shell:Creating environment hook '/home/dung/ros_ws/install/my_robot_planning/share/my_robot_planning/hook/ld_library_path_lib.ps1'
[0.722s] INFO:colcon.colcon_core.shell:Creating environment descriptor '/home/dung/ros_ws/install/my_robot_planning/share/my_robot_planning/hook/ld_library_path_lib.dsv'
[0.722s] INFO:colcon.colcon_core.shell:Creating environment hook '/home/dung/ros_ws/install/my_robot_planning/share/my_robot_planning/hook/ld_library_path_lib.sh'
[0.723s] Level 1:colcon.colcon_core.environment:checking '/home/dung/ros_ws/install/my_robot_planning/bin'
[0.723s] Level 1:colcon.colcon_core.environment:checking '/home/dung/ros_ws/install/my_robot_planning/lib/pkgconfig/my_robot_planning.pc'
[0.723s] Level 1:colcon.colcon_core.environment:checking '/home/dung/ros_ws/install/my_robot_planning/lib/python3.10/site-packages'
[0.723s] Level 1:colcon.colcon_core.environment:checking '/home/dung/ros_ws/install/my_robot_planning/bin'
[0.723s] INFO:colcon.colcon_core.shell:Creating package script '/home/dung/ros_ws/install/my_robot_planning/share/my_robot_planning/package.ps1'
[0.724s] INFO:colcon.colcon_core.shell:Creating package descriptor '/home/dung/ros_ws/install/my_robot_planning/share/my_robot_planning/package.dsv'
[0.724s] INFO:colcon.colcon_core.shell:Creating package script '/home/dung/ros_ws/install/my_robot_planning/share/my_robot_planning/package.sh'
[0.724s] INFO:colcon.colcon_core.shell:Creating package script '/home/dung/ros_ws/install/my_robot_planning/share/my_robot_planning/package.bash'
[0.725s] INFO:colcon.colcon_core.shell:Creating package script '/home/dung/ros_ws/install/my_robot_planning/share/my_robot_planning/package.zsh'
[0.725s] Level 1:colcon.colcon_core.environment:create_file_with_runtime_dependencies(/home/dung/ros_ws/install/my_robot_planning/share/colcon-core/packages/my_robot_planning)
[0.794s] DEBUG:colcon.colcon_core.event_handler.log_command:Invoked command in '/home/dung/ros_ws/build/my_robot_msgs' returned '0': CMAKE_PREFIX_PATH=${CMAKE_PREFIX_PATH}:/home/dung/ros_ws/install/keyboard_teleop:/opt/ros/humble /usr/bin/cmake --build /home/dung/ros_ws/build/my_robot_msgs -- -j12 -l12
[0.795s] DEBUG:colcon.colcon_core.event_handler.log_command:Invoking command in '/home/dung/ros_ws/build/my_robot_msgs': CMAKE_PREFIX_PATH=${CMAKE_PREFIX_PATH}:/home/dung/ros_ws/install/keyboard_teleop:/opt/ros/humble /usr/bin/cmake --install /home/dung/ros_ws/build/my_robot_msgs
[0.856s] Level 1:colcon.colcon_core.environment:create_environment_scripts_only(my_robot_msgs)
[0.856s] Level 1:colcon.colcon_core.environment:checking '/home/dung/ros_ws/install/my_robot_msgs' for CMake module files
[0.857s] DEBUG:colcon.colcon_core.event_handler.log_command:Invoked command in '/home/dung/ros_ws/build/my_robot_msgs' returned '0': CMAKE_PREFIX_PATH=${CMAKE_PREFIX_PATH}:/home/dung/ros_ws/install/keyboard_teleop:/opt/ros/humble /usr/bin/cmake --install /home/dung/ros_ws/build/my_robot_msgs
[0.857s] Level 1:colcon.colcon_core.environment:checking '/home/dung/ros_ws/install/my_robot_msgs' for CMake config files
[0.857s] Level 1:colcon.colcon_core.shell:create_environment_hook('my_robot_msgs', 'cmake_prefix_path')
[0.858s] INFO:colcon.colcon_core.shell:Creating environment hook '/home/dung/ros_ws/install/my_robot_msgs/share/my_robot_msgs/hook/cmake_prefix_path.ps1'
[0.858s] INFO:colcon.colcon_core.shell:Creating environment descriptor '/home/dung/ros_ws/install/my_robot_msgs/share/my_robot_msgs/hook/cmake_prefix_path.dsv'
[0.858s] INFO:colcon.colcon_core.shell:Creating environment hook '/home/dung/ros_ws/install/my_robot_msgs/share/my_robot_msgs/hook/cmake_prefix_path.sh'
[0.859s] Level 1:colcon.colcon_core.environment:checking '/home/dung/ros_ws/install/my_robot_msgs/lib'
[0.859s] Level 1:colcon.colcon_core.shell:create_environment_hook('my_robot_msgs', 'ld_library_path_lib')
[0.859s] INFO:colcon.colcon_core.shell:Creating environment hook '/home/dung/ros_ws/install/my_robot_msgs/share/my_robot_msgs/hook/ld_library_path_lib.ps1'
[0.859s] INFO:colcon.colcon_core.shell:Creating environment descriptor '/home/dung/ros_ws/install/my_robot_msgs/share/my_robot_msgs/hook/ld_library_path_lib.dsv'
[0.860s] INFO:colcon.colcon_core.shell:Creating environment hook '/home/dung/ros_ws/install/my_robot_msgs/share/my_robot_msgs/hook/ld_library_path_lib.sh'
[0.860s] Level 1:colcon.colcon_core.environment:checking '/home/dung/ros_ws/install/my_robot_msgs/bin'
[0.860s] Level 1:colcon.colcon_core.environment:checking '/home/dung/ros_ws/install/my_robot_msgs/lib/pkgconfig/my_robot_msgs.pc'
[0.860s] Level 1:colcon.colcon_core.environment:checking '/home/dung/ros_ws/install/my_robot_msgs/lib/python3.10/site-packages'
[0.860s] Level 1:colcon.colcon_core.environment:checking '/home/dung/ros_ws/install/my_robot_msgs/bin'
[0.861s] INFO:colcon.colcon_core.shell:Creating package script '/home/dung/ros_ws/install/my_robot_msgs/share/my_robot_msgs/package.ps1'
[0.861s] INFO:colcon.colcon_core.shell:Creating package descriptor '/home/dung/ros_ws/install/my_robot_msgs/share/my_robot_msgs/package.dsv'
[0.861s] INFO:colcon.colcon_core.shell:Creating package script '/home/dung/ros_ws/install/my_robot_msgs/share/my_robot_msgs/package.sh'
[0.862s] INFO:colcon.colcon_core.shell:Creating package script '/home/dung/ros_ws/install/my_robot_msgs/share/my_robot_msgs/package.bash'
[0.862s] INFO:colcon.colcon_core.shell:Creating package script '/home/dung/ros_ws/install/my_robot_msgs/share/my_robot_msgs/package.zsh'
[0.862s] Level 1:colcon.colcon_core.environment:create_file_with_runtime_dependencies(/home/dung/ros_ws/install/my_robot_msgs/share/colcon-core/packages/my_robot_msgs)
[0.863s] Level 1:colcon.colcon_core.environment:create_environment_scripts_only(my_robot_msgs)
[0.863s] Level 1:colcon.colcon_core.environment:checking '/home/dung/ros_ws/install/my_robot_msgs' for CMake module files
[0.863s] Level 1:colcon.colcon_core.environment:checking '/home/dung/ros_ws/install/my_robot_msgs' for CMake config files
[0.864s] Level 1:colcon.colcon_core.shell:create_environment_hook('my_robot_msgs', 'cmake_prefix_path')
[0.864s] INFO:colcon.colcon_core.shell:Creating environment hook '/home/dung/ros_ws/install/my_robot_msgs/share/my_robot_msgs/hook/cmake_prefix_path.ps1'
[0.864s] INFO:colcon.colcon_core.shell:Creating environment descriptor '/home/dung/ros_ws/install/my_robot_msgs/share/my_robot_msgs/hook/cmake_prefix_path.dsv'
[0.864s] INFO:colcon.colcon_core.shell:Creating environment hook '/home/dung/ros_ws/install/my_robot_msgs/share/my_robot_msgs/hook/cmake_prefix_path.sh'
[0.865s] Level 1:colcon.colcon_core.environment:checking '/home/dung/ros_ws/install/my_robot_msgs/lib'
[0.865s] Level 1:colcon.colcon_core.shell:create_environment_hook('my_robot_msgs', 'ld_library_path_lib')
[0.865s] INFO:colcon.colcon_core.shell:Creating environment hook '/home/dung/ros_ws/install/my_robot_msgs/share/my_robot_msgs/hook/ld_library_path_lib.ps1'
[0.865s] INFO:colcon.colcon_core.shell:Creating environment descriptor '/home/dung/ros_ws/install/my_robot_msgs/share/my_robot_msgs/hook/ld_library_path_lib.dsv'
[0.865s] INFO:colcon.colcon_core.shell:Creating environment hook '/home/dung/ros_ws/install/my_robot_msgs/share/my_robot_msgs/hook/ld_library_path_lib.sh'
[0.866s] Level 1:colcon.colcon_core.environment:checking '/home/dung/ros_ws/install/my_robot_msgs/bin'
[0.866s] Level 1:colcon.colcon_core.environment:checking '/home/dung/ros_ws/install/my_robot_msgs/lib/pkgconfig/my_robot_msgs.pc'
[0.866s] Level 1:colcon.colcon_core.environment:checking '/home/dung/ros_ws/install/my_robot_msgs/lib/python3.10/site-packages'
[0.866s] Level 1:colcon.colcon_core.environment:checking '/home/dung/ros_ws/install/my_robot_msgs/bin'
[0.866s] INFO:colcon.colcon_core.shell:Creating package script '/home/dung/ros_ws/install/my_robot_msgs/share/my_robot_msgs/package.ps1'
[0.867s] INFO:colcon.colcon_core.shell:Creating package descriptor '/home/dung/ros_ws/install/my_robot_msgs/share/my_robot_msgs/package.dsv'
[0.867s] INFO:colcon.colcon_core.shell:Creating package script '/home/dung/ros_ws/install/my_robot_msgs/share/my_robot_msgs/package.sh'
[0.867s] INFO:colcon.colcon_core.shell:Creating package script '/home/dung/ros_ws/install/my_robot_msgs/share/my_robot_msgs/package.bash'
[0.867s] INFO:colcon.colcon_core.shell:Creating package script '/home/dung/ros_ws/install/my_robot_msgs/share/my_robot_msgs/package.zsh'
[0.868s] Level 1:colcon.colcon_core.environment:create_file_with_runtime_dependencies(/home/dung/ros_ws/install/my_robot_msgs/share/colcon-core/packages/my_robot_msgs)
[0.868s] INFO:colcon.colcon_ros.task.ament_python.build:Building ROS package in '/home/dung/ros_ws/src/keyboard_teleop' with build type 'ament_python'
[0.868s] Level 1:colcon.colcon_core.shell:create_environment_hook('keyboard_teleop', 'ament_prefix_path')
[0.868s] INFO:colcon.colcon_core.shell:Creating environment hook '/home/dung/ros_ws/install/keyboard_teleop/share/keyboard_teleop/hook/ament_prefix_path.ps1'
[0.868s] INFO:colcon.colcon_core.shell:Creating environment descriptor '/home/dung/ros_ws/install/keyboard_teleop/share/keyboard_teleop/hook/ament_prefix_path.dsv'
[0.869s] INFO:colcon.colcon_core.shell:Creating environment hook '/home/dung/ros_ws/install/keyboard_teleop/share/keyboard_teleop/hook/ament_prefix_path.sh'
[0.869s] INFO:colcon.colcon_core.shell:Skip shell extension 'powershell' for command environment: Not usable outside of PowerShell
[0.869s] DEBUG:colcon.colcon_core.shell:Skip shell extension 'dsv' for command environment
[1.038s] INFO:colcon.colcon_core.task.python.build:Building Python package in '/home/dung/ros_ws/src/keyboard_teleop'
[1.038s] INFO:colcon.colcon_core.shell:Skip shell extension 'powershell' for command environment: Not usable outside of PowerShell
[1.038s] DEBUG:colcon.colcon_core.shell:Skip shell extension 'dsv' for command environment
[1.271s] DEBUG:colcon.colcon_core.event_handler.log_command:Invoking command in '/home/dung/ros_ws/src/keyboard_teleop': CMAKE_PREFIX_PATH=/home/dung/ros_ws/install/my_robot_msgs:/home/dung/ros_ws/install/myrobot_controller:/home/dung/ros_ws/install/my_robot_utils:/home/dung/ros_ws/install/my_robot_planning:/home/dung/ros_ws/install/my_robot_navi:/home/dung/ros_ws/install/my_robot_motion:/home/dung/ros_ws/install/my_robot_mapping:/home/dung/ros_ws/install/my_robot_localization:/home/dung/ros_ws/install/my_robot_firmware:/home/dung/ros_ws/install/my_robot_bringup:/home/dung/ros_ws/install/my_robot_description LD_LIBRARY_PATH=/home/dung/ros_ws/install/my_robot_msgs/lib:/home/dung/ros_ws/install/my_robot_planning/lib:/home/dung/ros_ws/install/my_robot_motion/lib:/opt/ros/humble/opt/rviz_ogre_vendor/lib:/opt/ros/humble/lib/x86_64-linux-gnu:/opt/ros/humble/lib PYTHONPATH=/home/dung/ros_ws/build/keyboard_teleop/prefix_override:/usr/lib/python3/dist-packages/colcon_core/task/python/colcon_distutils_commands:/home/dung/ros_ws/install/keyboard_teleop/lib/python3.10/site-packages:${PYTHONPATH} /usr/bin/python3 -W ignore:setup.py install is deprecated -W ignore:easy_install command is deprecated setup.py egg_info --egg-base ../../build/keyboard_teleop build --build-base /home/dung/ros_ws/build/keyboard_teleop/build install --record /home/dung/ros_ws/build/keyboard_teleop/install.log --single-version-externally-managed install_data
[1.437s] Level 1:colcon.colcon_core.environment:checking '/home/dung/ros_ws/install/keyboard_teleop' for CMake module files
[1.438s] DEBUG:colcon.colcon_core.event_handler.log_command:Invoked command in '/home/dung/ros_ws/src/keyboard_teleop' returned '0': CMAKE_PREFIX_PATH=/home/dung/ros_ws/install/my_robot_msgs:/home/dung/ros_ws/install/myrobot_controller:/home/dung/ros_ws/install/my_robot_utils:/home/dung/ros_ws/install/my_robot_planning:/home/dung/ros_ws/install/my_robot_navi:/home/dung/ros_ws/install/my_robot_motion:/home/dung/ros_ws/install/my_robot_mapping:/home/dung/ros_ws/install/my_robot_localization:/home/dung/ros_ws/install/my_robot_firmware:/home/dung/ros_ws/install/my_robot_bringup:/home/dung/ros_ws/install/my_robot_description LD_LIBRARY_PATH=/home/dung/ros_ws/install/my_robot_msgs/lib:/home/dung/ros_ws/install/my_robot_planning/lib:/home/dung/ros_ws/install/my_robot_motion/lib:/opt/ros/humble/opt/rviz_ogre_vendor/lib:/opt/ros/humble/lib/x86_64-linux-gnu:/opt/ros/humble/lib PYTHONPATH=/home/dung/ros_ws/build/keyboard_teleop/prefix_override:/usr/lib/python3/dist-packages/colcon_core/task/python/colcon_distutils_commands:/home/dung/ros_ws/install/keyboard_teleop/lib/python3.10/site-packages:${PYTHONPATH} /usr/bin/python3 -W ignore:setup.py install is deprecated -W ignore:easy_install command is deprecated setup.py egg_info --egg-base ../../build/keyboard_teleop build --build-base /home/dung/ros_ws/build/keyboard_teleop/build install --record /home/dung/ros_ws/build/keyboard_teleop/install.log --single-version-externally-managed install_data
[1.438s] Level 1:colcon.colcon_core.environment:checking '/home/dung/ros_ws/install/keyboard_teleop' for CMake config files
[1.438s] Level 1:colcon.colcon_core.environment:checking '/home/dung/ros_ws/install/keyboard_teleop/lib'
[1.438s] Level 1:colcon.colcon_core.environment:checking '/home/dung/ros_ws/install/keyboard_teleop/bin'
[1.438s] Level 1:colcon.colcon_core.environment:checking '/home/dung/ros_ws/install/keyboard_teleop/lib/pkgconfig/keyboard_teleop.pc'
[1.438s] Level 1:colcon.colcon_core.environment:checking '/home/dung/ros_ws/install/keyboard_teleop/lib/python3.10/site-packages'
[1.439s] Level 1:colcon.colcon_core.shell:create_environment_hook('keyboard_teleop', 'pythonpath')
[1.439s] INFO:colcon.colcon_core.shell:Creating environment hook '/home/dung/ros_ws/install/keyboard_teleop/share/keyboard_teleop/hook/pythonpath.ps1'
[1.439s] INFO:colcon.colcon_core.shell:Creating environment descriptor '/home/dung/ros_ws/install/keyboard_teleop/share/keyboard_teleop/hook/pythonpath.dsv'
[1.439s] INFO:colcon.colcon_core.shell:Creating environment hook '/home/dung/ros_ws/install/keyboard_teleop/share/keyboard_teleop/hook/pythonpath.sh'
[1.440s] Level 1:colcon.colcon_core.environment:checking '/home/dung/ros_ws/install/keyboard_teleop/bin'
[1.440s] Level 1:colcon.colcon_core.environment:create_environment_scripts_only(keyboard_teleop)
[1.440s] INFO:colcon.colcon_core.shell:Creating package script '/home/dung/ros_ws/install/keyboard_teleop/share/keyboard_teleop/package.ps1'
[1.440s] INFO:colcon.colcon_core.shell:Creating package descriptor '/home/dung/ros_ws/install/keyboard_teleop/share/keyboard_teleop/package.dsv'
[1.440s] INFO:colcon.colcon_core.shell:Creating package script '/home/dung/ros_ws/install/keyboard_teleop/share/keyboard_teleop/package.sh'
[1.441s] INFO:colcon.colcon_core.shell:Creating package script '/home/dung/ros_ws/install/keyboard_teleop/share/keyboard_teleop/package.bash'
[1.441s] INFO:colcon.colcon_core.shell:Creating package script '/home/dung/ros_ws/install/keyboard_teleop/share/keyboard_teleop/package.zsh'
[1.441s] Level 1:colcon.colcon_core.environment:create_file_with_runtime_dependencies(/home/dung/ros_ws/install/keyboard_teleop/share/colcon-core/packages/keyboard_teleop)
[1.441s] DEBUG:colcon.colcon_parallel_executor.executor.parallel:closing loop
[1.441s] DEBUG:colcon.colcon_parallel_executor.executor.parallel:loop closed
[1.441s] DEBUG:colcon.colcon_parallel_executor.executor.parallel:run_until_complete finished with '0'
[1.441s] DEBUG:colcon.colcon_core.event_reactor:joining thread
[1.445s] INFO:colcon.colcon_core.plugin_system:Skipping extension 'colcon_notification.desktop_notification.terminal_notifier': Not used on non-Darwin systems
[1.445s] INFO:colcon.colcon_core.plugin_system:Skipping extension 'colcon_notification.desktop_notification.win32': Not used on non-Windows systems
[1.445s] INFO:colcon.colcon_notification.desktop_notification:Sending desktop notification using 'notify2'
[1.451s] DEBUG:colcon.colcon_core.event_reactor:joined thread
[1.451s] INFO:colcon.colcon_core.shell:Creating prefix script '/home/dung/ros_ws/install/local_setup.ps1'
[1.452s] INFO:colcon.colcon_core.shell:Creating prefix util module '/home/dung/ros_ws/install/_local_setup_util_ps1.py'
[1.453s] INFO:colcon.colcon_core.shell:Creating prefix chain script '/home/dung/ros_ws/install/setup.ps1'
[1.453s] INFO:colcon.colcon_core.shell:Creating prefix script '/home/dung/ros_ws/install/local_setup.sh'
[1.454s] INFO:colcon.colcon_core.shell:Creating prefix util module '/home/dung/ros_ws/install/_local_setup_util_sh.py'
[1.454s] INFO:colcon.colcon_core.shell:Creating prefix chain script '/home/dung/ros_ws/install/setup.sh'
[1.455s] INFO:colcon.colcon_core.shell:Creating prefix script '/home/dung/ros_ws/install/local_setup.bash'
[1.455s] INFO:colcon.colcon_core.shell:Creating prefix chain script '/home/dung/ros_ws/install/setup.bash'
[1.456s] INFO:colcon.colcon_core.shell:Creating prefix script '/home/dung/ros_ws/install/local_setup.zsh'
[1.456s] INFO:colcon.colcon_core.shell:Creating prefix chain script '/home/dung/ros_ws/install/setup.zsh'
