[0.088s] DEBUG:colcon:Command line arguments: ['/usr/bin/colcon', 'build']
[0.088s] DEBUG:colcon:Parsed command line arguments: Namespace(log_base=None, log_level=None, verb_name='build', build_base='build', install_base='install', merge_install=False, symlink_install=False, test_result_base=None, continue_on_error=False, executor='parallel', parallel_workers=6, event_handlers=None, ignore_user_meta=False, metas=['./colcon.meta'], base_paths=['.'], packages_ignore=None, packages_ignore_regex=None, paths=None, packages_up_to=None, packages_up_to_regex=None, packages_above=None, packages_above_and_dependencies=None, packages_above_depth=None, packages_select_by_dep=None, packages_skip_by_dep=None, packages_skip_up_to=None, packages_select_build_failed=False, packages_skip_build_finished=False, packages_select_test_failures=False, packages_skip_test_passed=False, packages_select=None, packages_skip=None, packages_select_regex=None, packages_skip_regex=None, packages_start=None, packages_end=None, allow_overriding=[], cmake_args=None, cmake_target=None, cmake_target_skip_unavailable=False, cmake_clean_cache=False, cmake_clean_first=False, cmake_force_configure=False, ament_cmake_args=None, catkin_cmake_args=None, catkin_skip_building_tests=False, verb_parser=<colcon_defaults.argument_parser.defaults.DefaultArgumentsDecorator object at 0x7d0a68361d50>, verb_extension=<colcon_core.verb.build.BuildVerb object at 0x7d0a684531c0>, main=<bound method BuildVerb.main of <colcon_core.verb.build.BuildVerb object at 0x7d0a684531c0>>)
[0.221s] Level 1:colcon.colcon_core.package_discovery:discover_packages(colcon_meta) check parameters
[0.221s] Level 1:colcon.colcon_core.package_discovery:discover_packages(recursive) check parameters
[0.221s] Level 1:colcon.colcon_core.package_discovery:discover_packages(ignore) check parameters
[0.221s] Level 1:colcon.colcon_core.package_discovery:discover_packages(path) check parameters
[0.221s] Level 1:colcon.colcon_core.package_discovery:discover_packages(colcon_meta) discover
[0.221s] Level 1:colcon.colcon_core.package_discovery:discover_packages(recursive) discover
[0.221s] INFO:colcon.colcon_core.package_discovery:Crawling recursively for packages in '/home/dung/ros_ws'
[0.221s] Level 1:colcon.colcon_core.package_identification:_identify(.) by extensions ['ignore', 'ignore_ament_install']
[0.221s] Level 1:colcon.colcon_core.package_identification:_identify(.) by extension 'ignore'
[0.221s] Level 1:colcon.colcon_core.package_identification:_identify(.) by extension 'ignore_ament_install'
[0.221s] Level 1:colcon.colcon_core.package_identification:_identify(.) by extensions ['colcon_pkg']
[0.221s] Level 1:colcon.colcon_core.package_identification:_identify(.) by extension 'colcon_pkg'
[0.221s] Level 1:colcon.colcon_core.package_identification:_identify(.) by extensions ['colcon_meta']
[0.221s] Level 1:colcon.colcon_core.package_identification:_identify(.) by extension 'colcon_meta'
[0.221s] Level 1:colcon.colcon_core.package_identification:_identify(.) by extensions ['ros']
[0.221s] Level 1:colcon.colcon_core.package_identification:_identify(.) by extension 'ros'
[0.232s] Level 1:colcon.colcon_core.package_identification:_identify(.) by extensions ['cmake', 'python']
[0.232s] Level 1:colcon.colcon_core.package_identification:_identify(.) by extension 'cmake'
[0.232s] Level 1:colcon.colcon_core.package_identification:_identify(.) by extension 'python'
[0.232s] Level 1:colcon.colcon_core.package_identification:_identify(.) by extensions ['python_setup_py']
[0.232s] Level 1:colcon.colcon_core.package_identification:_identify(.) by extension 'python_setup_py'
[0.232s] Level 1:colcon.colcon_core.package_identification:_identify(build) by extensions ['ignore', 'ignore_ament_install']
[0.232s] Level 1:colcon.colcon_core.package_identification:_identify(build) by extension 'ignore'
[0.232s] Level 1:colcon.colcon_core.package_identification:_identify(build) ignored
[0.232s] Level 1:colcon.colcon_core.package_identification:_identify(install) by extensions ['ignore', 'ignore_ament_install']
[0.232s] Level 1:colcon.colcon_core.package_identification:_identify(install) by extension 'ignore'
[0.232s] Level 1:colcon.colcon_core.package_identification:_identify(install) ignored
[0.232s] Level 1:colcon.colcon_core.package_identification:_identify(log) by extensions ['ignore', 'ignore_ament_install']
[0.232s] Level 1:colcon.colcon_core.package_identification:_identify(log) by extension 'ignore'
[0.232s] Level 1:colcon.colcon_core.package_identification:_identify(log) ignored
[0.233s] Level 1:colcon.colcon_core.package_identification:_identify(src) by extensions ['ignore', 'ignore_ament_install']
[0.233s] Level 1:colcon.colcon_core.package_identification:_identify(src) by extension 'ignore'
[0.233s] Level 1:colcon.colcon_core.package_identification:_identify(src) by extension 'ignore_ament_install'
[0.233s] Level 1:colcon.colcon_core.package_identification:_identify(src) by extensions ['colcon_pkg']
[0.233s] Level 1:colcon.colcon_core.package_identification:_identify(src) by extension 'colcon_pkg'
[0.233s] Level 1:colcon.colcon_core.package_identification:_identify(src) by extensions ['colcon_meta']
[0.233s] Level 1:colcon.colcon_core.package_identification:_identify(src) by extension 'colcon_meta'
[0.233s] Level 1:colcon.colcon_core.package_identification:_identify(src) by extensions ['ros']
[0.233s] Level 1:colcon.colcon_core.package_identification:_identify(src) by extension 'ros'
[0.233s] Level 1:colcon.colcon_core.package_identification:_identify(src) by extensions ['cmake', 'python']
[0.233s] Level 1:colcon.colcon_core.package_identification:_identify(src) by extension 'cmake'
[0.233s] Level 1:colcon.colcon_core.package_identification:_identify(src) by extension 'python'
[0.233s] Level 1:colcon.colcon_core.package_identification:_identify(src) by extensions ['python_setup_py']
[0.233s] Level 1:colcon.colcon_core.package_identification:_identify(src) by extension 'python_setup_py'
[0.233s] Level 1:colcon.colcon_core.package_identification:_identify(src/keyboard_teleop) by extensions ['ignore', 'ignore_ament_install']
[0.233s] Level 1:colcon.colcon_core.package_identification:_identify(src/keyboard_teleop) by extension 'ignore'
[0.233s] Level 1:colcon.colcon_core.package_identification:_identify(src/keyboard_teleop) by extension 'ignore_ament_install'
[0.233s] Level 1:colcon.colcon_core.package_identification:_identify(src/keyboard_teleop) by extensions ['colcon_pkg']
[0.233s] Level 1:colcon.colcon_core.package_identification:_identify(src/keyboard_teleop) by extension 'colcon_pkg'
[0.233s] Level 1:colcon.colcon_core.package_identification:_identify(src/keyboard_teleop) by extensions ['colcon_meta']
[0.233s] Level 1:colcon.colcon_core.package_identification:_identify(src/keyboard_teleop) by extension 'colcon_meta'
[0.233s] Level 1:colcon.colcon_core.package_identification:_identify(src/keyboard_teleop) by extensions ['ros']
[0.233s] Level 1:colcon.colcon_core.package_identification:_identify(src/keyboard_teleop) by extension 'ros'
[0.236s] DEBUG:colcon.colcon_core.package_identification:Package 'src/keyboard_teleop' with type 'ros.ament_python' and name 'keyboard_teleop'
[0.236s] Level 1:colcon.colcon_core.package_identification:_identify(src/my_robot_bringup) by extensions ['ignore', 'ignore_ament_install']
[0.236s] Level 1:colcon.colcon_core.package_identification:_identify(src/my_robot_bringup) by extension 'ignore'
[0.236s] Level 1:colcon.colcon_core.package_identification:_identify(src/my_robot_bringup) by extension 'ignore_ament_install'
[0.236s] Level 1:colcon.colcon_core.package_identification:_identify(src/my_robot_bringup) by extensions ['colcon_pkg']
[0.236s] Level 1:colcon.colcon_core.package_identification:_identify(src/my_robot_bringup) by extension 'colcon_pkg'
[0.236s] Level 1:colcon.colcon_core.package_identification:_identify(src/my_robot_bringup) by extensions ['colcon_meta']
[0.236s] Level 1:colcon.colcon_core.package_identification:_identify(src/my_robot_bringup) by extension 'colcon_meta'
[0.236s] Level 1:colcon.colcon_core.package_identification:_identify(src/my_robot_bringup) by extensions ['ros']
[0.236s] Level 1:colcon.colcon_core.package_identification:_identify(src/my_robot_bringup) by extension 'ros'
[0.237s] DEBUG:colcon.colcon_core.package_identification:Package 'src/my_robot_bringup' with type 'ros.ament_cmake' and name 'my_robot_bringup'
[0.237s] Level 1:colcon.colcon_core.package_identification:_identify(src/my_robot_description) by extensions ['ignore', 'ignore_ament_install']
[0.237s] Level 1:colcon.colcon_core.package_identification:_identify(src/my_robot_description) by extension 'ignore'
[0.237s] Level 1:colcon.colcon_core.package_identification:_identify(src/my_robot_description) by extension 'ignore_ament_install'
[0.237s] Level 1:colcon.colcon_core.package_identification:_identify(src/my_robot_description) by extensions ['colcon_pkg']
[0.237s] Level 1:colcon.colcon_core.package_identification:_identify(src/my_robot_description) by extension 'colcon_pkg'
[0.237s] Level 1:colcon.colcon_core.package_identification:_identify(src/my_robot_description) by extensions ['colcon_meta']
[0.237s] Level 1:colcon.colcon_core.package_identification:_identify(src/my_robot_description) by extension 'colcon_meta'
[0.237s] Level 1:colcon.colcon_core.package_identification:_identify(src/my_robot_description) by extensions ['ros']
[0.237s] Level 1:colcon.colcon_core.package_identification:_identify(src/my_robot_description) by extension 'ros'
[0.239s] DEBUG:colcon.colcon_core.package_identification:Package 'src/my_robot_description' with type 'ros.ament_cmake' and name 'my_robot_description'
[0.239s] Level 1:colcon.colcon_core.package_identification:_identify(src/my_robot_firmware) by extensions ['ignore', 'ignore_ament_install']
[0.239s] Level 1:colcon.colcon_core.package_identification:_identify(src/my_robot_firmware) by extension 'ignore'
[0.239s] Level 1:colcon.colcon_core.package_identification:_identify(src/my_robot_firmware) by extension 'ignore_ament_install'
[0.239s] Level 1:colcon.colcon_core.package_identification:_identify(src/my_robot_firmware) by extensions ['colcon_pkg']
[0.239s] Level 1:colcon.colcon_core.package_identification:_identify(src/my_robot_firmware) by extension 'colcon_pkg'
[0.239s] Level 1:colcon.colcon_core.package_identification:_identify(src/my_robot_firmware) by extensions ['colcon_meta']
[0.239s] Level 1:colcon.colcon_core.package_identification:_identify(src/my_robot_firmware) by extension 'colcon_meta'
[0.239s] Level 1:colcon.colcon_core.package_identification:_identify(src/my_robot_firmware) by extensions ['ros']
[0.239s] Level 1:colcon.colcon_core.package_identification:_identify(src/my_robot_firmware) by extension 'ros'
[0.240s] DEBUG:colcon.colcon_core.package_identification:Package 'src/my_robot_firmware' with type 'ros.ament_cmake' and name 'my_robot_firmware'
[0.240s] Level 1:colcon.colcon_core.package_identification:_identify(src/my_robot_localization) by extensions ['ignore', 'ignore_ament_install']
[0.240s] Level 1:colcon.colcon_core.package_identification:_identify(src/my_robot_localization) by extension 'ignore'
[0.240s] Level 1:colcon.colcon_core.package_identification:_identify(src/my_robot_localization) by extension 'ignore_ament_install'
[0.240s] Level 1:colcon.colcon_core.package_identification:_identify(src/my_robot_localization) by extensions ['colcon_pkg']
[0.240s] Level 1:colcon.colcon_core.package_identification:_identify(src/my_robot_localization) by extension 'colcon_pkg'
[0.240s] Level 1:colcon.colcon_core.package_identification:_identify(src/my_robot_localization) by extensions ['colcon_meta']
[0.240s] Level 1:colcon.colcon_core.package_identification:_identify(src/my_robot_localization) by extension 'colcon_meta'
[0.240s] Level 1:colcon.colcon_core.package_identification:_identify(src/my_robot_localization) by extensions ['ros']
[0.240s] Level 1:colcon.colcon_core.package_identification:_identify(src/my_robot_localization) by extension 'ros'
[0.241s] DEBUG:colcon.colcon_core.package_identification:Package 'src/my_robot_localization' with type 'ros.ament_cmake' and name 'my_robot_localization'
[0.241s] Level 1:colcon.colcon_core.package_identification:_identify(src/my_robot_mapping) by extensions ['ignore', 'ignore_ament_install']
[0.241s] Level 1:colcon.colcon_core.package_identification:_identify(src/my_robot_mapping) by extension 'ignore'
[0.241s] Level 1:colcon.colcon_core.package_identification:_identify(src/my_robot_mapping) by extension 'ignore_ament_install'
[0.241s] Level 1:colcon.colcon_core.package_identification:_identify(src/my_robot_mapping) by extensions ['colcon_pkg']
[0.241s] Level 1:colcon.colcon_core.package_identification:_identify(src/my_robot_mapping) by extension 'colcon_pkg'
[0.241s] Level 1:colcon.colcon_core.package_identification:_identify(src/my_robot_mapping) by extensions ['colcon_meta']
[0.241s] Level 1:colcon.colcon_core.package_identification:_identify(src/my_robot_mapping) by extension 'colcon_meta'
[0.241s] Level 1:colcon.colcon_core.package_identification:_identify(src/my_robot_mapping) by extensions ['ros']
[0.241s] Level 1:colcon.colcon_core.package_identification:_identify(src/my_robot_mapping) by extension 'ros'
[0.242s] DEBUG:colcon.colcon_core.package_identification:Package 'src/my_robot_mapping' with type 'ros.ament_cmake' and name 'my_robot_mapping'
[0.242s] Level 1:colcon.colcon_core.package_identification:_identify(src/my_robot_motion) by extensions ['ignore', 'ignore_ament_install']
[0.242s] Level 1:colcon.colcon_core.package_identification:_identify(src/my_robot_motion) by extension 'ignore'
[0.242s] Level 1:colcon.colcon_core.package_identification:_identify(src/my_robot_motion) by extension 'ignore_ament_install'
[0.242s] Level 1:colcon.colcon_core.package_identification:_identify(src/my_robot_motion) by extensions ['colcon_pkg']
[0.242s] Level 1:colcon.colcon_core.package_identification:_identify(src/my_robot_motion) by extension 'colcon_pkg'
[0.242s] Level 1:colcon.colcon_core.package_identification:_identify(src/my_robot_motion) by extensions ['colcon_meta']
[0.242s] Level 1:colcon.colcon_core.package_identification:_identify(src/my_robot_motion) by extension 'colcon_meta'
[0.242s] Level 1:colcon.colcon_core.package_identification:_identify(src/my_robot_motion) by extensions ['ros']
[0.242s] Level 1:colcon.colcon_core.package_identification:_identify(src/my_robot_motion) by extension 'ros'
[0.243s] DEBUG:colcon.colcon_core.package_identification:Package 'src/my_robot_motion' with type 'ros.ament_cmake' and name 'my_robot_motion'
[0.243s] Level 1:colcon.colcon_core.package_identification:_identify(src/my_robot_msgs) by extensions ['ignore', 'ignore_ament_install']
[0.243s] Level 1:colcon.colcon_core.package_identification:_identify(src/my_robot_msgs) by extension 'ignore'
[0.243s] Level 1:colcon.colcon_core.package_identification:_identify(src/my_robot_msgs) by extension 'ignore_ament_install'
[0.243s] Level 1:colcon.colcon_core.package_identification:_identify(src/my_robot_msgs) by extensions ['colcon_pkg']
[0.243s] Level 1:colcon.colcon_core.package_identification:_identify(src/my_robot_msgs) by extension 'colcon_pkg'
[0.243s] Level 1:colcon.colcon_core.package_identification:_identify(src/my_robot_msgs) by extensions ['colcon_meta']
[0.243s] Level 1:colcon.colcon_core.package_identification:_identify(src/my_robot_msgs) by extension 'colcon_meta'
[0.243s] Level 1:colcon.colcon_core.package_identification:_identify(src/my_robot_msgs) by extensions ['ros']
[0.243s] Level 1:colcon.colcon_core.package_identification:_identify(src/my_robot_msgs) by extension 'ros'
[0.243s] DEBUG:colcon.colcon_core.package_identification:Package 'src/my_robot_msgs' with type 'ros.ament_cmake' and name 'my_robot_msgs'
[0.243s] Level 1:colcon.colcon_core.package_identification:_identify(src/my_robot_navi) by extensions ['ignore', 'ignore_ament_install']
[0.244s] Level 1:colcon.colcon_core.package_identification:_identify(src/my_robot_navi) by extension 'ignore'
[0.244s] Level 1:colcon.colcon_core.package_identification:_identify(src/my_robot_navi) by extension 'ignore_ament_install'
[0.244s] Level 1:colcon.colcon_core.package_identification:_identify(src/my_robot_navi) by extensions ['colcon_pkg']
[0.244s] Level 1:colcon.colcon_core.package_identification:_identify(src/my_robot_navi) by extension 'colcon_pkg'
[0.244s] Level 1:colcon.colcon_core.package_identification:_identify(src/my_robot_navi) by extensions ['colcon_meta']
[0.244s] Level 1:colcon.colcon_core.package_identification:_identify(src/my_robot_navi) by extension 'colcon_meta'
[0.244s] Level 1:colcon.colcon_core.package_identification:_identify(src/my_robot_navi) by extensions ['ros']
[0.244s] Level 1:colcon.colcon_core.package_identification:_identify(src/my_robot_navi) by extension 'ros'
[0.244s] DEBUG:colcon.colcon_core.package_identification:Package 'src/my_robot_navi' with type 'ros.ament_cmake' and name 'my_robot_navi'
[0.244s] Level 1:colcon.colcon_core.package_identification:_identify(src/my_robot_planning) by extensions ['ignore', 'ignore_ament_install']
[0.244s] Level 1:colcon.colcon_core.package_identification:_identify(src/my_robot_planning) by extension 'ignore'
[0.244s] Level 1:colcon.colcon_core.package_identification:_identify(src/my_robot_planning) by extension 'ignore_ament_install'
[0.244s] Level 1:colcon.colcon_core.package_identification:_identify(src/my_robot_planning) by extensions ['colcon_pkg']
[0.244s] Level 1:colcon.colcon_core.package_identification:_identify(src/my_robot_planning) by extension 'colcon_pkg'
[0.244s] Level 1:colcon.colcon_core.package_identification:_identify(src/my_robot_planning) by extensions ['colcon_meta']
[0.244s] Level 1:colcon.colcon_core.package_identification:_identify(src/my_robot_planning) by extension 'colcon_meta'
[0.245s] Level 1:colcon.colcon_core.package_identification:_identify(src/my_robot_planning) by extensions ['ros']
[0.245s] Level 1:colcon.colcon_core.package_identification:_identify(src/my_robot_planning) by extension 'ros'
[0.245s] DEBUG:colcon.colcon_core.package_identification:Package 'src/my_robot_planning' with type 'ros.ament_cmake' and name 'my_robot_planning'
[0.245s] Level 1:colcon.colcon_core.package_identification:_identify(src/my_robot_utils) by extensions ['ignore', 'ignore_ament_install']
[0.245s] Level 1:colcon.colcon_core.package_identification:_identify(src/my_robot_utils) by extension 'ignore'
[0.245s] Level 1:colcon.colcon_core.package_identification:_identify(src/my_robot_utils) by extension 'ignore_ament_install'
[0.245s] Level 1:colcon.colcon_core.package_identification:_identify(src/my_robot_utils) by extensions ['colcon_pkg']
[0.246s] Level 1:colcon.colcon_core.package_identification:_identify(src/my_robot_utils) by extension 'colcon_pkg'
[0.246s] Level 1:colcon.colcon_core.package_identification:_identify(src/my_robot_utils) by extensions ['colcon_meta']
[0.246s] Level 1:colcon.colcon_core.package_identification:_identify(src/my_robot_utils) by extension 'colcon_meta'
[0.246s] Level 1:colcon.colcon_core.package_identification:_identify(src/my_robot_utils) by extensions ['ros']
[0.246s] Level 1:colcon.colcon_core.package_identification:_identify(src/my_robot_utils) by extension 'ros'
[0.246s] DEBUG:colcon.colcon_core.package_identification:Package 'src/my_robot_utils' with type 'ros.ament_cmake' and name 'my_robot_utils'
[0.246s] Level 1:colcon.colcon_core.package_identification:_identify(src/myrobot_controller) by extensions ['ignore', 'ignore_ament_install']
[0.246s] Level 1:colcon.colcon_core.package_identification:_identify(src/myrobot_controller) by extension 'ignore'
[0.246s] Level 1:colcon.colcon_core.package_identification:_identify(src/myrobot_controller) by extension 'ignore_ament_install'
[0.246s] Level 1:colcon.colcon_core.package_identification:_identify(src/myrobot_controller) by extensions ['colcon_pkg']
[0.246s] Level 1:colcon.colcon_core.package_identification:_identify(src/myrobot_controller) by extension 'colcon_pkg'
[0.246s] Level 1:colcon.colcon_core.package_identification:_identify(src/myrobot_controller) by extensions ['colcon_meta']
[0.246s] Level 1:colcon.colcon_core.package_identification:_identify(src/myrobot_controller) by extension 'colcon_meta'
[0.246s] Level 1:colcon.colcon_core.package_identification:_identify(src/myrobot_controller) by extensions ['ros']
[0.246s] Level 1:colcon.colcon_core.package_identification:_identify(src/myrobot_controller) by extension 'ros'
[0.247s] DEBUG:colcon.colcon_core.package_identification:Package 'src/myrobot_controller' with type 'ros.ament_cmake' and name 'myrobot_controller'
[0.247s] Level 1:colcon.colcon_core.package_discovery:discover_packages(recursive) using defaults
[0.247s] Level 1:colcon.colcon_core.package_discovery:discover_packages(ignore) discover
[0.247s] Level 1:colcon.colcon_core.package_discovery:discover_packages(ignore) using defaults
[0.247s] Level 1:colcon.colcon_core.package_discovery:discover_packages(path) discover
[0.247s] Level 1:colcon.colcon_core.package_discovery:discover_packages(path) using defaults
[0.283s] Level 1:colcon.colcon_core.package_discovery:discover_packages(prefix_path) check parameters
[0.283s] Level 1:colcon.colcon_core.package_discovery:discover_packages(prefix_path) discover
[0.285s] DEBUG:colcon.colcon_installed_package_information.package_discovery:Found 12 installed packages in /home/dung/ros_ws/install
[0.287s] DEBUG:colcon.colcon_installed_package_information.package_discovery:Found 414 installed packages in /opt/ros/humble
[0.288s] Level 1:colcon.colcon_core.package_discovery:discover_packages(prefix_path) using defaults
[0.321s] Level 5:colcon.colcon_core.verb:set package 'my_robot_description' build argument 'cmake_args' from command line to 'None'
[0.321s] Level 5:colcon.colcon_core.verb:set package 'my_robot_description' build argument 'cmake_target' from command line to 'None'
[0.321s] Level 5:colcon.colcon_core.verb:set package 'my_robot_description' build argument 'cmake_target_skip_unavailable' from command line to 'False'
[0.321s] Level 5:colcon.colcon_core.verb:set package 'my_robot_description' build argument 'cmake_clean_cache' from command line to 'False'
[0.321s] Level 5:colcon.colcon_core.verb:set package 'my_robot_description' build argument 'cmake_clean_first' from command line to 'False'
[0.321s] Level 5:colcon.colcon_core.verb:set package 'my_robot_description' build argument 'cmake_force_configure' from command line to 'False'
[0.321s] Level 5:colcon.colcon_core.verb:set package 'my_robot_description' build argument 'ament_cmake_args' from command line to 'None'
[0.321s] Level 5:colcon.colcon_core.verb:set package 'my_robot_description' build argument 'catkin_cmake_args' from command line to 'None'
[0.321s] Level 5:colcon.colcon_core.verb:set package 'my_robot_description' build argument 'catkin_skip_building_tests' from command line to 'False'
[0.321s] DEBUG:colcon.colcon_core.verb:Building package 'my_robot_description' with the following arguments: {'ament_cmake_args': None, 'build_base': '/home/dung/ros_ws/build/my_robot_description', 'catkin_cmake_args': None, 'catkin_skip_building_tests': False, 'cmake_args': None, 'cmake_clean_cache': False, 'cmake_clean_first': False, 'cmake_force_configure': False, 'cmake_target': None, 'cmake_target_skip_unavailable': False, 'install_base': '/home/dung/ros_ws/install/my_robot_description', 'merge_install': False, 'path': '/home/dung/ros_ws/src/my_robot_description', 'symlink_install': False, 'test_result_base': None}
[0.321s] Level 5:colcon.colcon_core.verb:set package 'my_robot_firmware' build argument 'cmake_args' from command line to 'None'
[0.321s] Level 5:colcon.colcon_core.verb:set package 'my_robot_firmware' build argument 'cmake_target' from command line to 'None'
[0.321s] Level 5:colcon.colcon_core.verb:set package 'my_robot_firmware' build argument 'cmake_target_skip_unavailable' from command line to 'False'
[0.321s] Level 5:colcon.colcon_core.verb:set package 'my_robot_firmware' build argument 'cmake_clean_cache' from command line to 'False'
[0.321s] Level 5:colcon.colcon_core.verb:set package 'my_robot_firmware' build argument 'cmake_clean_first' from command line to 'False'
[0.321s] Level 5:colcon.colcon_core.verb:set package 'my_robot_firmware' build argument 'cmake_force_configure' from command line to 'False'
[0.321s] Level 5:colcon.colcon_core.verb:set package 'my_robot_firmware' build argument 'ament_cmake_args' from command line to 'None'
[0.321s] Level 5:colcon.colcon_core.verb:set package 'my_robot_firmware' build argument 'catkin_cmake_args' from command line to 'None'
[0.321s] Level 5:colcon.colcon_core.verb:set package 'my_robot_firmware' build argument 'catkin_skip_building_tests' from command line to 'False'
[0.321s] DEBUG:colcon.colcon_core.verb:Building package 'my_robot_firmware' with the following arguments: {'ament_cmake_args': None, 'build_base': '/home/dung/ros_ws/build/my_robot_firmware', 'catkin_cmake_args': None, 'catkin_skip_building_tests': False, 'cmake_args': None, 'cmake_clean_cache': False, 'cmake_clean_first': False, 'cmake_force_configure': False, 'cmake_target': None, 'cmake_target_skip_unavailable': False, 'install_base': '/home/dung/ros_ws/install/my_robot_firmware', 'merge_install': False, 'path': '/home/dung/ros_ws/src/my_robot_firmware', 'symlink_install': False, 'test_result_base': None}
[0.322s] Level 5:colcon.colcon_core.verb:set package 'my_robot_localization' build argument 'cmake_args' from command line to 'None'
[0.322s] Level 5:colcon.colcon_core.verb:set package 'my_robot_localization' build argument 'cmake_target' from command line to 'None'
[0.322s] Level 5:colcon.colcon_core.verb:set package 'my_robot_localization' build argument 'cmake_target_skip_unavailable' from command line to 'False'
[0.322s] Level 5:colcon.colcon_core.verb:set package 'my_robot_localization' build argument 'cmake_clean_cache' from command line to 'False'
[0.322s] Level 5:colcon.colcon_core.verb:set package 'my_robot_localization' build argument 'cmake_clean_first' from command line to 'False'
[0.322s] Level 5:colcon.colcon_core.verb:set package 'my_robot_localization' build argument 'cmake_force_configure' from command line to 'False'
[0.322s] Level 5:colcon.colcon_core.verb:set package 'my_robot_localization' build argument 'ament_cmake_args' from command line to 'None'
[0.322s] Level 5:colcon.colcon_core.verb:set package 'my_robot_localization' build argument 'catkin_cmake_args' from command line to 'None'
[0.322s] Level 5:colcon.colcon_core.verb:set package 'my_robot_localization' build argument 'catkin_skip_building_tests' from command line to 'False'
[0.322s] DEBUG:colcon.colcon_core.verb:Building package 'my_robot_localization' with the following arguments: {'ament_cmake_args': None, 'build_base': '/home/dung/ros_ws/build/my_robot_localization', 'catkin_cmake_args': None, 'catkin_skip_building_tests': False, 'cmake_args': None, 'cmake_clean_cache': False, 'cmake_clean_first': False, 'cmake_force_configure': False, 'cmake_target': None, 'cmake_target_skip_unavailable': False, 'install_base': '/home/dung/ros_ws/install/my_robot_localization', 'merge_install': False, 'path': '/home/dung/ros_ws/src/my_robot_localization', 'symlink_install': False, 'test_result_base': None}
[0.322s] Level 5:colcon.colcon_core.verb:set package 'my_robot_mapping' build argument 'cmake_args' from command line to 'None'
[0.322s] Level 5:colcon.colcon_core.verb:set package 'my_robot_mapping' build argument 'cmake_target' from command line to 'None'
[0.322s] Level 5:colcon.colcon_core.verb:set package 'my_robot_mapping' build argument 'cmake_target_skip_unavailable' from command line to 'False'
[0.322s] Level 5:colcon.colcon_core.verb:set package 'my_robot_mapping' build argument 'cmake_clean_cache' from command line to 'False'
[0.322s] Level 5:colcon.colcon_core.verb:set package 'my_robot_mapping' build argument 'cmake_clean_first' from command line to 'False'
[0.322s] Level 5:colcon.colcon_core.verb:set package 'my_robot_mapping' build argument 'cmake_force_configure' from command line to 'False'
[0.322s] Level 5:colcon.colcon_core.verb:set package 'my_robot_mapping' build argument 'ament_cmake_args' from command line to 'None'
[0.322s] Level 5:colcon.colcon_core.verb:set package 'my_robot_mapping' build argument 'catkin_cmake_args' from command line to 'None'
[0.322s] Level 5:colcon.colcon_core.verb:set package 'my_robot_mapping' build argument 'catkin_skip_building_tests' from command line to 'False'
[0.322s] DEBUG:colcon.colcon_core.verb:Building package 'my_robot_mapping' with the following arguments: {'ament_cmake_args': None, 'build_base': '/home/dung/ros_ws/build/my_robot_mapping', 'catkin_cmake_args': None, 'catkin_skip_building_tests': False, 'cmake_args': None, 'cmake_clean_cache': False, 'cmake_clean_first': False, 'cmake_force_configure': False, 'cmake_target': None, 'cmake_target_skip_unavailable': False, 'install_base': '/home/dung/ros_ws/install/my_robot_mapping', 'merge_install': False, 'path': '/home/dung/ros_ws/src/my_robot_mapping', 'symlink_install': False, 'test_result_base': None}
[0.322s] Level 5:colcon.colcon_core.verb:set package 'my_robot_motion' build argument 'cmake_args' from command line to 'None'
[0.322s] Level 5:colcon.colcon_core.verb:set package 'my_robot_motion' build argument 'cmake_target' from command line to 'None'
[0.322s] Level 5:colcon.colcon_core.verb:set package 'my_robot_motion' build argument 'cmake_target_skip_unavailable' from command line to 'False'
[0.323s] Level 5:colcon.colcon_core.verb:set package 'my_robot_motion' build argument 'cmake_clean_cache' from command line to 'False'
[0.323s] Level 5:colcon.colcon_core.verb:set package 'my_robot_motion' build argument 'cmake_clean_first' from command line to 'False'
[0.323s] Level 5:colcon.colcon_core.verb:set package 'my_robot_motion' build argument 'cmake_force_configure' from command line to 'False'
[0.323s] Level 5:colcon.colcon_core.verb:set package 'my_robot_motion' build argument 'ament_cmake_args' from command line to 'None'
[0.323s] Level 5:colcon.colcon_core.verb:set package 'my_robot_motion' build argument 'catkin_cmake_args' from command line to 'None'
[0.323s] Level 5:colcon.colcon_core.verb:set package 'my_robot_motion' build argument 'catkin_skip_building_tests' from command line to 'False'
[0.323s] DEBUG:colcon.colcon_core.verb:Building package 'my_robot_motion' with the following arguments: {'ament_cmake_args': None, 'build_base': '/home/dung/ros_ws/build/my_robot_motion', 'catkin_cmake_args': None, 'catkin_skip_building_tests': False, 'cmake_args': None, 'cmake_clean_cache': False, 'cmake_clean_first': False, 'cmake_force_configure': False, 'cmake_target': None, 'cmake_target_skip_unavailable': False, 'install_base': '/home/dung/ros_ws/install/my_robot_motion', 'merge_install': False, 'path': '/home/dung/ros_ws/src/my_robot_motion', 'symlink_install': False, 'test_result_base': None}
[0.323s] Level 5:colcon.colcon_core.verb:set package 'my_robot_msgs' build argument 'cmake_args' from command line to 'None'
[0.323s] Level 5:colcon.colcon_core.verb:set package 'my_robot_msgs' build argument 'cmake_target' from command line to 'None'
[0.323s] Level 5:colcon.colcon_core.verb:set package 'my_robot_msgs' build argument 'cmake_target_skip_unavailable' from command line to 'False'
[0.323s] Level 5:colcon.colcon_core.verb:set package 'my_robot_msgs' build argument 'cmake_clean_cache' from command line to 'False'
[0.323s] Level 5:colcon.colcon_core.verb:set package 'my_robot_msgs' build argument 'cmake_clean_first' from command line to 'False'
[0.323s] Level 5:colcon.colcon_core.verb:set package 'my_robot_msgs' build argument 'cmake_force_configure' from command line to 'False'
[0.323s] Level 5:colcon.colcon_core.verb:set package 'my_robot_msgs' build argument 'ament_cmake_args' from command line to 'None'
[0.323s] Level 5:colcon.colcon_core.verb:set package 'my_robot_msgs' build argument 'catkin_cmake_args' from command line to 'None'
[0.323s] Level 5:colcon.colcon_core.verb:set package 'my_robot_msgs' build argument 'catkin_skip_building_tests' from command line to 'False'
[0.323s] DEBUG:colcon.colcon_core.verb:Building package 'my_robot_msgs' with the following arguments: {'ament_cmake_args': None, 'build_base': '/home/dung/ros_ws/build/my_robot_msgs', 'catkin_cmake_args': None, 'catkin_skip_building_tests': False, 'cmake_args': None, 'cmake_clean_cache': False, 'cmake_clean_first': False, 'cmake_force_configure': False, 'cmake_target': None, 'cmake_target_skip_unavailable': False, 'install_base': '/home/dung/ros_ws/install/my_robot_msgs', 'merge_install': False, 'path': '/home/dung/ros_ws/src/my_robot_msgs', 'symlink_install': False, 'test_result_base': None}
[0.323s] Level 5:colcon.colcon_core.verb:set package 'my_robot_navi' build argument 'cmake_args' from command line to 'None'
[0.323s] Level 5:colcon.colcon_core.verb:set package 'my_robot_navi' build argument 'cmake_target' from command line to 'None'
[0.323s] Level 5:colcon.colcon_core.verb:set package 'my_robot_navi' build argument 'cmake_target_skip_unavailable' from command line to 'False'
[0.323s] Level 5:colcon.colcon_core.verb:set package 'my_robot_navi' build argument 'cmake_clean_cache' from command line to 'False'
[0.323s] Level 5:colcon.colcon_core.verb:set package 'my_robot_navi' build argument 'cmake_clean_first' from command line to 'False'
[0.323s] Level 5:colcon.colcon_core.verb:set package 'my_robot_navi' build argument 'cmake_force_configure' from command line to 'False'
[0.323s] Level 5:colcon.colcon_core.verb:set package 'my_robot_navi' build argument 'ament_cmake_args' from command line to 'None'
[0.323s] Level 5:colcon.colcon_core.verb:set package 'my_robot_navi' build argument 'catkin_cmake_args' from command line to 'None'
[0.323s] Level 5:colcon.colcon_core.verb:set package 'my_robot_navi' build argument 'catkin_skip_building_tests' from command line to 'False'
[0.323s] DEBUG:colcon.colcon_core.verb:Building package 'my_robot_navi' with the following arguments: {'ament_cmake_args': None, 'build_base': '/home/dung/ros_ws/build/my_robot_navi', 'catkin_cmake_args': None, 'catkin_skip_building_tests': False, 'cmake_args': None, 'cmake_clean_cache': False, 'cmake_clean_first': False, 'cmake_force_configure': False, 'cmake_target': None, 'cmake_target_skip_unavailable': False, 'install_base': '/home/dung/ros_ws/install/my_robot_navi', 'merge_install': False, 'path': '/home/dung/ros_ws/src/my_robot_navi', 'symlink_install': False, 'test_result_base': None}
[0.323s] Level 5:colcon.colcon_core.verb:set package 'my_robot_planning' build argument 'cmake_args' from command line to 'None'
[0.324s] Level 5:colcon.colcon_core.verb:set package 'my_robot_planning' build argument 'cmake_target' from command line to 'None'
[0.324s] Level 5:colcon.colcon_core.verb:set package 'my_robot_planning' build argument 'cmake_target_skip_unavailable' from command line to 'False'
[0.324s] Level 5:colcon.colcon_core.verb:set package 'my_robot_planning' build argument 'cmake_clean_cache' from command line to 'False'
[0.324s] Level 5:colcon.colcon_core.verb:set package 'my_robot_planning' build argument 'cmake_clean_first' from command line to 'False'
[0.324s] Level 5:colcon.colcon_core.verb:set package 'my_robot_planning' build argument 'cmake_force_configure' from command line to 'False'
[0.324s] Level 5:colcon.colcon_core.verb:set package 'my_robot_planning' build argument 'ament_cmake_args' from command line to 'None'
[0.324s] Level 5:colcon.colcon_core.verb:set package 'my_robot_planning' build argument 'catkin_cmake_args' from command line to 'None'
[0.324s] Level 5:colcon.colcon_core.verb:set package 'my_robot_planning' build argument 'catkin_skip_building_tests' from command line to 'False'
[0.324s] DEBUG:colcon.colcon_core.verb:Building package 'my_robot_planning' with the following arguments: {'ament_cmake_args': None, 'build_base': '/home/dung/ros_ws/build/my_robot_planning', 'catkin_cmake_args': None, 'catkin_skip_building_tests': False, 'cmake_args': None, 'cmake_clean_cache': False, 'cmake_clean_first': False, 'cmake_force_configure': False, 'cmake_target': None, 'cmake_target_skip_unavailable': False, 'install_base': '/home/dung/ros_ws/install/my_robot_planning', 'merge_install': False, 'path': '/home/dung/ros_ws/src/my_robot_planning', 'symlink_install': False, 'test_result_base': None}
[0.324s] Level 5:colcon.colcon_core.verb:set package 'my_robot_utils' build argument 'cmake_args' from command line to 'None'
[0.324s] Level 5:colcon.colcon_core.verb:set package 'my_robot_utils' build argument 'cmake_target' from command line to 'None'
[0.324s] Level 5:colcon.colcon_core.verb:set package 'my_robot_utils' build argument 'cmake_target_skip_unavailable' from command line to 'False'
[0.324s] Level 5:colcon.colcon_core.verb:set package 'my_robot_utils' build argument 'cmake_clean_cache' from command line to 'False'
[0.324s] Level 5:colcon.colcon_core.verb:set package 'my_robot_utils' build argument 'cmake_clean_first' from command line to 'False'
[0.324s] Level 5:colcon.colcon_core.verb:set package 'my_robot_utils' build argument 'cmake_force_configure' from command line to 'False'
[0.324s] Level 5:colcon.colcon_core.verb:set package 'my_robot_utils' build argument 'ament_cmake_args' from command line to 'None'
[0.324s] Level 5:colcon.colcon_core.verb:set package 'my_robot_utils' build argument 'catkin_cmake_args' from command line to 'None'
[0.324s] Level 5:colcon.colcon_core.verb:set package 'my_robot_utils' build argument 'catkin_skip_building_tests' from command line to 'False'
[0.324s] DEBUG:colcon.colcon_core.verb:Building package 'my_robot_utils' with the following arguments: {'ament_cmake_args': None, 'build_base': '/home/dung/ros_ws/build/my_robot_utils', 'catkin_cmake_args': None, 'catkin_skip_building_tests': False, 'cmake_args': None, 'cmake_clean_cache': False, 'cmake_clean_first': False, 'cmake_force_configure': False, 'cmake_target': None, 'cmake_target_skip_unavailable': False, 'install_base': '/home/dung/ros_ws/install/my_robot_utils', 'merge_install': False, 'path': '/home/dung/ros_ws/src/my_robot_utils', 'symlink_install': False, 'test_result_base': None}
[0.324s] Level 5:colcon.colcon_core.verb:set package 'myrobot_controller' build argument 'cmake_args' from command line to 'None'
[0.324s] Level 5:colcon.colcon_core.verb:set package 'myrobot_controller' build argument 'cmake_target' from command line to 'None'
[0.324s] Level 5:colcon.colcon_core.verb:set package 'myrobot_controller' build argument 'cmake_target_skip_unavailable' from command line to 'False'
[0.324s] Level 5:colcon.colcon_core.verb:set package 'myrobot_controller' build argument 'cmake_clean_cache' from command line to 'False'
[0.324s] Level 5:colcon.colcon_core.verb:set package 'myrobot_controller' build argument 'cmake_clean_first' from command line to 'False'
[0.324s] Level 5:colcon.colcon_core.verb:set package 'myrobot_controller' build argument 'cmake_force_configure' from command line to 'False'
[0.324s] Level 5:colcon.colcon_core.verb:set package 'myrobot_controller' build argument 'ament_cmake_args' from command line to 'None'
[0.324s] Level 5:colcon.colcon_core.verb:set package 'myrobot_controller' build argument 'catkin_cmake_args' from command line to 'None'
[0.324s] Level 5:colcon.colcon_core.verb:set package 'myrobot_controller' build argument 'catkin_skip_building_tests' from command line to 'False'
[0.324s] DEBUG:colcon.colcon_core.verb:Building package 'myrobot_controller' with the following arguments: {'ament_cmake_args': None, 'build_base': '/home/dung/ros_ws/build/myrobot_controller', 'catkin_cmake_args': None, 'catkin_skip_building_tests': False, 'cmake_args': None, 'cmake_clean_cache': False, 'cmake_clean_first': False, 'cmake_force_configure': False, 'cmake_target': None, 'cmake_target_skip_unavailable': False, 'install_base': '/home/dung/ros_ws/install/myrobot_controller', 'merge_install': False, 'path': '/home/dung/ros_ws/src/myrobot_controller', 'symlink_install': False, 'test_result_base': None}
[0.325s] Level 5:colcon.colcon_core.verb:set package 'keyboard_teleop' build argument 'cmake_args' from command line to 'None'
[0.325s] Level 5:colcon.colcon_core.verb:set package 'keyboard_teleop' build argument 'cmake_target' from command line to 'None'
[0.325s] Level 5:colcon.colcon_core.verb:set package 'keyboard_teleop' build argument 'cmake_target_skip_unavailable' from command line to 'False'
[0.325s] Level 5:colcon.colcon_core.verb:set package 'keyboard_teleop' build argument 'cmake_clean_cache' from command line to 'False'
[0.325s] Level 5:colcon.colcon_core.verb:set package 'keyboard_teleop' build argument 'cmake_clean_first' from command line to 'False'
[0.325s] Level 5:colcon.colcon_core.verb:set package 'keyboard_teleop' build argument 'cmake_force_configure' from command line to 'False'
[0.325s] Level 5:colcon.colcon_core.verb:set package 'keyboard_teleop' build argument 'ament_cmake_args' from command line to 'None'
[0.325s] Level 5:colcon.colcon_core.verb:set package 'keyboard_teleop' build argument 'catkin_cmake_args' from command line to 'None'
[0.325s] Level 5:colcon.colcon_core.verb:set package 'keyboard_teleop' build argument 'catkin_skip_building_tests' from command line to 'False'
[0.325s] DEBUG:colcon.colcon_core.verb:Building package 'keyboard_teleop' with the following arguments: {'ament_cmake_args': None, 'build_base': '/home/dung/ros_ws/build/keyboard_teleop', 'catkin_cmake_args': None, 'catkin_skip_building_tests': False, 'cmake_args': None, 'cmake_clean_cache': False, 'cmake_clean_first': False, 'cmake_force_configure': False, 'cmake_target': None, 'cmake_target_skip_unavailable': False, 'install_base': '/home/dung/ros_ws/install/keyboard_teleop', 'merge_install': False, 'path': '/home/dung/ros_ws/src/keyboard_teleop', 'symlink_install': False, 'test_result_base': None}
[0.325s] Level 5:colcon.colcon_core.verb:set package 'my_robot_bringup' build argument 'cmake_args' from command line to 'None'
[0.325s] Level 5:colcon.colcon_core.verb:set package 'my_robot_bringup' build argument 'cmake_target' from command line to 'None'
[0.325s] Level 5:colcon.colcon_core.verb:set package 'my_robot_bringup' build argument 'cmake_target_skip_unavailable' from command line to 'False'
[0.325s] Level 5:colcon.colcon_core.verb:set package 'my_robot_bringup' build argument 'cmake_clean_cache' from command line to 'False'
[0.325s] Level 5:colcon.colcon_core.verb:set package 'my_robot_bringup' build argument 'cmake_clean_first' from command line to 'False'
[0.325s] Level 5:colcon.colcon_core.verb:set package 'my_robot_bringup' build argument 'cmake_force_configure' from command line to 'False'
[0.325s] Level 5:colcon.colcon_core.verb:set package 'my_robot_bringup' build argument 'ament_cmake_args' from command line to 'None'
[0.325s] Level 5:colcon.colcon_core.verb:set package 'my_robot_bringup' build argument 'catkin_cmake_args' from command line to 'None'
[0.325s] Level 5:colcon.colcon_core.verb:set package 'my_robot_bringup' build argument 'catkin_skip_building_tests' from command line to 'False'
[0.325s] DEBUG:colcon.colcon_core.verb:Building package 'my_robot_bringup' with the following arguments: {'ament_cmake_args': None, 'build_base': '/home/dung/ros_ws/build/my_robot_bringup', 'catkin_cmake_args': None, 'catkin_skip_building_tests': False, 'cmake_args': None, 'cmake_clean_cache': False, 'cmake_clean_first': False, 'cmake_force_configure': False, 'cmake_target': None, 'cmake_target_skip_unavailable': False, 'install_base': '/home/dung/ros_ws/install/my_robot_bringup', 'merge_install': False, 'path': '/home/dung/ros_ws/src/my_robot_bringup', 'symlink_install': False, 'test_result_base': None}
[0.325s] INFO:colcon.colcon_core.executor:Executing jobs using 'parallel' executor
[0.326s] DEBUG:colcon.colcon_parallel_executor.executor.parallel:run_until_complete
[0.326s] INFO:colcon.colcon_ros.task.ament_cmake.build:Building ROS package in '/home/dung/ros_ws/src/my_robot_description' with build type 'ament_cmake'
[0.327s] INFO:colcon.colcon_cmake.task.cmake.build:Building CMake package in '/home/dung/ros_ws/src/my_robot_description'
[0.329s] INFO:colcon.colcon_core.plugin_system:Skipping extension 'colcon_core.shell.bat': Not used on non-Windows systems
[0.329s] INFO:colcon.colcon_core.shell:Skip shell extension 'powershell' for command environment: Not usable outside of PowerShell
[0.329s] DEBUG:colcon.colcon_core.shell:Skip shell extension 'dsv' for command environment
[0.335s] INFO:colcon.colcon_ros.task.ament_cmake.build:Building ROS package in '/home/dung/ros_ws/src/my_robot_msgs' with build type 'ament_cmake'
[0.335s] INFO:colcon.colcon_cmake.task.cmake.build:Building CMake package in '/home/dung/ros_ws/src/my_robot_msgs'
[0.336s] INFO:colcon.colcon_core.shell:Skip shell extension 'powershell' for command environment: Not usable outside of PowerShell
[0.336s] DEBUG:colcon.colcon_core.shell:Skip shell extension 'dsv' for command environment
[0.341s] INFO:colcon.colcon_ros.task.ament_cmake.build:Building ROS package in '/home/dung/ros_ws/src/my_robot_firmware' with build type 'ament_cmake'
[0.341s] INFO:colcon.colcon_cmake.task.cmake.build:Building CMake package in '/home/dung/ros_ws/src/my_robot_firmware'
[0.341s] INFO:colcon.colcon_core.shell:Skip shell extension 'powershell' for command environment: Not usable outside of PowerShell
[0.341s] DEBUG:colcon.colcon_core.shell:Skip shell extension 'dsv' for command environment
[0.345s] INFO:colcon.colcon_ros.task.ament_cmake.build:Building ROS package in '/home/dung/ros_ws/src/my_robot_localization' with build type 'ament_cmake'
[0.345s] INFO:colcon.colcon_cmake.task.cmake.build:Building CMake package in '/home/dung/ros_ws/src/my_robot_localization'
[0.345s] INFO:colcon.colcon_core.shell:Skip shell extension 'powershell' for command environment: Not usable outside of PowerShell
[0.345s] DEBUG:colcon.colcon_core.shell:Skip shell extension 'dsv' for command environment
[0.350s] INFO:colcon.colcon_ros.task.ament_cmake.build:Building ROS package in '/home/dung/ros_ws/src/my_robot_mapping' with build type 'ament_cmake'
[0.351s] INFO:colcon.colcon_cmake.task.cmake.build:Building CMake package in '/home/dung/ros_ws/src/my_robot_mapping'
[0.351s] INFO:colcon.colcon_core.shell:Skip shell extension 'powershell' for command environment: Not usable outside of PowerShell
[0.352s] DEBUG:colcon.colcon_core.shell:Skip shell extension 'dsv' for command environment
[0.358s] INFO:colcon.colcon_ros.task.ament_cmake.build:Building ROS package in '/home/dung/ros_ws/src/my_robot_motion' with build type 'ament_cmake'
[0.358s] INFO:colcon.colcon_cmake.task.cmake.build:Building CMake package in '/home/dung/ros_ws/src/my_robot_motion'
[0.358s] INFO:colcon.colcon_core.shell:Skip shell extension 'powershell' for command environment: Not usable outside of PowerShell
[0.358s] DEBUG:colcon.colcon_core.shell:Skip shell extension 'dsv' for command environment
[0.377s] DEBUG:colcon.colcon_core.event_handler.log_command:Invoking command in '/home/dung/ros_ws/build/my_robot_description': CMAKE_PREFIX_PATH=${CMAKE_PREFIX_PATH}:/home/dung/ros_ws/install/keyboard_teleop:/opt/ros/humble /usr/bin/cmake --build /home/dung/ros_ws/build/my_robot_description -- -j6 -l6
[0.379s] DEBUG:colcon.colcon_core.event_handler.log_command:Invoking command in '/home/dung/ros_ws/build/my_robot_msgs': CMAKE_PREFIX_PATH=${CMAKE_PREFIX_PATH}:/home/dung/ros_ws/install/keyboard_teleop:/opt/ros/humble /usr/bin/cmake --build /home/dung/ros_ws/build/my_robot_msgs -- -j6 -l6
[0.385s] DEBUG:colcon.colcon_core.event_handler.log_command:Invoking command in '/home/dung/ros_ws/build/my_robot_firmware': CMAKE_PREFIX_PATH=${CMAKE_PREFIX_PATH}:/home/dung/ros_ws/install/keyboard_teleop:/opt/ros/humble /usr/bin/cmake --build /home/dung/ros_ws/build/my_robot_firmware -- -j6 -l6
[0.388s] DEBUG:colcon.colcon_core.event_handler.log_command:Invoking command in '/home/dung/ros_ws/build/my_robot_localization': CMAKE_PREFIX_PATH=${CMAKE_PREFIX_PATH}:/home/dung/ros_ws/install/keyboard_teleop:/opt/ros/humble /usr/bin/cmake --build /home/dung/ros_ws/build/my_robot_localization -- -j6 -l6
[0.397s] DEBUG:colcon.colcon_core.event_handler.log_command:Invoking command in '/home/dung/ros_ws/build/my_robot_mapping': CMAKE_PREFIX_PATH=${CMAKE_PREFIX_PATH}:/home/dung/ros_ws/install/keyboard_teleop:/opt/ros/humble /usr/bin/cmake --build /home/dung/ros_ws/build/my_robot_mapping -- -j6 -l6
[0.426s] DEBUG:colcon.colcon_core.event_handler.log_command:Invoking command in '/home/dung/ros_ws/build/my_robot_motion': CMAKE_PREFIX_PATH=${CMAKE_PREFIX_PATH}:/home/dung/ros_ws/install/keyboard_teleop:/opt/ros/humble /usr/bin/cmake --build /home/dung/ros_ws/build/my_robot_motion -- -j6 -l6
[0.476s] DEBUG:colcon.colcon_core.event_handler.log_command:Invoked command in '/home/dung/ros_ws/build/my_robot_description' returned '0': CMAKE_PREFIX_PATH=${CMAKE_PREFIX_PATH}:/home/dung/ros_ws/install/keyboard_teleop:/opt/ros/humble /usr/bin/cmake --build /home/dung/ros_ws/build/my_robot_description -- -j6 -l6
[0.500s] DEBUG:colcon.colcon_core.event_handler.log_command:Invoking command in '/home/dung/ros_ws/build/my_robot_description': CMAKE_PREFIX_PATH=${CMAKE_PREFIX_PATH}:/home/dung/ros_ws/install/keyboard_teleop:/opt/ros/humble /usr/bin/cmake --install /home/dung/ros_ws/build/my_robot_description
[0.519s] DEBUG:colcon.colcon_core.event_handler.log_command:Invoked command in '/home/dung/ros_ws/build/my_robot_mapping' returned '0': CMAKE_PREFIX_PATH=${CMAKE_PREFIX_PATH}:/home/dung/ros_ws/install/keyboard_teleop:/opt/ros/humble /usr/bin/cmake --build /home/dung/ros_ws/build/my_robot_mapping -- -j6 -l6
[0.519s] DEBUG:colcon.colcon_core.event_handler.log_command:Invoking command in '/home/dung/ros_ws/build/my_robot_mapping': CMAKE_PREFIX_PATH=${CMAKE_PREFIX_PATH}:/home/dung/ros_ws/install/keyboard_teleop:/opt/ros/humble /usr/bin/cmake --install /home/dung/ros_ws/build/my_robot_mapping
[0.629s] Level 1:colcon.colcon_core.environment:create_environment_scripts_only(my_robot_mapping)
[0.656s] Level 1:colcon.colcon_core.environment:checking '/home/dung/ros_ws/install/my_robot_mapping' for CMake module files
[0.678s] Level 1:colcon.colcon_core.environment:checking '/home/dung/ros_ws/install/my_robot_mapping' for CMake config files
[0.679s] Level 1:colcon.colcon_core.shell:create_environment_hook('my_robot_mapping', 'cmake_prefix_path')
[0.680s] INFO:colcon.colcon_core.shell:Creating environment hook '/home/dung/ros_ws/install/my_robot_mapping/share/my_robot_mapping/hook/cmake_prefix_path.ps1'
[0.683s] INFO:colcon.colcon_core.shell:Creating environment descriptor '/home/dung/ros_ws/install/my_robot_mapping/share/my_robot_mapping/hook/cmake_prefix_path.dsv'
[0.684s] INFO:colcon.colcon_core.shell:Creating environment hook '/home/dung/ros_ws/install/my_robot_mapping/share/my_robot_mapping/hook/cmake_prefix_path.sh'
[0.688s] Level 1:colcon.colcon_core.environment:checking '/home/dung/ros_ws/install/my_robot_mapping/bin'
[0.689s] Level 1:colcon.colcon_core.environment:checking '/home/dung/ros_ws/install/my_robot_mapping/lib/pkgconfig/my_robot_mapping.pc'
[0.689s] Level 1:colcon.colcon_core.environment:checking '/home/dung/ros_ws/install/my_robot_mapping/lib/python3.10/site-packages'
[0.689s] Level 1:colcon.colcon_core.environment:checking '/home/dung/ros_ws/install/my_robot_mapping/bin'
[0.689s] INFO:colcon.colcon_core.shell:Creating package script '/home/dung/ros_ws/install/my_robot_mapping/share/my_robot_mapping/package.ps1'
[0.690s] INFO:colcon.colcon_core.shell:Creating package descriptor '/home/dung/ros_ws/install/my_robot_mapping/share/my_robot_mapping/package.dsv'
[0.691s] INFO:colcon.colcon_core.shell:Creating package script '/home/dung/ros_ws/install/my_robot_mapping/share/my_robot_mapping/package.sh'
[0.692s] INFO:colcon.colcon_core.shell:Creating package script '/home/dung/ros_ws/install/my_robot_mapping/share/my_robot_mapping/package.bash'
[0.694s] INFO:colcon.colcon_core.shell:Creating package script '/home/dung/ros_ws/install/my_robot_mapping/share/my_robot_mapping/package.zsh'
[0.695s] Level 1:colcon.colcon_core.environment:create_file_with_runtime_dependencies(/home/dung/ros_ws/install/my_robot_mapping/share/colcon-core/packages/my_robot_mapping)
[0.700s] DEBUG:colcon.colcon_core.event_handler.log_command:Invoked command in '/home/dung/ros_ws/build/my_robot_motion' returned '0': CMAKE_PREFIX_PATH=${CMAKE_PREFIX_PATH}:/home/dung/ros_ws/install/keyboard_teleop:/opt/ros/humble /usr/bin/cmake --build /home/dung/ros_ws/build/my_robot_motion -- -j6 -l6
[0.710s] DEBUG:colcon.colcon_core.event_handler.log_command:Invoking command in '/home/dung/ros_ws/build/my_robot_motion': CMAKE_PREFIX_PATH=${CMAKE_PREFIX_PATH}:/home/dung/ros_ws/install/keyboard_teleop:/opt/ros/humble /usr/bin/cmake --install /home/dung/ros_ws/build/my_robot_motion
[0.710s] DEBUG:colcon.colcon_core.event_handler.log_command:Invoked command in '/home/dung/ros_ws/build/my_robot_mapping' returned '0': CMAKE_PREFIX_PATH=${CMAKE_PREFIX_PATH}:/home/dung/ros_ws/install/keyboard_teleop:/opt/ros/humble /usr/bin/cmake --install /home/dung/ros_ws/build/my_robot_mapping
[0.711s] Level 1:colcon.colcon_core.environment:create_environment_scripts_only(my_robot_mapping)
[0.712s] Level 1:colcon.colcon_core.environment:checking '/home/dung/ros_ws/install/my_robot_mapping' for CMake module files
[0.712s] Level 1:colcon.colcon_core.environment:checking '/home/dung/ros_ws/install/my_robot_mapping' for CMake config files
[0.712s] Level 1:colcon.colcon_core.shell:create_environment_hook('my_robot_mapping', 'cmake_prefix_path')
[0.712s] INFO:colcon.colcon_core.shell:Creating environment hook '/home/dung/ros_ws/install/my_robot_mapping/share/my_robot_mapping/hook/cmake_prefix_path.ps1'
[0.713s] INFO:colcon.colcon_core.shell:Creating environment descriptor '/home/dung/ros_ws/install/my_robot_mapping/share/my_robot_mapping/hook/cmake_prefix_path.dsv'
[0.718s] INFO:colcon.colcon_core.shell:Creating environment hook '/home/dung/ros_ws/install/my_robot_mapping/share/my_robot_mapping/hook/cmake_prefix_path.sh'
[0.718s] Level 1:colcon.colcon_core.environment:checking '/home/dung/ros_ws/install/my_robot_mapping/bin'
[0.718s] Level 1:colcon.colcon_core.environment:checking '/home/dung/ros_ws/install/my_robot_mapping/lib/pkgconfig/my_robot_mapping.pc'
[0.719s] Level 1:colcon.colcon_core.environment:checking '/home/dung/ros_ws/install/my_robot_mapping/lib/python3.10/site-packages'
[0.722s] Level 1:colcon.colcon_core.environment:checking '/home/dung/ros_ws/install/my_robot_mapping/bin'
[0.723s] INFO:colcon.colcon_core.shell:Creating package script '/home/dung/ros_ws/install/my_robot_mapping/share/my_robot_mapping/package.ps1'
[0.723s] INFO:colcon.colcon_core.shell:Creating package descriptor '/home/dung/ros_ws/install/my_robot_mapping/share/my_robot_mapping/package.dsv'
[0.724s] INFO:colcon.colcon_core.shell:Creating package script '/home/dung/ros_ws/install/my_robot_mapping/share/my_robot_mapping/package.sh'
[0.724s] INFO:colcon.colcon_core.shell:Creating package script '/home/dung/ros_ws/install/my_robot_mapping/share/my_robot_mapping/package.bash'
[0.725s] INFO:colcon.colcon_core.shell:Creating package script '/home/dung/ros_ws/install/my_robot_mapping/share/my_robot_mapping/package.zsh'
[0.728s] Level 1:colcon.colcon_core.environment:create_file_with_runtime_dependencies(/home/dung/ros_ws/install/my_robot_mapping/share/colcon-core/packages/my_robot_mapping)
[0.729s] INFO:colcon.colcon_ros.task.ament_cmake.build:Building ROS package in '/home/dung/ros_ws/src/my_robot_navi' with build type 'ament_cmake'
[0.729s] INFO:colcon.colcon_cmake.task.cmake.build:Building CMake package in '/home/dung/ros_ws/src/my_robot_navi'
[0.730s] INFO:colcon.colcon_core.shell:Skip shell extension 'powershell' for command environment: Not usable outside of PowerShell
[0.730s] DEBUG:colcon.colcon_core.shell:Skip shell extension 'dsv' for command environment
[0.740s] Level 1:colcon.colcon_core.environment:create_environment_scripts_only(my_robot_motion)
[0.742s] DEBUG:colcon.colcon_core.event_handler.log_command:Invoked command in '/home/dung/ros_ws/build/my_robot_motion' returned '0': CMAKE_PREFIX_PATH=${CMAKE_PREFIX_PATH}:/home/dung/ros_ws/install/keyboard_teleop:/opt/ros/humble /usr/bin/cmake --install /home/dung/ros_ws/build/my_robot_motion
[0.742s] Level 1:colcon.colcon_core.environment:checking '/home/dung/ros_ws/install/my_robot_motion' for CMake module files
[0.744s] Level 1:colcon.colcon_core.environment:checking '/home/dung/ros_ws/install/my_robot_motion' for CMake config files
[0.744s] Level 1:colcon.colcon_core.shell:create_environment_hook('my_robot_motion', 'cmake_prefix_path')
[0.744s] INFO:colcon.colcon_core.shell:Creating environment hook '/home/dung/ros_ws/install/my_robot_motion/share/my_robot_motion/hook/cmake_prefix_path.ps1'
[0.744s] INFO:colcon.colcon_core.shell:Creating environment descriptor '/home/dung/ros_ws/install/my_robot_motion/share/my_robot_motion/hook/cmake_prefix_path.dsv'
[0.745s] INFO:colcon.colcon_core.shell:Creating environment hook '/home/dung/ros_ws/install/my_robot_motion/share/my_robot_motion/hook/cmake_prefix_path.sh'
[0.745s] Level 1:colcon.colcon_core.environment:checking '/home/dung/ros_ws/install/my_robot_motion/lib'
[0.746s] Level 1:colcon.colcon_core.shell:create_environment_hook('my_robot_motion', 'ld_library_path_lib')
[0.749s] INFO:colcon.colcon_core.shell:Creating environment hook '/home/dung/ros_ws/install/my_robot_motion/share/my_robot_motion/hook/ld_library_path_lib.ps1'
[0.752s] INFO:colcon.colcon_core.shell:Creating environment descriptor '/home/dung/ros_ws/install/my_robot_motion/share/my_robot_motion/hook/ld_library_path_lib.dsv'
[0.753s] INFO:colcon.colcon_core.shell:Creating environment hook '/home/dung/ros_ws/install/my_robot_motion/share/my_robot_motion/hook/ld_library_path_lib.sh'
[0.753s] Level 1:colcon.colcon_core.environment:checking '/home/dung/ros_ws/install/my_robot_motion/bin'
[0.753s] Level 1:colcon.colcon_core.environment:checking '/home/dung/ros_ws/install/my_robot_motion/lib/pkgconfig/my_robot_motion.pc'
[0.753s] Level 1:colcon.colcon_core.environment:checking '/home/dung/ros_ws/install/my_robot_motion/lib/python3.10/site-packages'
[0.753s] Level 1:colcon.colcon_core.environment:checking '/home/dung/ros_ws/install/my_robot_motion/bin'
[0.757s] INFO:colcon.colcon_core.shell:Creating package script '/home/dung/ros_ws/install/my_robot_motion/share/my_robot_motion/package.ps1'
[0.757s] INFO:colcon.colcon_core.shell:Creating package descriptor '/home/dung/ros_ws/install/my_robot_motion/share/my_robot_motion/package.dsv'
[0.758s] INFO:colcon.colcon_core.shell:Creating package script '/home/dung/ros_ws/install/my_robot_motion/share/my_robot_motion/package.sh'
[0.758s] INFO:colcon.colcon_core.shell:Creating package script '/home/dung/ros_ws/install/my_robot_motion/share/my_robot_motion/package.bash'
[0.758s] INFO:colcon.colcon_core.shell:Creating package script '/home/dung/ros_ws/install/my_robot_motion/share/my_robot_motion/package.zsh'
[0.759s] Level 1:colcon.colcon_core.environment:create_file_with_runtime_dependencies(/home/dung/ros_ws/install/my_robot_motion/share/colcon-core/packages/my_robot_motion)
[0.762s] Level 1:colcon.colcon_core.environment:create_environment_scripts_only(my_robot_motion)
[0.762s] Level 1:colcon.colcon_core.environment:checking '/home/dung/ros_ws/install/my_robot_motion' for CMake module files
[0.763s] Level 1:colcon.colcon_core.environment:checking '/home/dung/ros_ws/install/my_robot_motion' for CMake config files
[0.763s] Level 1:colcon.colcon_core.shell:create_environment_hook('my_robot_motion', 'cmake_prefix_path')
[0.763s] INFO:colcon.colcon_core.shell:Creating environment hook '/home/dung/ros_ws/install/my_robot_motion/share/my_robot_motion/hook/cmake_prefix_path.ps1'
[0.770s] INFO:colcon.colcon_core.shell:Creating environment descriptor '/home/dung/ros_ws/install/my_robot_motion/share/my_robot_motion/hook/cmake_prefix_path.dsv'
[0.770s] INFO:colcon.colcon_core.shell:Creating environment hook '/home/dung/ros_ws/install/my_robot_motion/share/my_robot_motion/hook/cmake_prefix_path.sh'
[0.771s] Level 1:colcon.colcon_core.environment:checking '/home/dung/ros_ws/install/my_robot_motion/lib'
[0.771s] Level 1:colcon.colcon_core.shell:create_environment_hook('my_robot_motion', 'ld_library_path_lib')
[0.771s] INFO:colcon.colcon_core.shell:Creating environment hook '/home/dung/ros_ws/install/my_robot_motion/share/my_robot_motion/hook/ld_library_path_lib.ps1'
[0.772s] INFO:colcon.colcon_core.shell:Creating environment descriptor '/home/dung/ros_ws/install/my_robot_motion/share/my_robot_motion/hook/ld_library_path_lib.dsv'
[0.772s] INFO:colcon.colcon_core.shell:Creating environment hook '/home/dung/ros_ws/install/my_robot_motion/share/my_robot_motion/hook/ld_library_path_lib.sh'
[0.772s] Level 1:colcon.colcon_core.environment:checking '/home/dung/ros_ws/install/my_robot_motion/bin'
[0.773s] Level 1:colcon.colcon_core.environment:checking '/home/dung/ros_ws/install/my_robot_motion/lib/pkgconfig/my_robot_motion.pc'
[0.773s] Level 1:colcon.colcon_core.environment:checking '/home/dung/ros_ws/install/my_robot_motion/lib/python3.10/site-packages'
[0.773s] Level 1:colcon.colcon_core.environment:checking '/home/dung/ros_ws/install/my_robot_motion/bin'
[0.773s] INFO:colcon.colcon_core.shell:Creating package script '/home/dung/ros_ws/install/my_robot_motion/share/my_robot_motion/package.ps1'
[0.774s] INFO:colcon.colcon_core.shell:Creating package descriptor '/home/dung/ros_ws/install/my_robot_motion/share/my_robot_motion/package.dsv'
[0.774s] INFO:colcon.colcon_core.shell:Creating package script '/home/dung/ros_ws/install/my_robot_motion/share/my_robot_motion/package.sh'
[0.774s] INFO:colcon.colcon_core.shell:Creating package script '/home/dung/ros_ws/install/my_robot_motion/share/my_robot_motion/package.bash'
[0.775s] INFO:colcon.colcon_core.shell:Creating package script '/home/dung/ros_ws/install/my_robot_motion/share/my_robot_motion/package.zsh'
[0.784s] Level 1:colcon.colcon_core.environment:create_file_with_runtime_dependencies(/home/dung/ros_ws/install/my_robot_motion/share/colcon-core/packages/my_robot_motion)
[0.784s] Level 1:colcon.colcon_core.environment:create_environment_scripts_only(my_robot_description)
[0.787s] Level 1:colcon.colcon_core.environment:checking '/home/dung/ros_ws/install/my_robot_description' for CMake module files
[0.788s] Level 1:colcon.colcon_core.environment:checking '/home/dung/ros_ws/install/my_robot_description' for CMake config files
[0.790s] DEBUG:colcon.colcon_core.event_handler.log_command:Invoked command in '/home/dung/ros_ws/build/my_robot_description' returned '0': CMAKE_PREFIX_PATH=${CMAKE_PREFIX_PATH}:/home/dung/ros_ws/install/keyboard_teleop:/opt/ros/humble /usr/bin/cmake --install /home/dung/ros_ws/build/my_robot_description
[0.794s] Level 1:colcon.colcon_core.shell:create_environment_hook('my_robot_description', 'cmake_prefix_path')
[0.795s] INFO:colcon.colcon_core.shell:Creating environment hook '/home/dung/ros_ws/install/my_robot_description/share/my_robot_description/hook/cmake_prefix_path.ps1'
[0.795s] INFO:colcon.colcon_core.shell:Creating environment descriptor '/home/dung/ros_ws/install/my_robot_description/share/my_robot_description/hook/cmake_prefix_path.dsv'
[0.797s] INFO:colcon.colcon_core.shell:Creating environment hook '/home/dung/ros_ws/install/my_robot_description/share/my_robot_description/hook/cmake_prefix_path.sh'
[0.800s] Level 1:colcon.colcon_core.environment:checking '/home/dung/ros_ws/install/my_robot_description/bin'
[0.800s] Level 1:colcon.colcon_core.environment:checking '/home/dung/ros_ws/install/my_robot_description/lib/pkgconfig/my_robot_description.pc'
[0.800s] Level 1:colcon.colcon_core.environment:checking '/home/dung/ros_ws/install/my_robot_description/lib/python3.10/site-packages'
[0.800s] Level 1:colcon.colcon_core.environment:checking '/home/dung/ros_ws/install/my_robot_description/bin'
[0.801s] INFO:colcon.colcon_core.shell:Creating package script '/home/dung/ros_ws/install/my_robot_description/share/my_robot_description/package.ps1'
[0.801s] INFO:colcon.colcon_core.shell:Creating package descriptor '/home/dung/ros_ws/install/my_robot_description/share/my_robot_description/package.dsv'
[0.802s] INFO:colcon.colcon_core.shell:Creating package script '/home/dung/ros_ws/install/my_robot_description/share/my_robot_description/package.sh'
[0.802s] INFO:colcon.colcon_core.shell:Creating package script '/home/dung/ros_ws/install/my_robot_description/share/my_robot_description/package.bash'
[0.803s] INFO:colcon.colcon_core.shell:Creating package script '/home/dung/ros_ws/install/my_robot_description/share/my_robot_description/package.zsh'
[0.803s] Level 1:colcon.colcon_core.environment:create_file_with_runtime_dependencies(/home/dung/ros_ws/install/my_robot_description/share/colcon-core/packages/my_robot_description)
[0.803s] Level 1:colcon.colcon_core.environment:create_environment_scripts_only(my_robot_description)
[0.804s] Level 1:colcon.colcon_core.environment:checking '/home/dung/ros_ws/install/my_robot_description' for CMake module files
[0.804s] Level 1:colcon.colcon_core.environment:checking '/home/dung/ros_ws/install/my_robot_description' for CMake config files
[0.807s] Level 1:colcon.colcon_core.shell:create_environment_hook('my_robot_description', 'cmake_prefix_path')
[0.808s] INFO:colcon.colcon_core.shell:Creating environment hook '/home/dung/ros_ws/install/my_robot_description/share/my_robot_description/hook/cmake_prefix_path.ps1'
[0.809s] INFO:colcon.colcon_core.shell:Creating environment descriptor '/home/dung/ros_ws/install/my_robot_description/share/my_robot_description/hook/cmake_prefix_path.dsv'
[0.810s] INFO:colcon.colcon_core.shell:Creating environment hook '/home/dung/ros_ws/install/my_robot_description/share/my_robot_description/hook/cmake_prefix_path.sh'
[0.811s] Level 1:colcon.colcon_core.environment:checking '/home/dung/ros_ws/install/my_robot_description/bin'
[0.811s] Level 1:colcon.colcon_core.environment:checking '/home/dung/ros_ws/install/my_robot_description/lib/pkgconfig/my_robot_description.pc'
[0.811s] Level 1:colcon.colcon_core.environment:checking '/home/dung/ros_ws/install/my_robot_description/lib/python3.10/site-packages'
[0.812s] Level 1:colcon.colcon_core.environment:checking '/home/dung/ros_ws/install/my_robot_description/bin'
[0.812s] INFO:colcon.colcon_core.shell:Creating package script '/home/dung/ros_ws/install/my_robot_description/share/my_robot_description/package.ps1'
[0.814s] INFO:colcon.colcon_core.shell:Creating package descriptor '/home/dung/ros_ws/install/my_robot_description/share/my_robot_description/package.dsv'
[0.815s] INFO:colcon.colcon_core.shell:Creating package script '/home/dung/ros_ws/install/my_robot_description/share/my_robot_description/package.sh'
[0.815s] INFO:colcon.colcon_core.shell:Creating package script '/home/dung/ros_ws/install/my_robot_description/share/my_robot_description/package.bash'
[0.816s] INFO:colcon.colcon_core.shell:Creating package script '/home/dung/ros_ws/install/my_robot_description/share/my_robot_description/package.zsh'
[0.816s] Level 1:colcon.colcon_core.environment:create_file_with_runtime_dependencies(/home/dung/ros_ws/install/my_robot_description/share/colcon-core/packages/my_robot_description)
[0.817s] INFO:colcon.colcon_ros.task.ament_cmake.build:Building ROS package in '/home/dung/ros_ws/src/my_robot_planning' with build type 'ament_cmake'
[0.817s] INFO:colcon.colcon_cmake.task.cmake.build:Building CMake package in '/home/dung/ros_ws/src/my_robot_planning'
[0.818s] INFO:colcon.colcon_core.shell:Skip shell extension 'powershell' for command environment: Not usable outside of PowerShell
[0.818s] DEBUG:colcon.colcon_core.shell:Skip shell extension 'dsv' for command environment
[0.823s] INFO:colcon.colcon_ros.task.ament_cmake.build:Building ROS package in '/home/dung/ros_ws/src/my_robot_utils' with build type 'ament_cmake'
[0.823s] INFO:colcon.colcon_cmake.task.cmake.build:Building CMake package in '/home/dung/ros_ws/src/my_robot_utils'
[0.824s] INFO:colcon.colcon_core.shell:Skip shell extension 'powershell' for command environment: Not usable outside of PowerShell
[0.824s] DEBUG:colcon.colcon_core.shell:Skip shell extension 'dsv' for command environment
[0.845s] DEBUG:colcon.colcon_core.event_handler.log_command:Invoking command in '/home/dung/ros_ws/build/my_robot_navi': CMAKE_PREFIX_PATH=${CMAKE_PREFIX_PATH}:/home/dung/ros_ws/install/keyboard_teleop:/opt/ros/humble /usr/bin/cmake --build /home/dung/ros_ws/build/my_robot_navi -- -j6 -l6
[0.862s] DEBUG:colcon.colcon_core.event_handler.log_command:Invoking command in '/home/dung/ros_ws/build/my_robot_utils': CMAKE_PREFIX_PATH=${CMAKE_PREFIX_PATH}:/home/dung/ros_ws/install/keyboard_teleop:/opt/ros/humble /usr/bin/cmake --build /home/dung/ros_ws/build/my_robot_utils -- -j6 -l6
[0.870s] DEBUG:colcon.colcon_core.event_handler.log_command:Invoking command in '/home/dung/ros_ws/build/my_robot_planning': CMAKE_PREFIX_PATH=${CMAKE_PREFIX_PATH}:/home/dung/ros_ws/install/keyboard_teleop:/opt/ros/humble /usr/bin/cmake --build /home/dung/ros_ws/build/my_robot_planning -- -j6 -l6
[0.939s] DEBUG:colcon.colcon_core.event_handler.log_command:Invoked command in '/home/dung/ros_ws/build/my_robot_navi' returned '0': CMAKE_PREFIX_PATH=${CMAKE_PREFIX_PATH}:/home/dung/ros_ws/install/keyboard_teleop:/opt/ros/humble /usr/bin/cmake --build /home/dung/ros_ws/build/my_robot_navi -- -j6 -l6
[0.939s] DEBUG:colcon.colcon_core.event_handler.log_command:Invoking command in '/home/dung/ros_ws/build/my_robot_navi': CMAKE_PREFIX_PATH=${CMAKE_PREFIX_PATH}:/home/dung/ros_ws/install/keyboard_teleop:/opt/ros/humble /usr/bin/cmake --install /home/dung/ros_ws/build/my_robot_navi
[1.009s] Level 1:colcon.colcon_core.environment:create_environment_scripts_only(my_robot_navi)
[1.015s] Level 1:colcon.colcon_core.environment:checking '/home/dung/ros_ws/install/my_robot_navi' for CMake module files
[1.018s] Level 1:colcon.colcon_core.environment:checking '/home/dung/ros_ws/install/my_robot_navi' for CMake config files
[1.023s] DEBUG:colcon.colcon_core.event_handler.log_command:Invoked command in '/home/dung/ros_ws/build/my_robot_localization' returned '0': CMAKE_PREFIX_PATH=${CMAKE_PREFIX_PATH}:/home/dung/ros_ws/install/keyboard_teleop:/opt/ros/humble /usr/bin/cmake --build /home/dung/ros_ws/build/my_robot_localization -- -j6 -l6
[1.023s] DEBUG:colcon.colcon_core.event_handler.log_command:Invoking command in '/home/dung/ros_ws/build/my_robot_localization': CMAKE_PREFIX_PATH=${CMAKE_PREFIX_PATH}:/home/dung/ros_ws/install/keyboard_teleop:/opt/ros/humble /usr/bin/cmake --install /home/dung/ros_ws/build/my_robot_localization
[1.024s] DEBUG:colcon.colcon_core.event_handler.log_command:Invoked command in '/home/dung/ros_ws/build/my_robot_navi' returned '0': CMAKE_PREFIX_PATH=${CMAKE_PREFIX_PATH}:/home/dung/ros_ws/install/keyboard_teleop:/opt/ros/humble /usr/bin/cmake --install /home/dung/ros_ws/build/my_robot_navi
[1.026s] Level 1:colcon.colcon_core.shell:create_environment_hook('my_robot_navi', 'cmake_prefix_path')
[1.026s] INFO:colcon.colcon_core.shell:Creating environment hook '/home/dung/ros_ws/install/my_robot_navi/share/my_robot_navi/hook/cmake_prefix_path.ps1'
[1.041s] INFO:colcon.colcon_core.shell:Creating environment descriptor '/home/dung/ros_ws/install/my_robot_navi/share/my_robot_navi/hook/cmake_prefix_path.dsv'
[1.041s] INFO:colcon.colcon_core.shell:Creating environment hook '/home/dung/ros_ws/install/my_robot_navi/share/my_robot_navi/hook/cmake_prefix_path.sh'
[1.048s] Level 1:colcon.colcon_core.environment:checking '/home/dung/ros_ws/install/my_robot_navi/bin'
[1.048s] Level 1:colcon.colcon_core.environment:checking '/home/dung/ros_ws/install/my_robot_navi/lib/pkgconfig/my_robot_navi.pc'
[1.049s] Level 1:colcon.colcon_core.environment:checking '/home/dung/ros_ws/install/my_robot_navi/lib/python3.10/site-packages'
[1.049s] Level 1:colcon.colcon_core.environment:checking '/home/dung/ros_ws/install/my_robot_navi/bin'
[1.049s] INFO:colcon.colcon_core.shell:Creating package script '/home/dung/ros_ws/install/my_robot_navi/share/my_robot_navi/package.ps1'
[1.050s] INFO:colcon.colcon_core.shell:Creating package descriptor '/home/dung/ros_ws/install/my_robot_navi/share/my_robot_navi/package.dsv'
[1.055s] INFO:colcon.colcon_core.shell:Creating package script '/home/dung/ros_ws/install/my_robot_navi/share/my_robot_navi/package.sh'
[1.059s] INFO:colcon.colcon_core.shell:Creating package script '/home/dung/ros_ws/install/my_robot_navi/share/my_robot_navi/package.bash'
[1.060s] INFO:colcon.colcon_core.shell:Creating package script '/home/dung/ros_ws/install/my_robot_navi/share/my_robot_navi/package.zsh'
[1.061s] Level 1:colcon.colcon_core.environment:create_file_with_runtime_dependencies(/home/dung/ros_ws/install/my_robot_navi/share/colcon-core/packages/my_robot_navi)
[1.061s] Level 1:colcon.colcon_core.environment:create_environment_scripts_only(my_robot_navi)
[1.062s] Level 1:colcon.colcon_core.environment:checking '/home/dung/ros_ws/install/my_robot_navi' for CMake module files
[1.064s] Level 1:colcon.colcon_core.environment:checking '/home/dung/ros_ws/install/my_robot_navi' for CMake config files
[1.065s] Level 1:colcon.colcon_core.shell:create_environment_hook('my_robot_navi', 'cmake_prefix_path')
[1.067s] INFO:colcon.colcon_core.shell:Creating environment hook '/home/dung/ros_ws/install/my_robot_navi/share/my_robot_navi/hook/cmake_prefix_path.ps1'
[1.071s] INFO:colcon.colcon_core.shell:Creating environment descriptor '/home/dung/ros_ws/install/my_robot_navi/share/my_robot_navi/hook/cmake_prefix_path.dsv'
[1.075s] INFO:colcon.colcon_core.shell:Creating environment hook '/home/dung/ros_ws/install/my_robot_navi/share/my_robot_navi/hook/cmake_prefix_path.sh'
[1.077s] Level 1:colcon.colcon_core.environment:checking '/home/dung/ros_ws/install/my_robot_navi/bin'
[1.077s] Level 1:colcon.colcon_core.environment:checking '/home/dung/ros_ws/install/my_robot_navi/lib/pkgconfig/my_robot_navi.pc'
[1.078s] Level 1:colcon.colcon_core.environment:checking '/home/dung/ros_ws/install/my_robot_navi/lib/python3.10/site-packages'
[1.078s] Level 1:colcon.colcon_core.environment:checking '/home/dung/ros_ws/install/my_robot_navi/bin'
[1.095s] INFO:colcon.colcon_core.shell:Creating package script '/home/dung/ros_ws/install/my_robot_navi/share/my_robot_navi/package.ps1'
[1.106s] INFO:colcon.colcon_core.shell:Creating package descriptor '/home/dung/ros_ws/install/my_robot_navi/share/my_robot_navi/package.dsv'
[1.107s] INFO:colcon.colcon_core.shell:Creating package script '/home/dung/ros_ws/install/my_robot_navi/share/my_robot_navi/package.sh'
[1.108s] INFO:colcon.colcon_core.shell:Creating package script '/home/dung/ros_ws/install/my_robot_navi/share/my_robot_navi/package.bash'
[1.109s] INFO:colcon.colcon_core.shell:Creating package script '/home/dung/ros_ws/install/my_robot_navi/share/my_robot_navi/package.zsh'
[1.112s] Level 1:colcon.colcon_core.environment:create_file_with_runtime_dependencies(/home/dung/ros_ws/install/my_robot_navi/share/colcon-core/packages/my_robot_navi)
[1.113s] INFO:colcon.colcon_ros.task.ament_cmake.build:Building ROS package in '/home/dung/ros_ws/src/myrobot_controller' with build type 'ament_cmake'
[1.113s] INFO:colcon.colcon_cmake.task.cmake.build:Building CMake package in '/home/dung/ros_ws/src/myrobot_controller'
[1.114s] INFO:colcon.colcon_core.shell:Skip shell extension 'powershell' for command environment: Not usable outside of PowerShell
[1.114s] DEBUG:colcon.colcon_core.shell:Skip shell extension 'dsv' for command environment
[1.163s] DEBUG:colcon.colcon_core.event_handler.log_command:Invoking command in '/home/dung/ros_ws/build/myrobot_controller': CMAKE_PREFIX_PATH=${CMAKE_PREFIX_PATH}:/home/dung/ros_ws/install/keyboard_teleop:/opt/ros/humble /usr/bin/cmake --build /home/dung/ros_ws/build/myrobot_controller -- -j6 -l6
[1.181s] DEBUG:colcon.colcon_core.event_handler.log_command:Invoked command in '/home/dung/ros_ws/build/my_robot_firmware' returned '0': CMAKE_PREFIX_PATH=${CMAKE_PREFIX_PATH}:/home/dung/ros_ws/install/keyboard_teleop:/opt/ros/humble /usr/bin/cmake --build /home/dung/ros_ws/build/my_robot_firmware -- -j6 -l6
[1.184s] DEBUG:colcon.colcon_core.event_handler.log_command:Invoking command in '/home/dung/ros_ws/build/my_robot_firmware': CMAKE_PREFIX_PATH=${CMAKE_PREFIX_PATH}:/home/dung/ros_ws/install/keyboard_teleop:/opt/ros/humble /usr/bin/cmake --install /home/dung/ros_ws/build/my_robot_firmware
[1.184s] Level 1:colcon.colcon_core.environment:create_environment_scripts_only(my_robot_localization)
[1.184s] Level 1:colcon.colcon_core.environment:checking '/home/dung/ros_ws/install/my_robot_localization' for CMake module files
[1.185s] Level 1:colcon.colcon_core.environment:checking '/home/dung/ros_ws/install/my_robot_localization' for CMake config files
[1.190s] Level 1:colcon.colcon_core.shell:create_environment_hook('my_robot_localization', 'cmake_prefix_path')
[1.186s] DEBUG:colcon.colcon_core.event_handler.log_command:Invoked command in '/home/dung/ros_ws/build/my_robot_localization' returned '0': CMAKE_PREFIX_PATH=${CMAKE_PREFIX_PATH}:/home/dung/ros_ws/install/keyboard_teleop:/opt/ros/humble /usr/bin/cmake --install /home/dung/ros_ws/build/my_robot_localization
[1.192s] INFO:colcon.colcon_core.shell:Creating environment hook '/home/dung/ros_ws/install/my_robot_localization/share/my_robot_localization/hook/cmake_prefix_path.ps1'
[1.198s] INFO:colcon.colcon_core.shell:Creating environment descriptor '/home/dung/ros_ws/install/my_robot_localization/share/my_robot_localization/hook/cmake_prefix_path.dsv'
[1.205s] INFO:colcon.colcon_core.shell:Creating environment hook '/home/dung/ros_ws/install/my_robot_localization/share/my_robot_localization/hook/cmake_prefix_path.sh'
[1.205s] Level 1:colcon.colcon_core.environment:checking '/home/dung/ros_ws/install/my_robot_localization/lib'
[1.205s] Level 1:colcon.colcon_core.environment:checking '/home/dung/ros_ws/install/my_robot_localization/bin'
[1.205s] Level 1:colcon.colcon_core.environment:checking '/home/dung/ros_ws/install/my_robot_localization/lib/pkgconfig/my_robot_localization.pc'
[1.206s] Level 1:colcon.colcon_core.environment:checking '/home/dung/ros_ws/install/my_robot_localization/lib/python3.10/site-packages'
[1.206s] Level 1:colcon.colcon_core.environment:checking '/home/dung/ros_ws/install/my_robot_localization/bin'
[1.206s] INFO:colcon.colcon_core.shell:Creating package script '/home/dung/ros_ws/install/my_robot_localization/share/my_robot_localization/package.ps1'
[1.210s] INFO:colcon.colcon_core.shell:Creating package descriptor '/home/dung/ros_ws/install/my_robot_localization/share/my_robot_localization/package.dsv'
[1.211s] INFO:colcon.colcon_core.shell:Creating package script '/home/dung/ros_ws/install/my_robot_localization/share/my_robot_localization/package.sh'
[1.214s] INFO:colcon.colcon_core.shell:Creating package script '/home/dung/ros_ws/install/my_robot_localization/share/my_robot_localization/package.bash'
[1.215s] INFO:colcon.colcon_core.shell:Creating package script '/home/dung/ros_ws/install/my_robot_localization/share/my_robot_localization/package.zsh'
[1.217s] Level 1:colcon.colcon_core.environment:create_file_with_runtime_dependencies(/home/dung/ros_ws/install/my_robot_localization/share/colcon-core/packages/my_robot_localization)
[1.218s] Level 1:colcon.colcon_core.environment:create_environment_scripts_only(my_robot_localization)
[1.218s] Level 1:colcon.colcon_core.environment:checking '/home/dung/ros_ws/install/my_robot_localization' for CMake module files
[1.219s] Level 1:colcon.colcon_core.environment:checking '/home/dung/ros_ws/install/my_robot_localization' for CMake config files
[1.219s] Level 1:colcon.colcon_core.shell:create_environment_hook('my_robot_localization', 'cmake_prefix_path')
[1.219s] INFO:colcon.colcon_core.shell:Creating environment hook '/home/dung/ros_ws/install/my_robot_localization/share/my_robot_localization/hook/cmake_prefix_path.ps1'
[1.225s] INFO:colcon.colcon_core.shell:Creating environment descriptor '/home/dung/ros_ws/install/my_robot_localization/share/my_robot_localization/hook/cmake_prefix_path.dsv'
[1.231s] INFO:colcon.colcon_core.shell:Creating environment hook '/home/dung/ros_ws/install/my_robot_localization/share/my_robot_localization/hook/cmake_prefix_path.sh'
[1.232s] Level 1:colcon.colcon_core.environment:checking '/home/dung/ros_ws/install/my_robot_localization/lib'
[1.233s] Level 1:colcon.colcon_core.environment:checking '/home/dung/ros_ws/install/my_robot_localization/bin'
[1.233s] Level 1:colcon.colcon_core.environment:checking '/home/dung/ros_ws/install/my_robot_localization/lib/pkgconfig/my_robot_localization.pc'
[1.233s] Level 1:colcon.colcon_core.environment:checking '/home/dung/ros_ws/install/my_robot_localization/lib/python3.10/site-packages'
[1.233s] Level 1:colcon.colcon_core.environment:checking '/home/dung/ros_ws/install/my_robot_localization/bin'
[1.234s] INFO:colcon.colcon_core.shell:Creating package script '/home/dung/ros_ws/install/my_robot_localization/share/my_robot_localization/package.ps1'
[1.234s] INFO:colcon.colcon_core.shell:Creating package descriptor '/home/dung/ros_ws/install/my_robot_localization/share/my_robot_localization/package.dsv'
[1.236s] INFO:colcon.colcon_core.shell:Creating package script '/home/dung/ros_ws/install/my_robot_localization/share/my_robot_localization/package.sh'
[1.237s] INFO:colcon.colcon_core.shell:Creating package script '/home/dung/ros_ws/install/my_robot_localization/share/my_robot_localization/package.bash'
[1.239s] INFO:colcon.colcon_core.shell:Creating package script '/home/dung/ros_ws/install/my_robot_localization/share/my_robot_localization/package.zsh'
[1.240s] Level 1:colcon.colcon_core.environment:create_file_with_runtime_dependencies(/home/dung/ros_ws/install/my_robot_localization/share/colcon-core/packages/my_robot_localization)
[1.240s] INFO:colcon.colcon_ros.task.ament_cmake.build:Building ROS package in '/home/dung/ros_ws/src/my_robot_bringup' with build type 'ament_cmake'
[1.240s] INFO:colcon.colcon_cmake.task.cmake.build:Building CMake package in '/home/dung/ros_ws/src/my_robot_bringup'
[1.241s] INFO:colcon.colcon_core.shell:Skip shell extension 'powershell' for command environment: Not usable outside of PowerShell
[1.242s] DEBUG:colcon.colcon_core.shell:Skip shell extension 'dsv' for command environment
[1.283s] DEBUG:colcon.colcon_core.event_handler.log_command:Invoking command in '/home/dung/ros_ws/build/my_robot_bringup': CMAKE_PREFIX_PATH=/home/dung/ros_ws/install/my_robot_description:/home/dung/ros_ws/install/myrobot_controller:/home/dung/ros_ws/install/my_robot_utils:/home/dung/ros_ws/install/my_robot_planning:/home/dung/ros_ws/install/my_robot_navi:/home/dung/ros_ws/install/my_robot_msgs:/home/dung/ros_ws/install/my_robot_motion:/home/dung/ros_ws/install/my_robot_mapping:/home/dung/ros_ws/install/my_robot_localization:/home/dung/ros_ws/install/my_robot_firmware:/home/dung/ros_ws/install/my_robot_bringup:/home/dung/ros_ws/install/keyboard_teleop:/opt/ros/humble /usr/bin/cmake --build /home/dung/ros_ws/build/my_robot_bringup -- -j6 -l6
[1.326s] Level 1:colcon.colcon_core.environment:create_environment_scripts_only(my_robot_firmware)
[1.326s] Level 1:colcon.colcon_core.environment:checking '/home/dung/ros_ws/install/my_robot_firmware' for CMake module files
[1.327s] Level 1:colcon.colcon_core.environment:checking '/home/dung/ros_ws/install/my_robot_firmware' for CMake config files
[1.327s] Level 1:colcon.colcon_core.shell:create_environment_hook('my_robot_firmware', 'cmake_prefix_path')
[1.327s] INFO:colcon.colcon_core.shell:Creating environment hook '/home/dung/ros_ws/install/my_robot_firmware/share/my_robot_firmware/hook/cmake_prefix_path.ps1'
[1.328s] INFO:colcon.colcon_core.shell:Creating environment descriptor '/home/dung/ros_ws/install/my_robot_firmware/share/my_robot_firmware/hook/cmake_prefix_path.dsv'
[1.334s] DEBUG:colcon.colcon_core.event_handler.log_command:Invoked command in '/home/dung/ros_ws/build/my_robot_firmware' returned '0': CMAKE_PREFIX_PATH=${CMAKE_PREFIX_PATH}:/home/dung/ros_ws/install/keyboard_teleop:/opt/ros/humble /usr/bin/cmake --install /home/dung/ros_ws/build/my_robot_firmware
[1.337s] INFO:colcon.colcon_core.shell:Creating environment hook '/home/dung/ros_ws/install/my_robot_firmware/share/my_robot_firmware/hook/cmake_prefix_path.sh'
[1.338s] Level 1:colcon.colcon_core.environment:checking '/home/dung/ros_ws/install/my_robot_firmware/lib'
[1.338s] Level 1:colcon.colcon_core.environment:checking '/home/dung/ros_ws/install/my_robot_firmware/bin'
[1.338s] Level 1:colcon.colcon_core.environment:checking '/home/dung/ros_ws/install/my_robot_firmware/lib/pkgconfig/my_robot_firmware.pc'
[1.338s] Level 1:colcon.colcon_core.environment:checking '/home/dung/ros_ws/install/my_robot_firmware/lib/python3.10/site-packages'
[1.338s] Level 1:colcon.colcon_core.environment:checking '/home/dung/ros_ws/install/my_robot_firmware/bin'
[1.339s] INFO:colcon.colcon_core.shell:Creating package script '/home/dung/ros_ws/install/my_robot_firmware/share/my_robot_firmware/package.ps1'
[1.339s] INFO:colcon.colcon_core.shell:Creating package descriptor '/home/dung/ros_ws/install/my_robot_firmware/share/my_robot_firmware/package.dsv'
[1.346s] INFO:colcon.colcon_core.shell:Creating package script '/home/dung/ros_ws/install/my_robot_firmware/share/my_robot_firmware/package.sh'
[1.347s] INFO:colcon.colcon_core.shell:Creating package script '/home/dung/ros_ws/install/my_robot_firmware/share/my_robot_firmware/package.bash'
[1.348s] INFO:colcon.colcon_core.shell:Creating package script '/home/dung/ros_ws/install/my_robot_firmware/share/my_robot_firmware/package.zsh'
[1.348s] Level 1:colcon.colcon_core.environment:create_file_with_runtime_dependencies(/home/dung/ros_ws/install/my_robot_firmware/share/colcon-core/packages/my_robot_firmware)
[1.352s] Level 1:colcon.colcon_core.environment:create_environment_scripts_only(my_robot_firmware)
[1.352s] Level 1:colcon.colcon_core.environment:checking '/home/dung/ros_ws/install/my_robot_firmware' for CMake module files
[1.355s] Level 1:colcon.colcon_core.environment:checking '/home/dung/ros_ws/install/my_robot_firmware' for CMake config files
[1.356s] Level 1:colcon.colcon_core.shell:create_environment_hook('my_robot_firmware', 'cmake_prefix_path')
[1.356s] INFO:colcon.colcon_core.shell:Creating environment hook '/home/dung/ros_ws/install/my_robot_firmware/share/my_robot_firmware/hook/cmake_prefix_path.ps1'
[1.360s] INFO:colcon.colcon_core.shell:Creating environment descriptor '/home/dung/ros_ws/install/my_robot_firmware/share/my_robot_firmware/hook/cmake_prefix_path.dsv'
[1.362s] INFO:colcon.colcon_core.shell:Creating environment hook '/home/dung/ros_ws/install/my_robot_firmware/share/my_robot_firmware/hook/cmake_prefix_path.sh'
[1.367s] Level 1:colcon.colcon_core.environment:checking '/home/dung/ros_ws/install/my_robot_firmware/lib'
[1.367s] Level 1:colcon.colcon_core.environment:checking '/home/dung/ros_ws/install/my_robot_firmware/bin'
[1.370s] Level 1:colcon.colcon_core.environment:checking '/home/dung/ros_ws/install/my_robot_firmware/lib/pkgconfig/my_robot_firmware.pc'
[1.373s] Level 1:colcon.colcon_core.environment:checking '/home/dung/ros_ws/install/my_robot_firmware/lib/python3.10/site-packages'
[1.374s] Level 1:colcon.colcon_core.environment:checking '/home/dung/ros_ws/install/my_robot_firmware/bin'
[1.374s] INFO:colcon.colcon_core.shell:Creating package script '/home/dung/ros_ws/install/my_robot_firmware/share/my_robot_firmware/package.ps1'
[1.375s] INFO:colcon.colcon_core.shell:Creating package descriptor '/home/dung/ros_ws/install/my_robot_firmware/share/my_robot_firmware/package.dsv'
[1.376s] INFO:colcon.colcon_core.shell:Creating package script '/home/dung/ros_ws/install/my_robot_firmware/share/my_robot_firmware/package.sh'
[1.380s] INFO:colcon.colcon_core.shell:Creating package script '/home/dung/ros_ws/install/my_robot_firmware/share/my_robot_firmware/package.bash'
[1.381s] INFO:colcon.colcon_core.shell:Creating package script '/home/dung/ros_ws/install/my_robot_firmware/share/my_robot_firmware/package.zsh'
[1.381s] Level 1:colcon.colcon_core.environment:create_file_with_runtime_dependencies(/home/dung/ros_ws/install/my_robot_firmware/share/colcon-core/packages/my_robot_firmware)
[1.419s] DEBUG:colcon.colcon_core.event_handler.log_command:Invoked command in '/home/dung/ros_ws/build/my_robot_bringup' returned '0': CMAKE_PREFIX_PATH=/home/dung/ros_ws/install/my_robot_description:/home/dung/ros_ws/install/myrobot_controller:/home/dung/ros_ws/install/my_robot_utils:/home/dung/ros_ws/install/my_robot_planning:/home/dung/ros_ws/install/my_robot_navi:/home/dung/ros_ws/install/my_robot_msgs:/home/dung/ros_ws/install/my_robot_motion:/home/dung/ros_ws/install/my_robot_mapping:/home/dung/ros_ws/install/my_robot_localization:/home/dung/ros_ws/install/my_robot_firmware:/home/dung/ros_ws/install/my_robot_bringup:/home/dung/ros_ws/install/keyboard_teleop:/opt/ros/humble /usr/bin/cmake --build /home/dung/ros_ws/build/my_robot_bringup -- -j6 -l6
[1.419s] DEBUG:colcon.colcon_core.event_handler.log_command:Invoking command in '/home/dung/ros_ws/build/my_robot_bringup': CMAKE_PREFIX_PATH=/home/dung/ros_ws/install/my_robot_description:/home/dung/ros_ws/install/myrobot_controller:/home/dung/ros_ws/install/my_robot_utils:/home/dung/ros_ws/install/my_robot_planning:/home/dung/ros_ws/install/my_robot_navi:/home/dung/ros_ws/install/my_robot_msgs:/home/dung/ros_ws/install/my_robot_motion:/home/dung/ros_ws/install/my_robot_mapping:/home/dung/ros_ws/install/my_robot_localization:/home/dung/ros_ws/install/my_robot_firmware:/home/dung/ros_ws/install/my_robot_bringup:/home/dung/ros_ws/install/keyboard_teleop:/opt/ros/humble /usr/bin/cmake --install /home/dung/ros_ws/build/my_robot_bringup
[1.437s] Level 1:colcon.colcon_core.environment:create_environment_scripts_only(my_robot_bringup)
[1.437s] Level 1:colcon.colcon_core.environment:checking '/home/dung/ros_ws/install/my_robot_bringup' for CMake module files
[1.438s] Level 1:colcon.colcon_core.environment:checking '/home/dung/ros_ws/install/my_robot_bringup' for CMake config files
[1.438s] Level 1:colcon.colcon_core.shell:create_environment_hook('my_robot_bringup', 'cmake_prefix_path')
[1.438s] INFO:colcon.colcon_core.shell:Creating environment hook '/home/dung/ros_ws/install/my_robot_bringup/share/my_robot_bringup/hook/cmake_prefix_path.ps1'
[1.442s] DEBUG:colcon.colcon_core.event_handler.log_command:Invoked command in '/home/dung/ros_ws/build/my_robot_bringup' returned '0': CMAKE_PREFIX_PATH=/home/dung/ros_ws/install/my_robot_description:/home/dung/ros_ws/install/myrobot_controller:/home/dung/ros_ws/install/my_robot_utils:/home/dung/ros_ws/install/my_robot_planning:/home/dung/ros_ws/install/my_robot_navi:/home/dung/ros_ws/install/my_robot_msgs:/home/dung/ros_ws/install/my_robot_motion:/home/dung/ros_ws/install/my_robot_mapping:/home/dung/ros_ws/install/my_robot_localization:/home/dung/ros_ws/install/my_robot_firmware:/home/dung/ros_ws/install/my_robot_bringup:/home/dung/ros_ws/install/keyboard_teleop:/opt/ros/humble /usr/bin/cmake --install /home/dung/ros_ws/build/my_robot_bringup
[1.448s] INFO:colcon.colcon_core.shell:Creating environment descriptor '/home/dung/ros_ws/install/my_robot_bringup/share/my_robot_bringup/hook/cmake_prefix_path.dsv'
[1.452s] INFO:colcon.colcon_core.shell:Creating environment hook '/home/dung/ros_ws/install/my_robot_bringup/share/my_robot_bringup/hook/cmake_prefix_path.sh'
[1.454s] Level 1:colcon.colcon_core.environment:checking '/home/dung/ros_ws/install/my_robot_bringup/bin'
[1.455s] Level 1:colcon.colcon_core.environment:checking '/home/dung/ros_ws/install/my_robot_bringup/lib/pkgconfig/my_robot_bringup.pc'
[1.455s] Level 1:colcon.colcon_core.environment:checking '/home/dung/ros_ws/install/my_robot_bringup/lib/python3.10/site-packages'
[1.461s] Level 1:colcon.colcon_core.environment:checking '/home/dung/ros_ws/install/my_robot_bringup/bin'
[1.461s] INFO:colcon.colcon_core.shell:Creating package script '/home/dung/ros_ws/install/my_robot_bringup/share/my_robot_bringup/package.ps1'
[1.462s] INFO:colcon.colcon_core.shell:Creating package descriptor '/home/dung/ros_ws/install/my_robot_bringup/share/my_robot_bringup/package.dsv'
[1.468s] INFO:colcon.colcon_core.shell:Creating package script '/home/dung/ros_ws/install/my_robot_bringup/share/my_robot_bringup/package.sh'
[1.468s] INFO:colcon.colcon_core.shell:Creating package script '/home/dung/ros_ws/install/my_robot_bringup/share/my_robot_bringup/package.bash'
[1.468s] INFO:colcon.colcon_core.shell:Creating package script '/home/dung/ros_ws/install/my_robot_bringup/share/my_robot_bringup/package.zsh'
[1.479s] Level 1:colcon.colcon_core.environment:create_file_with_runtime_dependencies(/home/dung/ros_ws/install/my_robot_bringup/share/colcon-core/packages/my_robot_bringup)
[1.480s] Level 1:colcon.colcon_core.environment:create_environment_scripts_only(my_robot_bringup)
[1.480s] Level 1:colcon.colcon_core.environment:checking '/home/dung/ros_ws/install/my_robot_bringup' for CMake module files
[1.481s] Level 1:colcon.colcon_core.environment:checking '/home/dung/ros_ws/install/my_robot_bringup' for CMake config files
[1.481s] Level 1:colcon.colcon_core.shell:create_environment_hook('my_robot_bringup', 'cmake_prefix_path')
[1.487s] INFO:colcon.colcon_core.shell:Creating environment hook '/home/dung/ros_ws/install/my_robot_bringup/share/my_robot_bringup/hook/cmake_prefix_path.ps1'
[1.491s] INFO:colcon.colcon_core.shell:Creating environment descriptor '/home/dung/ros_ws/install/my_robot_bringup/share/my_robot_bringup/hook/cmake_prefix_path.dsv'
[1.492s] INFO:colcon.colcon_core.shell:Creating environment hook '/home/dung/ros_ws/install/my_robot_bringup/share/my_robot_bringup/hook/cmake_prefix_path.sh'
[1.498s] Level 1:colcon.colcon_core.environment:checking '/home/dung/ros_ws/install/my_robot_bringup/bin'
[1.499s] Level 1:colcon.colcon_core.environment:checking '/home/dung/ros_ws/install/my_robot_bringup/lib/pkgconfig/my_robot_bringup.pc'
[1.499s] Level 1:colcon.colcon_core.environment:checking '/home/dung/ros_ws/install/my_robot_bringup/lib/python3.10/site-packages'
[1.499s] Level 1:colcon.colcon_core.environment:checking '/home/dung/ros_ws/install/my_robot_bringup/bin'
[1.500s] INFO:colcon.colcon_core.shell:Creating package script '/home/dung/ros_ws/install/my_robot_bringup/share/my_robot_bringup/package.ps1'
[1.500s] INFO:colcon.colcon_core.shell:Creating package descriptor '/home/dung/ros_ws/install/my_robot_bringup/share/my_robot_bringup/package.dsv'
[1.505s] INFO:colcon.colcon_core.shell:Creating package script '/home/dung/ros_ws/install/my_robot_bringup/share/my_robot_bringup/package.sh'
[1.506s] INFO:colcon.colcon_core.shell:Creating package script '/home/dung/ros_ws/install/my_robot_bringup/share/my_robot_bringup/package.bash'
[1.507s] INFO:colcon.colcon_core.shell:Creating package script '/home/dung/ros_ws/install/my_robot_bringup/share/my_robot_bringup/package.zsh'
[1.512s] Level 1:colcon.colcon_core.environment:create_file_with_runtime_dependencies(/home/dung/ros_ws/install/my_robot_bringup/share/colcon-core/packages/my_robot_bringup)
[1.881s] DEBUG:colcon.colcon_core.event_handler.log_command:Invoked command in '/home/dung/ros_ws/build/my_robot_planning' returned '0': CMAKE_PREFIX_PATH=${CMAKE_PREFIX_PATH}:/home/dung/ros_ws/install/keyboard_teleop:/opt/ros/humble /usr/bin/cmake --build /home/dung/ros_ws/build/my_robot_planning -- -j6 -l6
[1.886s] DEBUG:colcon.colcon_core.event_handler.log_command:Invoking command in '/home/dung/ros_ws/build/my_robot_planning': CMAKE_PREFIX_PATH=${CMAKE_PREFIX_PATH}:/home/dung/ros_ws/install/keyboard_teleop:/opt/ros/humble /usr/bin/cmake --install /home/dung/ros_ws/build/my_robot_planning
[1.919s] DEBUG:colcon.colcon_core.event_handler.log_command:Invoked command in '/home/dung/ros_ws/build/my_robot_utils' returned '0': CMAKE_PREFIX_PATH=${CMAKE_PREFIX_PATH}:/home/dung/ros_ws/install/keyboard_teleop:/opt/ros/humble /usr/bin/cmake --build /home/dung/ros_ws/build/my_robot_utils -- -j6 -l6
[1.922s] DEBUG:colcon.colcon_core.event_handler.log_command:Invoking command in '/home/dung/ros_ws/build/my_robot_utils': CMAKE_PREFIX_PATH=${CMAKE_PREFIX_PATH}:/home/dung/ros_ws/install/keyboard_teleop:/opt/ros/humble /usr/bin/cmake --install /home/dung/ros_ws/build/my_robot_utils
[1.990s] Level 1:colcon.colcon_core.environment:create_environment_scripts_only(my_robot_planning)
[1.992s] Level 1:colcon.colcon_core.environment:checking '/home/dung/ros_ws/install/my_robot_planning' for CMake module files
[1.994s] DEBUG:colcon.colcon_core.event_handler.log_command:Invoked command in '/home/dung/ros_ws/build/my_robot_planning' returned '0': CMAKE_PREFIX_PATH=${CMAKE_PREFIX_PATH}:/home/dung/ros_ws/install/keyboard_teleop:/opt/ros/humble /usr/bin/cmake --install /home/dung/ros_ws/build/my_robot_planning
[1.994s] Level 1:colcon.colcon_core.environment:checking '/home/dung/ros_ws/install/my_robot_planning' for CMake config files
[1.995s] Level 1:colcon.colcon_core.shell:create_environment_hook('my_robot_planning', 'cmake_prefix_path')
[1.995s] INFO:colcon.colcon_core.shell:Creating environment hook '/home/dung/ros_ws/install/my_robot_planning/share/my_robot_planning/hook/cmake_prefix_path.ps1'
[1.996s] INFO:colcon.colcon_core.shell:Creating environment descriptor '/home/dung/ros_ws/install/my_robot_planning/share/my_robot_planning/hook/cmake_prefix_path.dsv'
[1.997s] INFO:colcon.colcon_core.shell:Creating environment hook '/home/dung/ros_ws/install/my_robot_planning/share/my_robot_planning/hook/cmake_prefix_path.sh'
[2.000s] Level 1:colcon.colcon_core.environment:checking '/home/dung/ros_ws/install/my_robot_planning/lib'
[2.000s] Level 1:colcon.colcon_core.shell:create_environment_hook('my_robot_planning', 'ld_library_path_lib')
[2.000s] INFO:colcon.colcon_core.shell:Creating environment hook '/home/dung/ros_ws/install/my_robot_planning/share/my_robot_planning/hook/ld_library_path_lib.ps1'
[2.001s] INFO:colcon.colcon_core.shell:Creating environment descriptor '/home/dung/ros_ws/install/my_robot_planning/share/my_robot_planning/hook/ld_library_path_lib.dsv'
[2.004s] INFO:colcon.colcon_core.shell:Creating environment hook '/home/dung/ros_ws/install/my_robot_planning/share/my_robot_planning/hook/ld_library_path_lib.sh'
[2.006s] Level 1:colcon.colcon_core.environment:checking '/home/dung/ros_ws/install/my_robot_planning/bin'
[2.007s] Level 1:colcon.colcon_core.environment:checking '/home/dung/ros_ws/install/my_robot_planning/lib/pkgconfig/my_robot_planning.pc'
[2.007s] Level 1:colcon.colcon_core.environment:checking '/home/dung/ros_ws/install/my_robot_planning/lib/python3.10/site-packages'
[2.007s] Level 1:colcon.colcon_core.environment:checking '/home/dung/ros_ws/install/my_robot_planning/bin'
[2.007s] INFO:colcon.colcon_core.shell:Creating package script '/home/dung/ros_ws/install/my_robot_planning/share/my_robot_planning/package.ps1'
[2.009s] INFO:colcon.colcon_core.shell:Creating package descriptor '/home/dung/ros_ws/install/my_robot_planning/share/my_robot_planning/package.dsv'
[2.010s] INFO:colcon.colcon_core.shell:Creating package script '/home/dung/ros_ws/install/my_robot_planning/share/my_robot_planning/package.sh'
[2.010s] INFO:colcon.colcon_core.shell:Creating package script '/home/dung/ros_ws/install/my_robot_planning/share/my_robot_planning/package.bash'
[2.011s] INFO:colcon.colcon_core.shell:Creating package script '/home/dung/ros_ws/install/my_robot_planning/share/my_robot_planning/package.zsh'
[2.011s] Level 1:colcon.colcon_core.environment:create_file_with_runtime_dependencies(/home/dung/ros_ws/install/my_robot_planning/share/colcon-core/packages/my_robot_planning)
[2.012s] Level 1:colcon.colcon_core.environment:create_environment_scripts_only(my_robot_planning)
[2.012s] Level 1:colcon.colcon_core.environment:checking '/home/dung/ros_ws/install/my_robot_planning' for CMake module files
[2.013s] Level 1:colcon.colcon_core.environment:checking '/home/dung/ros_ws/install/my_robot_planning' for CMake config files
[2.013s] Level 1:colcon.colcon_core.shell:create_environment_hook('my_robot_planning', 'cmake_prefix_path')
[2.013s] INFO:colcon.colcon_core.shell:Creating environment hook '/home/dung/ros_ws/install/my_robot_planning/share/my_robot_planning/hook/cmake_prefix_path.ps1'
[2.013s] INFO:colcon.colcon_core.shell:Creating environment descriptor '/home/dung/ros_ws/install/my_robot_planning/share/my_robot_planning/hook/cmake_prefix_path.dsv'
[2.016s] INFO:colcon.colcon_core.shell:Creating environment hook '/home/dung/ros_ws/install/my_robot_planning/share/my_robot_planning/hook/cmake_prefix_path.sh'
[2.018s] Level 1:colcon.colcon_core.environment:checking '/home/dung/ros_ws/install/my_robot_planning/lib'
[2.018s] Level 1:colcon.colcon_core.shell:create_environment_hook('my_robot_planning', 'ld_library_path_lib')
[2.018s] INFO:colcon.colcon_core.shell:Creating environment hook '/home/dung/ros_ws/install/my_robot_planning/share/my_robot_planning/hook/ld_library_path_lib.ps1'
[2.019s] INFO:colcon.colcon_core.shell:Creating environment descriptor '/home/dung/ros_ws/install/my_robot_planning/share/my_robot_planning/hook/ld_library_path_lib.dsv'
[2.023s] INFO:colcon.colcon_core.shell:Creating environment hook '/home/dung/ros_ws/install/my_robot_planning/share/my_robot_planning/hook/ld_library_path_lib.sh'
[2.023s] Level 1:colcon.colcon_core.environment:checking '/home/dung/ros_ws/install/my_robot_planning/bin'
[2.024s] Level 1:colcon.colcon_core.environment:checking '/home/dung/ros_ws/install/my_robot_planning/lib/pkgconfig/my_robot_planning.pc'
[2.024s] Level 1:colcon.colcon_core.environment:checking '/home/dung/ros_ws/install/my_robot_planning/lib/python3.10/site-packages'
[2.024s] Level 1:colcon.colcon_core.environment:checking '/home/dung/ros_ws/install/my_robot_planning/bin'
[2.024s] INFO:colcon.colcon_core.shell:Creating package script '/home/dung/ros_ws/install/my_robot_planning/share/my_robot_planning/package.ps1'
[2.030s] INFO:colcon.colcon_core.shell:Creating package descriptor '/home/dung/ros_ws/install/my_robot_planning/share/my_robot_planning/package.dsv'
[2.043s] INFO:colcon.colcon_core.shell:Creating package script '/home/dung/ros_ws/install/my_robot_planning/share/my_robot_planning/package.sh'
[2.044s] INFO:colcon.colcon_core.shell:Creating package script '/home/dung/ros_ws/install/my_robot_planning/share/my_robot_planning/package.bash'
[2.045s] INFO:colcon.colcon_core.shell:Creating package script '/home/dung/ros_ws/install/my_robot_planning/share/my_robot_planning/package.zsh'
[2.046s] Level 1:colcon.colcon_core.environment:create_file_with_runtime_dependencies(/home/dung/ros_ws/install/my_robot_planning/share/colcon-core/packages/my_robot_planning)
[2.049s] Level 1:colcon.colcon_core.environment:create_environment_scripts_only(my_robot_utils)
[2.050s] Level 1:colcon.colcon_core.environment:checking '/home/dung/ros_ws/install/my_robot_utils' for CMake module files
[2.050s] DEBUG:colcon.colcon_core.event_handler.log_command:Invoked command in '/home/dung/ros_ws/build/my_robot_utils' returned '0': CMAKE_PREFIX_PATH=${CMAKE_PREFIX_PATH}:/home/dung/ros_ws/install/keyboard_teleop:/opt/ros/humble /usr/bin/cmake --install /home/dung/ros_ws/build/my_robot_utils
[2.051s] Level 1:colcon.colcon_core.environment:checking '/home/dung/ros_ws/install/my_robot_utils' for CMake config files
[2.052s] Level 1:colcon.colcon_core.shell:create_environment_hook('my_robot_utils', 'cmake_prefix_path')
[2.053s] INFO:colcon.colcon_core.shell:Creating environment hook '/home/dung/ros_ws/install/my_robot_utils/share/my_robot_utils/hook/cmake_prefix_path.ps1'
[2.053s] INFO:colcon.colcon_core.shell:Creating environment descriptor '/home/dung/ros_ws/install/my_robot_utils/share/my_robot_utils/hook/cmake_prefix_path.dsv'
[2.055s] INFO:colcon.colcon_core.shell:Creating environment hook '/home/dung/ros_ws/install/my_robot_utils/share/my_robot_utils/hook/cmake_prefix_path.sh'
[2.056s] Level 1:colcon.colcon_core.environment:checking '/home/dung/ros_ws/install/my_robot_utils/lib'
[2.056s] Level 1:colcon.colcon_core.environment:checking '/home/dung/ros_ws/install/my_robot_utils/bin'
[2.056s] Level 1:colcon.colcon_core.environment:checking '/home/dung/ros_ws/install/my_robot_utils/lib/pkgconfig/my_robot_utils.pc'
[2.056s] Level 1:colcon.colcon_core.environment:checking '/home/dung/ros_ws/install/my_robot_utils/lib/python3.10/site-packages'
[2.056s] Level 1:colcon.colcon_core.environment:checking '/home/dung/ros_ws/install/my_robot_utils/bin'
[2.057s] INFO:colcon.colcon_core.shell:Creating package script '/home/dung/ros_ws/install/my_robot_utils/share/my_robot_utils/package.ps1'
[2.058s] INFO:colcon.colcon_core.shell:Creating package descriptor '/home/dung/ros_ws/install/my_robot_utils/share/my_robot_utils/package.dsv'
[2.058s] INFO:colcon.colcon_core.shell:Creating package script '/home/dung/ros_ws/install/my_robot_utils/share/my_robot_utils/package.sh'
[2.060s] INFO:colcon.colcon_core.shell:Creating package script '/home/dung/ros_ws/install/my_robot_utils/share/my_robot_utils/package.bash'
[2.060s] INFO:colcon.colcon_core.shell:Creating package script '/home/dung/ros_ws/install/my_robot_utils/share/my_robot_utils/package.zsh'
[2.061s] Level 1:colcon.colcon_core.environment:create_file_with_runtime_dependencies(/home/dung/ros_ws/install/my_robot_utils/share/colcon-core/packages/my_robot_utils)
[2.065s] Level 1:colcon.colcon_core.environment:create_environment_scripts_only(my_robot_utils)
[2.065s] Level 1:colcon.colcon_core.environment:checking '/home/dung/ros_ws/install/my_robot_utils' for CMake module files
[2.065s] Level 1:colcon.colcon_core.environment:checking '/home/dung/ros_ws/install/my_robot_utils' for CMake config files
[2.065s] Level 1:colcon.colcon_core.shell:create_environment_hook('my_robot_utils', 'cmake_prefix_path')
[2.065s] INFO:colcon.colcon_core.shell:Creating environment hook '/home/dung/ros_ws/install/my_robot_utils/share/my_robot_utils/hook/cmake_prefix_path.ps1'
[2.066s] INFO:colcon.colcon_core.shell:Creating environment descriptor '/home/dung/ros_ws/install/my_robot_utils/share/my_robot_utils/hook/cmake_prefix_path.dsv'
[2.068s] INFO:colcon.colcon_core.shell:Creating environment hook '/home/dung/ros_ws/install/my_robot_utils/share/my_robot_utils/hook/cmake_prefix_path.sh'
[2.069s] Level 1:colcon.colcon_core.environment:checking '/home/dung/ros_ws/install/my_robot_utils/lib'
[2.070s] Level 1:colcon.colcon_core.environment:checking '/home/dung/ros_ws/install/my_robot_utils/bin'
[2.070s] Level 1:colcon.colcon_core.environment:checking '/home/dung/ros_ws/install/my_robot_utils/lib/pkgconfig/my_robot_utils.pc'
[2.071s] Level 1:colcon.colcon_core.environment:checking '/home/dung/ros_ws/install/my_robot_utils/lib/python3.10/site-packages'
[2.072s] Level 1:colcon.colcon_core.environment:checking '/home/dung/ros_ws/install/my_robot_utils/bin'
[2.072s] INFO:colcon.colcon_core.shell:Creating package script '/home/dung/ros_ws/install/my_robot_utils/share/my_robot_utils/package.ps1'
[2.076s] INFO:colcon.colcon_core.shell:Creating package descriptor '/home/dung/ros_ws/install/my_robot_utils/share/my_robot_utils/package.dsv'
[2.077s] INFO:colcon.colcon_core.shell:Creating package script '/home/dung/ros_ws/install/my_robot_utils/share/my_robot_utils/package.sh'
[2.080s] INFO:colcon.colcon_core.shell:Creating package script '/home/dung/ros_ws/install/my_robot_utils/share/my_robot_utils/package.bash'
[2.081s] INFO:colcon.colcon_core.shell:Creating package script '/home/dung/ros_ws/install/my_robot_utils/share/my_robot_utils/package.zsh'
[2.085s] Level 1:colcon.colcon_core.environment:create_file_with_runtime_dependencies(/home/dung/ros_ws/install/my_robot_utils/share/colcon-core/packages/my_robot_utils)
[2.087s] DEBUG:colcon.colcon_core.event_handler.log_command:Invoked command in '/home/dung/ros_ws/build/myrobot_controller' returned '0': CMAKE_PREFIX_PATH=${CMAKE_PREFIX_PATH}:/home/dung/ros_ws/install/keyboard_teleop:/opt/ros/humble /usr/bin/cmake --build /home/dung/ros_ws/build/myrobot_controller -- -j6 -l6
[2.091s] DEBUG:colcon.colcon_core.event_handler.log_command:Invoking command in '/home/dung/ros_ws/build/myrobot_controller': CMAKE_PREFIX_PATH=${CMAKE_PREFIX_PATH}:/home/dung/ros_ws/install/keyboard_teleop:/opt/ros/humble /usr/bin/cmake --install /home/dung/ros_ws/build/myrobot_controller
[2.197s] DEBUG:colcon.colcon_core.event_handler.log_command:Invoked command in '/home/dung/ros_ws/build/my_robot_msgs' returned '0': CMAKE_PREFIX_PATH=${CMAKE_PREFIX_PATH}:/home/dung/ros_ws/install/keyboard_teleop:/opt/ros/humble /usr/bin/cmake --build /home/dung/ros_ws/build/my_robot_msgs -- -j6 -l6
[2.197s] DEBUG:colcon.colcon_core.event_handler.log_command:Invoking command in '/home/dung/ros_ws/build/my_robot_msgs': CMAKE_PREFIX_PATH=${CMAKE_PREFIX_PATH}:/home/dung/ros_ws/install/keyboard_teleop:/opt/ros/humble /usr/bin/cmake --install /home/dung/ros_ws/build/my_robot_msgs
[2.201s] Level 1:colcon.colcon_core.environment:create_environment_scripts_only(myrobot_controller)
[2.202s] Level 1:colcon.colcon_core.environment:checking '/home/dung/ros_ws/install/myrobot_controller' for CMake module files
[2.206s] DEBUG:colcon.colcon_core.event_handler.log_command:Invoked command in '/home/dung/ros_ws/build/myrobot_controller' returned '0': CMAKE_PREFIX_PATH=${CMAKE_PREFIX_PATH}:/home/dung/ros_ws/install/keyboard_teleop:/opt/ros/humble /usr/bin/cmake --install /home/dung/ros_ws/build/myrobot_controller
[2.223s] Level 1:colcon.colcon_core.environment:checking '/home/dung/ros_ws/install/myrobot_controller' for CMake config files
[2.224s] Level 1:colcon.colcon_core.shell:create_environment_hook('myrobot_controller', 'cmake_prefix_path')
[2.224s] INFO:colcon.colcon_core.shell:Creating environment hook '/home/dung/ros_ws/install/myrobot_controller/share/myrobot_controller/hook/cmake_prefix_path.ps1'
[2.232s] INFO:colcon.colcon_core.shell:Creating environment descriptor '/home/dung/ros_ws/install/myrobot_controller/share/myrobot_controller/hook/cmake_prefix_path.dsv'
[2.233s] INFO:colcon.colcon_core.shell:Creating environment hook '/home/dung/ros_ws/install/myrobot_controller/share/myrobot_controller/hook/cmake_prefix_path.sh'
[2.235s] Level 1:colcon.colcon_core.environment:checking '/home/dung/ros_ws/install/myrobot_controller/lib'
[2.235s] Level 1:colcon.colcon_core.environment:checking '/home/dung/ros_ws/install/myrobot_controller/bin'
[2.235s] Level 1:colcon.colcon_core.environment:checking '/home/dung/ros_ws/install/myrobot_controller/lib/pkgconfig/myrobot_controller.pc'
[2.236s] Level 1:colcon.colcon_core.environment:checking '/home/dung/ros_ws/install/myrobot_controller/lib/python3.10/site-packages'
[2.236s] Level 1:colcon.colcon_core.environment:checking '/home/dung/ros_ws/install/myrobot_controller/bin'
[2.236s] INFO:colcon.colcon_core.shell:Creating package script '/home/dung/ros_ws/install/myrobot_controller/share/myrobot_controller/package.ps1'
[2.237s] INFO:colcon.colcon_core.shell:Creating package descriptor '/home/dung/ros_ws/install/myrobot_controller/share/myrobot_controller/package.dsv'
[2.238s] INFO:colcon.colcon_core.shell:Creating package script '/home/dung/ros_ws/install/myrobot_controller/share/myrobot_controller/package.sh'
[2.239s] INFO:colcon.colcon_core.shell:Creating package script '/home/dung/ros_ws/install/myrobot_controller/share/myrobot_controller/package.bash'
[2.240s] INFO:colcon.colcon_core.shell:Creating package script '/home/dung/ros_ws/install/myrobot_controller/share/myrobot_controller/package.zsh'
[2.240s] Level 1:colcon.colcon_core.environment:create_file_with_runtime_dependencies(/home/dung/ros_ws/install/myrobot_controller/share/colcon-core/packages/myrobot_controller)
[2.241s] Level 1:colcon.colcon_core.environment:create_environment_scripts_only(myrobot_controller)
[2.241s] Level 1:colcon.colcon_core.environment:checking '/home/dung/ros_ws/install/myrobot_controller' for CMake module files
[2.241s] Level 1:colcon.colcon_core.environment:checking '/home/dung/ros_ws/install/myrobot_controller' for CMake config files
[2.242s] Level 1:colcon.colcon_core.shell:create_environment_hook('myrobot_controller', 'cmake_prefix_path')
[2.242s] INFO:colcon.colcon_core.shell:Creating environment hook '/home/dung/ros_ws/install/myrobot_controller/share/myrobot_controller/hook/cmake_prefix_path.ps1'
[2.242s] INFO:colcon.colcon_core.shell:Creating environment descriptor '/home/dung/ros_ws/install/myrobot_controller/share/myrobot_controller/hook/cmake_prefix_path.dsv'
[2.249s] INFO:colcon.colcon_core.shell:Creating environment hook '/home/dung/ros_ws/install/myrobot_controller/share/myrobot_controller/hook/cmake_prefix_path.sh'
[2.250s] Level 1:colcon.colcon_core.environment:checking '/home/dung/ros_ws/install/myrobot_controller/lib'
[2.250s] Level 1:colcon.colcon_core.environment:checking '/home/dung/ros_ws/install/myrobot_controller/bin'
[2.251s] Level 1:colcon.colcon_core.environment:checking '/home/dung/ros_ws/install/myrobot_controller/lib/pkgconfig/myrobot_controller.pc'
[2.251s] Level 1:colcon.colcon_core.environment:checking '/home/dung/ros_ws/install/myrobot_controller/lib/python3.10/site-packages'
[2.251s] Level 1:colcon.colcon_core.environment:checking '/home/dung/ros_ws/install/myrobot_controller/bin'
[2.251s] INFO:colcon.colcon_core.shell:Creating package script '/home/dung/ros_ws/install/myrobot_controller/share/myrobot_controller/package.ps1'
[2.252s] INFO:colcon.colcon_core.shell:Creating package descriptor '/home/dung/ros_ws/install/myrobot_controller/share/myrobot_controller/package.dsv'
[2.256s] INFO:colcon.colcon_core.shell:Creating package script '/home/dung/ros_ws/install/myrobot_controller/share/myrobot_controller/package.sh'
[2.258s] INFO:colcon.colcon_core.shell:Creating package script '/home/dung/ros_ws/install/myrobot_controller/share/myrobot_controller/package.bash'
[2.262s] INFO:colcon.colcon_core.shell:Creating package script '/home/dung/ros_ws/install/myrobot_controller/share/myrobot_controller/package.zsh'
[2.263s] Level 1:colcon.colcon_core.environment:create_file_with_runtime_dependencies(/home/dung/ros_ws/install/myrobot_controller/share/colcon-core/packages/myrobot_controller)
[2.265s] Level 1:colcon.colcon_core.environment:create_environment_scripts_only(my_robot_msgs)
[2.265s] Level 1:colcon.colcon_core.environment:checking '/home/dung/ros_ws/install/my_robot_msgs' for CMake module files
[2.266s] DEBUG:colcon.colcon_core.event_handler.log_command:Invoked command in '/home/dung/ros_ws/build/my_robot_msgs' returned '0': CMAKE_PREFIX_PATH=${CMAKE_PREFIX_PATH}:/home/dung/ros_ws/install/keyboard_teleop:/opt/ros/humble /usr/bin/cmake --install /home/dung/ros_ws/build/my_robot_msgs
[2.266s] Level 1:colcon.colcon_core.environment:checking '/home/dung/ros_ws/install/my_robot_msgs' for CMake config files
[2.266s] Level 1:colcon.colcon_core.shell:create_environment_hook('my_robot_msgs', 'cmake_prefix_path')
[2.267s] INFO:colcon.colcon_core.shell:Creating environment hook '/home/dung/ros_ws/install/my_robot_msgs/share/my_robot_msgs/hook/cmake_prefix_path.ps1'
[2.267s] INFO:colcon.colcon_core.shell:Creating environment descriptor '/home/dung/ros_ws/install/my_robot_msgs/share/my_robot_msgs/hook/cmake_prefix_path.dsv'
[2.268s] INFO:colcon.colcon_core.shell:Creating environment hook '/home/dung/ros_ws/install/my_robot_msgs/share/my_robot_msgs/hook/cmake_prefix_path.sh'
[2.269s] Level 1:colcon.colcon_core.environment:checking '/home/dung/ros_ws/install/my_robot_msgs/lib'
[2.269s] Level 1:colcon.colcon_core.shell:create_environment_hook('my_robot_msgs', 'ld_library_path_lib')
[2.269s] INFO:colcon.colcon_core.shell:Creating environment hook '/home/dung/ros_ws/install/my_robot_msgs/share/my_robot_msgs/hook/ld_library_path_lib.ps1'
[2.270s] INFO:colcon.colcon_core.shell:Creating environment descriptor '/home/dung/ros_ws/install/my_robot_msgs/share/my_robot_msgs/hook/ld_library_path_lib.dsv'
[2.270s] INFO:colcon.colcon_core.shell:Creating environment hook '/home/dung/ros_ws/install/my_robot_msgs/share/my_robot_msgs/hook/ld_library_path_lib.sh'
[2.270s] Level 1:colcon.colcon_core.environment:checking '/home/dung/ros_ws/install/my_robot_msgs/bin'
[2.270s] Level 1:colcon.colcon_core.environment:checking '/home/dung/ros_ws/install/my_robot_msgs/lib/pkgconfig/my_robot_msgs.pc'
[2.271s] Level 1:colcon.colcon_core.environment:checking '/home/dung/ros_ws/install/my_robot_msgs/lib/python3.10/site-packages'
[2.271s] Level 1:colcon.colcon_core.environment:checking '/home/dung/ros_ws/install/my_robot_msgs/bin'
[2.271s] INFO:colcon.colcon_core.shell:Creating package script '/home/dung/ros_ws/install/my_robot_msgs/share/my_robot_msgs/package.ps1'
[2.271s] INFO:colcon.colcon_core.shell:Creating package descriptor '/home/dung/ros_ws/install/my_robot_msgs/share/my_robot_msgs/package.dsv'
[2.272s] INFO:colcon.colcon_core.shell:Creating package script '/home/dung/ros_ws/install/my_robot_msgs/share/my_robot_msgs/package.sh'
[2.272s] INFO:colcon.colcon_core.shell:Creating package script '/home/dung/ros_ws/install/my_robot_msgs/share/my_robot_msgs/package.bash'
[2.272s] INFO:colcon.colcon_core.shell:Creating package script '/home/dung/ros_ws/install/my_robot_msgs/share/my_robot_msgs/package.zsh'
[2.275s] Level 1:colcon.colcon_core.environment:create_file_with_runtime_dependencies(/home/dung/ros_ws/install/my_robot_msgs/share/colcon-core/packages/my_robot_msgs)
[2.276s] Level 1:colcon.colcon_core.environment:create_environment_scripts_only(my_robot_msgs)
[2.276s] Level 1:colcon.colcon_core.environment:checking '/home/dung/ros_ws/install/my_robot_msgs' for CMake module files
[2.276s] Level 1:colcon.colcon_core.environment:checking '/home/dung/ros_ws/install/my_robot_msgs' for CMake config files
[2.277s] Level 1:colcon.colcon_core.shell:create_environment_hook('my_robot_msgs', 'cmake_prefix_path')
[2.277s] INFO:colcon.colcon_core.shell:Creating environment hook '/home/dung/ros_ws/install/my_robot_msgs/share/my_robot_msgs/hook/cmake_prefix_path.ps1'
[2.277s] INFO:colcon.colcon_core.shell:Creating environment descriptor '/home/dung/ros_ws/install/my_robot_msgs/share/my_robot_msgs/hook/cmake_prefix_path.dsv'
[2.278s] INFO:colcon.colcon_core.shell:Creating environment hook '/home/dung/ros_ws/install/my_robot_msgs/share/my_robot_msgs/hook/cmake_prefix_path.sh'
[2.278s] Level 1:colcon.colcon_core.environment:checking '/home/dung/ros_ws/install/my_robot_msgs/lib'
[2.278s] Level 1:colcon.colcon_core.shell:create_environment_hook('my_robot_msgs', 'ld_library_path_lib')
[2.279s] INFO:colcon.colcon_core.shell:Creating environment hook '/home/dung/ros_ws/install/my_robot_msgs/share/my_robot_msgs/hook/ld_library_path_lib.ps1'
[2.279s] INFO:colcon.colcon_core.shell:Creating environment descriptor '/home/dung/ros_ws/install/my_robot_msgs/share/my_robot_msgs/hook/ld_library_path_lib.dsv'
[2.279s] INFO:colcon.colcon_core.shell:Creating environment hook '/home/dung/ros_ws/install/my_robot_msgs/share/my_robot_msgs/hook/ld_library_path_lib.sh'
[2.279s] Level 1:colcon.colcon_core.environment:checking '/home/dung/ros_ws/install/my_robot_msgs/bin'
[2.280s] Level 1:colcon.colcon_core.environment:checking '/home/dung/ros_ws/install/my_robot_msgs/lib/pkgconfig/my_robot_msgs.pc'
[2.280s] Level 1:colcon.colcon_core.environment:checking '/home/dung/ros_ws/install/my_robot_msgs/lib/python3.10/site-packages'
[2.281s] Level 1:colcon.colcon_core.environment:checking '/home/dung/ros_ws/install/my_robot_msgs/bin'
[2.281s] INFO:colcon.colcon_core.shell:Creating package script '/home/dung/ros_ws/install/my_robot_msgs/share/my_robot_msgs/package.ps1'
[2.282s] INFO:colcon.colcon_core.shell:Creating package descriptor '/home/dung/ros_ws/install/my_robot_msgs/share/my_robot_msgs/package.dsv'
[2.282s] INFO:colcon.colcon_core.shell:Creating package script '/home/dung/ros_ws/install/my_robot_msgs/share/my_robot_msgs/package.sh'
[2.282s] INFO:colcon.colcon_core.shell:Creating package script '/home/dung/ros_ws/install/my_robot_msgs/share/my_robot_msgs/package.bash'
[2.283s] INFO:colcon.colcon_core.shell:Creating package script '/home/dung/ros_ws/install/my_robot_msgs/share/my_robot_msgs/package.zsh'
[2.285s] Level 1:colcon.colcon_core.environment:create_file_with_runtime_dependencies(/home/dung/ros_ws/install/my_robot_msgs/share/colcon-core/packages/my_robot_msgs)
[2.285s] INFO:colcon.colcon_ros.task.ament_python.build:Building ROS package in '/home/dung/ros_ws/src/keyboard_teleop' with build type 'ament_python'
[2.285s] Level 1:colcon.colcon_core.shell:create_environment_hook('keyboard_teleop', 'ament_prefix_path')
[2.285s] INFO:colcon.colcon_core.shell:Creating environment hook '/home/dung/ros_ws/install/keyboard_teleop/share/keyboard_teleop/hook/ament_prefix_path.ps1'
[2.286s] INFO:colcon.colcon_core.shell:Creating environment descriptor '/home/dung/ros_ws/install/keyboard_teleop/share/keyboard_teleop/hook/ament_prefix_path.dsv'
[2.286s] INFO:colcon.colcon_core.shell:Creating environment hook '/home/dung/ros_ws/install/keyboard_teleop/share/keyboard_teleop/hook/ament_prefix_path.sh'
[2.287s] INFO:colcon.colcon_core.shell:Skip shell extension 'powershell' for command environment: Not usable outside of PowerShell
[2.287s] DEBUG:colcon.colcon_core.shell:Skip shell extension 'dsv' for command environment
[2.575s] INFO:colcon.colcon_core.task.python.build:Building Python package in '/home/dung/ros_ws/src/keyboard_teleop'
[2.575s] INFO:colcon.colcon_core.shell:Skip shell extension 'powershell' for command environment: Not usable outside of PowerShell
[2.575s] DEBUG:colcon.colcon_core.shell:Skip shell extension 'dsv' for command environment
[2.961s] DEBUG:colcon.colcon_core.event_handler.log_command:Invoking command in '/home/dung/ros_ws/src/keyboard_teleop': CMAKE_PREFIX_PATH=/home/dung/ros_ws/install/my_robot_msgs:/home/dung/ros_ws/install/myrobot_controller:/home/dung/ros_ws/install/my_robot_utils:/home/dung/ros_ws/install/my_robot_planning:/home/dung/ros_ws/install/my_robot_navi:/home/dung/ros_ws/install/my_robot_motion:/home/dung/ros_ws/install/my_robot_mapping:/home/dung/ros_ws/install/my_robot_localization:/home/dung/ros_ws/install/my_robot_firmware:/home/dung/ros_ws/install/my_robot_bringup:/home/dung/ros_ws/install/my_robot_description LD_LIBRARY_PATH=/home/dung/ros_ws/install/my_robot_msgs/lib:/home/dung/ros_ws/install/my_robot_planning/lib:/home/dung/ros_ws/install/my_robot_motion/lib:/usr/lib/x86_64-linux-gnu/gazebo-11/plugins:/opt/ros/humble/opt/rviz_ogre_vendor/lib:/opt/ros/humble/lib/x86_64-linux-gnu:/opt/ros/humble/lib PYTHONPATH=/home/dung/ros_ws/build/keyboard_teleop/prefix_override:/usr/lib/python3/dist-packages/colcon_core/task/python/colcon_distutils_commands:/home/dung/ros_ws/install/keyboard_teleop/lib/python3.10/site-packages:${PYTHONPATH} /usr/bin/python3 -W ignore:setup.py install is deprecated -W ignore:easy_install command is deprecated setup.py egg_info --egg-base ../../build/keyboard_teleop build --build-base /home/dung/ros_ws/build/keyboard_teleop/build install --record /home/dung/ros_ws/build/keyboard_teleop/install.log --single-version-externally-managed install_data
[3.260s] Level 1:colcon.colcon_core.environment:checking '/home/dung/ros_ws/install/keyboard_teleop' for CMake module files
[3.261s] Level 1:colcon.colcon_core.environment:checking '/home/dung/ros_ws/install/keyboard_teleop' for CMake config files
[3.261s] DEBUG:colcon.colcon_core.event_handler.log_command:Invoked command in '/home/dung/ros_ws/src/keyboard_teleop' returned '0': CMAKE_PREFIX_PATH=/home/dung/ros_ws/install/my_robot_msgs:/home/dung/ros_ws/install/myrobot_controller:/home/dung/ros_ws/install/my_robot_utils:/home/dung/ros_ws/install/my_robot_planning:/home/dung/ros_ws/install/my_robot_navi:/home/dung/ros_ws/install/my_robot_motion:/home/dung/ros_ws/install/my_robot_mapping:/home/dung/ros_ws/install/my_robot_localization:/home/dung/ros_ws/install/my_robot_firmware:/home/dung/ros_ws/install/my_robot_bringup:/home/dung/ros_ws/install/my_robot_description LD_LIBRARY_PATH=/home/dung/ros_ws/install/my_robot_msgs/lib:/home/dung/ros_ws/install/my_robot_planning/lib:/home/dung/ros_ws/install/my_robot_motion/lib:/usr/lib/x86_64-linux-gnu/gazebo-11/plugins:/opt/ros/humble/opt/rviz_ogre_vendor/lib:/opt/ros/humble/lib/x86_64-linux-gnu:/opt/ros/humble/lib PYTHONPATH=/home/dung/ros_ws/build/keyboard_teleop/prefix_override:/usr/lib/python3/dist-packages/colcon_core/task/python/colcon_distutils_commands:/home/dung/ros_ws/install/keyboard_teleop/lib/python3.10/site-packages:${PYTHONPATH} /usr/bin/python3 -W ignore:setup.py install is deprecated -W ignore:easy_install command is deprecated setup.py egg_info --egg-base ../../build/keyboard_teleop build --build-base /home/dung/ros_ws/build/keyboard_teleop/build install --record /home/dung/ros_ws/build/keyboard_teleop/install.log --single-version-externally-managed install_data
[3.262s] Level 1:colcon.colcon_core.environment:checking '/home/dung/ros_ws/install/keyboard_teleop/lib'
[3.262s] Level 1:colcon.colcon_core.environment:checking '/home/dung/ros_ws/install/keyboard_teleop/bin'
[3.262s] Level 1:colcon.colcon_core.environment:checking '/home/dung/ros_ws/install/keyboard_teleop/lib/pkgconfig/keyboard_teleop.pc'
[3.262s] Level 1:colcon.colcon_core.environment:checking '/home/dung/ros_ws/install/keyboard_teleop/lib/python3.10/site-packages'
[3.262s] Level 1:colcon.colcon_core.shell:create_environment_hook('keyboard_teleop', 'pythonpath')
[3.262s] INFO:colcon.colcon_core.shell:Creating environment hook '/home/dung/ros_ws/install/keyboard_teleop/share/keyboard_teleop/hook/pythonpath.ps1'
[3.263s] INFO:colcon.colcon_core.shell:Creating environment descriptor '/home/dung/ros_ws/install/keyboard_teleop/share/keyboard_teleop/hook/pythonpath.dsv'
[3.263s] INFO:colcon.colcon_core.shell:Creating environment hook '/home/dung/ros_ws/install/keyboard_teleop/share/keyboard_teleop/hook/pythonpath.sh'
[3.264s] Level 1:colcon.colcon_core.environment:checking '/home/dung/ros_ws/install/keyboard_teleop/bin'
[3.264s] Level 1:colcon.colcon_core.environment:create_environment_scripts_only(keyboard_teleop)
[3.264s] INFO:colcon.colcon_core.shell:Creating package script '/home/dung/ros_ws/install/keyboard_teleop/share/keyboard_teleop/package.ps1'
[3.264s] INFO:colcon.colcon_core.shell:Creating package descriptor '/home/dung/ros_ws/install/keyboard_teleop/share/keyboard_teleop/package.dsv'
[3.265s] INFO:colcon.colcon_core.shell:Creating package script '/home/dung/ros_ws/install/keyboard_teleop/share/keyboard_teleop/package.sh'
[3.265s] INFO:colcon.colcon_core.shell:Creating package script '/home/dung/ros_ws/install/keyboard_teleop/share/keyboard_teleop/package.bash'
[3.265s] INFO:colcon.colcon_core.shell:Creating package script '/home/dung/ros_ws/install/keyboard_teleop/share/keyboard_teleop/package.zsh'
[3.266s] Level 1:colcon.colcon_core.environment:create_file_with_runtime_dependencies(/home/dung/ros_ws/install/keyboard_teleop/share/colcon-core/packages/keyboard_teleop)
[3.266s] DEBUG:colcon.colcon_parallel_executor.executor.parallel:closing loop
[3.267s] DEBUG:colcon.colcon_parallel_executor.executor.parallel:loop closed
[3.267s] DEBUG:colcon.colcon_parallel_executor.executor.parallel:run_until_complete finished with '0'
[3.267s] DEBUG:colcon.colcon_core.event_reactor:joining thread
[3.276s] INFO:colcon.colcon_core.plugin_system:Skipping extension 'colcon_notification.desktop_notification.terminal_notifier': Not used on non-Darwin systems
[3.276s] INFO:colcon.colcon_core.plugin_system:Skipping extension 'colcon_notification.desktop_notification.win32': Not used on non-Windows systems
[3.276s] INFO:colcon.colcon_notification.desktop_notification:Sending desktop notification using 'notify2'
[3.312s] DEBUG:colcon.colcon_core.event_reactor:joined thread
[3.313s] INFO:colcon.colcon_core.shell:Creating prefix script '/home/dung/ros_ws/install/local_setup.ps1'
[3.314s] INFO:colcon.colcon_core.shell:Creating prefix util module '/home/dung/ros_ws/install/_local_setup_util_ps1.py'
[3.316s] INFO:colcon.colcon_core.shell:Creating prefix chain script '/home/dung/ros_ws/install/setup.ps1'
[3.318s] INFO:colcon.colcon_core.shell:Creating prefix script '/home/dung/ros_ws/install/local_setup.sh'
[3.318s] INFO:colcon.colcon_core.shell:Creating prefix util module '/home/dung/ros_ws/install/_local_setup_util_sh.py'
[3.319s] INFO:colcon.colcon_core.shell:Creating prefix chain script '/home/dung/ros_ws/install/setup.sh'
[3.321s] INFO:colcon.colcon_core.shell:Creating prefix script '/home/dung/ros_ws/install/local_setup.bash'
[3.322s] INFO:colcon.colcon_core.shell:Creating prefix chain script '/home/dung/ros_ws/install/setup.bash'
[3.323s] INFO:colcon.colcon_core.shell:Creating prefix script '/home/dung/ros_ws/install/local_setup.zsh'
[3.324s] INFO:colcon.colcon_core.shell:Creating prefix chain script '/home/dung/ros_ws/install/setup.zsh'
